KEYID,COMPANY_NAME,COUNTRY,ENTITY_TYPE,WEBSITE,ID_Company,DUNS_NUMBER,PARTY_NAME,PARTY_COUNTRY,TOTAL_OPENINGS
a454d7afff0cacca4415f3d51847d5ff,AAM DO BRASIL LTDA.,Brazil,Subsidiary,www.aam.com,HH2026044766678,901314018,AAM DO BRASIL LTDA.,Brazil,100+
8a5db0c32cdcc8a36be883e4dcac581,AAM POLAND SP Z O O,Poland,,www.aam.com,HH2026044766678,367964843,AAM POLAND SP Z O O,Poland,50+
d3934fd27a72379c94e0c1f17a3e4d65,"AAON, Inc.",USA,Parent,www.aaon.com,HH2026194118642,194118642,"AAON, Inc.",USA,300+
a02a8535d327a812f132a107098203dd,ABBOTT (UK) HOLDINGS LIMITED,United Kingdom,Subsidiary,www.abbott.co.uk,HH2026985739356,237445189,ABBOTT (UK) HOLDINGS LIMITED,United Kingdom,2000+
6470c2c2940ababe1bedec02344f3e1b,ABBOTT LABORATORIES ARGENTINA S.A.,Argentina,Subsidiary,www.abbott.com,HH2026001307602,970002978,ABBOTT LABORATORIES ARGENTINA S.A.,Argentina,2000+
20309c34e03c3ea4ff16e0c628a1d01c,ABBOTT LABORATORIOS DO BRASIL LTDA,Brazil,Subsidiary,www.abbottbrasil.com.br,HH2026001307602,897250544,ABBOTT LABORATORIOS DO BRASIL LTDA,Brazil,2000+
d0f3f38b9d150d4be0b8a2076e38d4f4,ABBOTT PRODUCTS ROMANIA SRL,Romania,Subsidiary,www.abbott.com,HH2026001307602,565491700,ABBOTT PRODUCTS ROMANIA SRL,Romania,2000+
ae48655b2edf700773c1afd4f9b99e5b,"ABC Fitness Solutions, LLC",USA,Parent,www.abcfitness.com,HH2026194413977,194413977,"ABC Fitness Solutions, LLC",USA,24+
d1ad6a31c08271ab716b0083235c502c,ABSA BANK LTD,South Africa,Parent,www.absa.co.za,HH2026538415113,538415113,ABSA BANK LTD,South Africa,50+
b019a1f3c9e4a741c8b0e1aa88fd045a,ACADIAN AssET MANAGEMENT (AUSTRALIA) LIMITED,Australia,Subsidiary,www.acadian-asset.com,HH2026636485922,753622299,ACADIAN ASSET MANAGEMENT (AUSTRALIA) LIMITED,Australia,10
3e418441f2e273b19289d9648ca67b30,ACADIAN AssET MANAGEMENT (SINGAPORE) PTE LTD,Singapore,Subsidiary,www.acadian-asset.com,HH2026636485922,628448250,ACADIAN ASSET MANAGEMENT (SINGAPORE) PTE LTD,Singapore,10
8740ca096a1c666a110eda2eded81689,ACADIAN AssET MANAGEMENT (UK) LIMITED,United Kingdom,Subsidiary,www.acadian-asset.com,HH2026636485922,348450532,ACADIAN ASSET MANAGEMENT (UK) LIMITED,United Kingdom,10
e05a22201aa3165f78ae11d45da11629,ACCENTURE,France,,www.accenture.com,HH2026985015354,277686721,ACCENTURE,France,1000+
2f1d7f632c573f445b5e3e18363cf427,ACCENTURE AUSTRALIA PTY LIMITED,Australia,,www.accenture.com,HH2026985015354,741437248,ACCENTURE AUSTRALIA PTY LIMITED,Australia,1000+
052d85e9a242894421fc20945dbb0090,ACCENTURE COMPANY LIMITED,Thailand,Subsidiary,www.accenture.com,HH2026985015354,660775503,ACCENTURE COMPANY LIMITED,Thailand,1000+
bd8869f411f9efdbf3f7a9557d353e1c,ACCENTURE DO BRASIL LTDA,Brazil,,www.accenture.com,HH2026985015354,901217174,ACCENTURE DO BRASIL LTDA,Brazil,1000+
e9638affabee44259685347dace9835e,ACCENTURE INC,Norway,Subsidiary,www.accenture.com,HH2026671298567,346903952,ACCENTURE INC,Norway,1000+
2308372f5ff9bb087c0fa14a4730c1db,ACCENTURE MIDDLE EAST B. V.,Qatar,Subsidiary,www.accenture.com,HH2026985015354,534792978,ACCENTURE MIDDLE EAST B. V.,Qatar,1000+
baa9fb39396558616e349ae06284ced5,"ACCENTURE MOPNOPROSOPI ANONYMI ETAIREIA ORGANOSIS, PLIROFORIKIS KAI ANAPTYXIS EPICHEIRISEO",Greece,,www.accenture.com,HH2026985015354,499454978,"ACCENTURE MOPNOPROSOPI ANONYMI ETAIREIA ORGANOSIS, PLIROFORIKIS KAI ANAPTYXIS EPICHEIRISEO",Greece,1000+
72cad3731dd12e3a7c38b3390cbbecc8,ACCENTURE NZ LIMITED,New Zealand,Subsidiary,www.accenture.com,HH2026985015354,590298233,ACCENTURE NZ LIMITED,New Zealand,1000+
bcf9dbf7fa6c8ff9a72c5f409935ff4d,ACCENTURE PTE LTD,Singapore,,www.accenture.com,HH2026985015354,595311713,ACCENTURE PTE LTD,Singapore,1000+
aa44bb19c29ae5074b9a9f0a122bf266,ACCENTURE PUBLIC LIMITED COMPANY,Ireland,Parent,www.accenture.com,HH2026985015354,985015354,ACCENTURE PUBLIC LIMITED COMPANY,Ireland,1000+
09f7357d0ab342349dfcc89206412e7a,ACCENTURE S.R.L.,Argentina,Subsidiary,www.accenture.com.ar,HH2026985015354,970798435,ACCENTURE S.R.L.,Costa Rica,1000+
ab32ef453b64487e95fd205811c45351,ACCENTURE SAUDI ARABIA LIMITED,Saudi Arabia,Subsidiary,www.accenture.com,HH2026985015354,557855416,ACCENTURE SAUDI ARABIA LIMITED,Saudi Arabia,1000+
0e33efbc49a3b65a890650d1475beaa2,ACCENTURE SERVICE CENTER S.R.L.,Argentina,Subsidiary,www.accenture.com,HH2026985015354,978793388,ACCENTURE SERVICE CENTER S.R.L.,Argentina,1000+
a30e7473beaf9e35bb470ff5b41dd522,ACCENTURE SERVICES SRL,Romania,Subsidiary,www.accenture.com,HH2026985015354,567081279,ACCENTURE SERVICES SRL,Romania,1000+
c09b4b970bfcd8ab7a93770d50ef0abe,ACCENTURE SLU,Spain,,www.accenture.com,HH2026985015354,466798253,ACCENTURE SLU,Spain,1000+
834b51075a4d162959d1fa0aa4d61ea,ACCENTURE SOLUTIONS COMPANY LIMITED,Thailand,,www.accenture.com,HH2026985015354,659815781,ACCENTURE SOLUTIONS COMPANY LIMITED,Thailand,1000+
dacbe9464bc25a288a01f8c1dfdfe9ac,ACCENTURE SOLUTIONS PRIVATE LIMITED,India,,www.accenture.com,HH2026985015354,860417001,ACCENTURE SOLUTIONS PRIVATE LIMITED,India,1000+
bfcc2e370d9d618dc262e93b09efddbe,ACCENTURE SOLUTIONS SDN. BHD.,Malaysia,Subsidiary,www.accenture.com,HH2026985015354,894251334,ACCENTURE SOLUTIONS SDN. BHD.,Malaysia,1000+
d3f9852765ffac838cb791526155520a,ACCENTURE SONG BRAND CAPE TOWN (PTY) LTD,South Africa,Subsidiary,www.accenture.com,HH2026985015354,652936453,ACCENTURE SONG BRAND CAPE TOWN (PTY) LTD,South Africa,1000+
3a2e54e369bd7598704dbbdb01e51065,ACCENTURE SP Z O O,Poland,,www.accenture.com,HH2026985015354,422439851,ACCENTURE SP Z O O,Poland,1000+
4c43045b70e56b960fd2c89cb461e972,ACCENTURE TECHNOLOGY SOLUTIONS PERU S.R.L.,Peru,Subsidiary,www.accenture.com,HH2026985015354,934730556,ACCENTURE TECHNOLOGY SOLUTIONS PERU S.R.L.,Peru,1000+
f5ea74091681343dce576c94e538011,ACCENTURE TECHNOLOGY SOLUTIONS SRL,Italy,,www.accenture.com,HH2026985015354,629958971,ACCENTURE TECHNOLOGY SOLUTIONS SRL,Italy,1000+
c76e30b506e89b8db5af7a6ab698aa79,ACCEss BANK PLC,Nigeria,Parent,www.accessbankplc.com,HH2026534972294,534972294,ACCESS BANK PLC,Nigeria,35+
0ce14a36263619988325847551bfdf8b,ACCIONA AGUA SAU,Spain,Subsidiary,www.acciona.com,HH2026460112618,465463052,ACCIONA AGUA SAU,Spain,400+
385ca3ef4d7dca5056d0f91262811f5f,ACCIONA CONSTRUCCION SA.,Spain,Subsidiary,www.acciona.com,HH2026460112618,565066818,ACCIONA CONSTRUCCION SA.,Spain,400+
3c606ec07dd0b37b97203c72333eec7e,ACCIONA INDUSTRIAL BRASIL LTDA,Brazil,Independent,www.acciona.com.br,HH2026947527683,947527683,ACCIONA INDUSTRIAL BRASIL LTDA,Brazil,500+
93fcad694f804d304b50f225d69ab0ee,ACCIONA INFRASTRUCTURE AUSTRALIA PTY LTD,Australia,Subsidiary,www.acciona.com.au,HH2026460112618,743145369,ACCIONA INFRASTRUCTURE AUSTRALIA PTY LTD,Australia,500+
b72deee42268b9d4119fd92ff56b46aa,ACCOR AUSTRALIA & NEW ZEALAND HOSPITALITY PTY LIMITED,Australia,Subsidiary,www.accorhotels.com.au,HH2026275937654,750350761,ACCOR AUSTRALIA & NEW ZEALAND HOSPITALITY PTY LIMITED,Australia,30+
cf562cdf2415fcc6e1d1e2bf8bef75ae,ACCURAY JAPAN K.K.,Japan,Subsidiary,www.accuray.com,HH2026785961244,717640556,日本アキュレイ株式会社,Japan,30+
ef50de2efba5fdc2ae41f14e94bd01f8,ACHIEVEMENT FIRST PUBLIC CHARTER SCHOOLS-BROWNSVILLE,USA,Subsidiary,www.achievementfirst.org,HH2026159846042,21721333,ACHIEVEMENT FIRST PUBLIC CHARTER SCHOOLS-BROWNSVILLE,USA,100+
09d812407816a5476feed1a5880d7eaa,ACONEX PTY LTD,Australia,Subsidiary,www.aconex.com,HH2026144709193,758421077,ACONEX PTY LTD,Australia,
762a8226d54185e267f0065f80b45518,"ACQUIRE ASIA PACIFIC (MANILA), INC.",Philippines,Subsidiary,www.acquirebpo.com,HH2026752287789,721938835,"ACQUIRE ASIA PACIFIC (MANILA), INC.",Philippines,100+
ba7c83594dcbb983e52b399deeabde05,ACQUIRE INTELLIGENCE PTY LTD,Australia,Subsidiary,www.acquirebpo.com,HH2026752287789,753916667,ACQUIRE INTELLIGENCE PTY LTD,Australia,100+
36e4bed4166b3e4045b40f14fa44d46d,ACRE RESOURCES LIMITED,United Kingdom,Parent,www.acre.com,HH2026736291605,736291605,ACRE RESOURCES LIMITED,United Kingdom,1
3aec7bef45abb1d5c675bc33a0a017cf,ADAC Truckservice GmbH,Germany,Subsidiary,www.adac.de,HH2026316094903,537667578,ADAC Truckservice GmbH,Germany,4
d1dc3e2dbbbef7e4e12457edd07d3623,ADIDAS JAPAN K.K.,Japan,Subsidiary,www.adidas-group.jp,HH2026325739811,709376321,アディダスジャパン株式会社,Japan,50+
b428ab6afeeaa698c4d1c52f3cf2792a,ADTRAN NETWORKS INDIA PRIVATE LIMITED,India,Subsidiary,www.adtran.com,HH2026118761281,874104803,ADTRAN NETWORKS INDIA PRIVATE LIMITED,India,50+
39277f3890a37d58db3dfc05c43ec23,ADVANCED FMS AND SECURITY SERVICES PRIVATE LIMITED,India,,www.advancefms.com,HH2026874102407,874102407,ADVANCED FMS AND SECURITY SERVICES PRIVATE LIMITED,India,100+
02fe2fc40961379a6396999a93411b33,ADVENT DYESTUFFS AND CHEMICALS PRIVATE LIMITED,India,Parent,www.adventdyestuffs.com,HH2026918574901,918574901,ADVENT DYESTUFFS AND CHEMICALS PRIVATE LIMITED,India,2000+
c115676aea8f39cd1b969115c02cc949,AEGON ESPAÃ‘A SOCIEDAD ANONIMA DE SEGUROS Y REASEGUROS.,Spain,Subsidiary,www.aegon.es,HH2026726797198,462382524,AEGON ESPAÑA SOCIEDAD ANONIMA DE SEGUROS Y REASEGUROS.,Spain,35+
f6d5668b2a9022a7a0dbe1eafac88fbf,AIA AUSTRALIA LIMITED,Australia,Subsidiary,www.aia.com.au,HH2026663244126,753530674,AIA AUSTRALIA LIMITED,Australia,500+
56e68e31cfafdc44b8ef238ba8502a8e,AIA GENERAL BERHAD,Malaysia,Subsidiary,www.aia.com.my,HH2026663244126,865790919,AIA GENERAL BERHAD,Malaysia,500+
b74c11d6242f85088313a79f376ee5c2,AIA Group Limited,Hong Kong,Parent,www.aia.com,HH2026663244126,663244126,AIA Group Limited,Hong Kong,500+
c6a2e69fe55ee399b6db25475f64adac,AIA NEW ZEALAND LIMITED,New Zealand,Subsidiary,www.aia.co.nz,HH2026663244126,590282794,AIA NEW ZEALAND LIMITED,New Zealand,500+
cff254af4e7ece138d58bbe3907183af,AIG EUROPE SA SUCURSAL EN ESPA¥A.,Spain,Subsidiary,www.aig.com.es,HH2026044691103,468851119,AIG EUROPE SA SUCURSAL EN ESPAÑA.,Spain,500+
d1fa23fa91e1382df12a719289c37ae6,AIR LIQUIDE Deutschland GmbH,Germany,Subsidiary,www.airliquide.com,HH2026275260909,315129445,AIR LIQUIDE Deutschland GmbH,Germany,1000+
6608c017e4a4b3de5280df271a203fb3,AIR LIQUIDE POLSKA SP Z O O,Poland,Subsidiary,www.airliquide.com,HH2026275260909,422278812,AIR LIQUIDE POLSKA SP Z O O,Poland,
72192d303959c546c7d8ef1f8e1c5e26,AIR LIQUIDE UK LIMITED,United Kingdom,Subsidiary,www.airliquide.com,HH2026275260909,216833806,AIR LIQUIDE UK LIMITED,United Kingdom,
64aed30345eb146e0b0b3bcf8b929c94,AIRBUS AUSTRALIA PACIFIC LIMITED,Australia,Subsidiary,www.airbus.com,HH2026403284867,750234213,AIRBUS AUSTRALIA PACIFIC LIMITED,Australia,2000+
83cb45b61d91c1326a787c66086a2115,AIRBUS CYBERSECURITY SAS,France,Subsidiary,www.airbus-cyber-security.com,HH2026403284867,262299247,AIRBUS CYBERSECURITY SAS,France,2000+
97dd5efd231a3154e96554c4e8485b74,AIRBUS HELICOPTERS,France,Subsidiary,www.airbus.com,HH2026403284867,764608428,AIRBUS HELICOPTERS,France,2000+
49cc64dcab059de868abaa0f2a631cad,AIRBUS MOBILITY SAS,France,Subsidiary,www.airbus.com,HH2026403284867,502255818,AIRBUS MOBILITY SAS,France,2000+
5bd10f8bf862687892dba5f28f73e245,ALCOA INESPAL SL,Spain,Parent,www.alcoa.com,HH2026462090259,462090259,ALCOA INESPAL SL,Spain,100+
41908f05ee9a0d49c62b3c57b8e6f83f,ALCOA PORTLAND ALUMINIUM PTY LTD,Australia,Subsidiary,www.alcoa.com,HH2026080362431,753135474,ALCOA PORTLAND ALUMINIUM PTY LTD,Australia,100+
233c471b983f165bd60e711839f2b2d5,ALCON EYE CARE UK LIMITED,United Kingdom,Subsidiary,www.alcon.com,HH2026480259820,210353421,ALCON EYE CARE UK LIMITED,United Kingdom,300+
c4b239aa6424b026ee1257bac8e26db2,ALCON JAPAN LTD.,Japan,Subsidiary,www.alcon.co.jp,HH2026480259820,690729439,日本アルコン株式会社,Japan,300+
3b7f74e27070fd4583f3ec0309d74400,ALCON LABORATORIES HELLAS SOLE SHAREHOLDER CO. S.A.,Greece,Subsidiary,www.alcon.com,HH2026480259820,728567699,ALCON LABORATORIES HELLAS SOLE SHAREHOLDER CO. S.A.,Greece,300+
9ebb496331318bd5ed6e673cacbfb9f2,ALCON LABORATORIOS ARGENTINA S.A.,Argentina,Subsidiary,www.alcon.com,HH2026480259820,970261103,ALCON LABORATORIOS ARGENTINA S.A.,Argentina,300+
0104ba8b7ffe33cc30a90cb37621cb8c,ALCON WIRELESS PRIVATE LIMITED,India,Parent,www.alconwireless.co.in,HH2026863750789,863750789,ALCON WIRELESS PRIVATE LIMITED,India,300+
6352e011b500891e70bf51f0879738dd,ALEXION PHARMA INTERNATIONAL OPERATIONS LIMITED,Ireland,Subsidiary,www.alexion.com,HH2026230790719,985573659,ALEXION PHARMA INTERNATIONAL OPERATIONS LIMITED,Ireland,30+
6c885f65ac2b2e67418bcb06d99764a1,ALIAXIS RESEARCH & TECHNOLOGY,France,Subsidiary,www.aliaxis.com,HH2026373060388,382048544,ALIAXIS RESEARCH & TECHNOLOGY,France,200+
45771cdac4aa836f2fc3f78dd18acd23,ALIAXIS UK LIMITED,United Kingdom,Subsidiary,www.aliaxis.com,HH2026641172127,226577385,ALIAXIS UK LIMITED,United Kingdom,200+
f1f6739a7603d6a3c8fbd8992aeef4e2,ALLEGION INDIA PRIVATE LIMITED,India,Subsidiary,www.allegion.com,HH2026985572281,650726941,ALLEGION INDIA PRIVATE LIMITED,India,200+
c23a466bae30a17dfdc11c5870f8dae6,ALLIANCEBERNSTEIN LIMITED,United Kingdom,Subsidiary,www.alliancebernstein.com,HH2026079524072,763662541,ALLIANCEBERNSTEIN LIMITED,United Kingdom,100+
e6f4afd2c90c7e6285d8f276cd548408,ALPLA INDIA PRIVATE LIMITED,India,Subsidiary,www.alpla.com,HH2026303652283,858796608,ALPLA INDIA PRIVATE LIMITED,India,300+
725cd1666b489cf5eb63f5155473afb2,ALPLA TRADING SA (PTY) LTD,South Africa,,www.alpla.com,HH2026303652283,539077584,ALPLA TRADING SA (PTY) LTD,South Africa,300+
8087b5f05bb8efb8f6a8232ed54f8a84,ALTAMED LLC,USA,Subsidiary,www.altamed.org,HH2026083906024,64737447,ALTAMED LLC,USA,200+
cdac808a2c9f28049904479eefab5643,ALTIMETRIK INDIA PRIVATE LIMITED,India,Subsidiary,www.altimetrik.com,HH2026118497897,871787371,ALTIMETRIK INDIA PRIVATE LIMITED,India,8
efafa4ba7b70d5ead0e1269877599100,AMAL ASSET MANAGEMENT LIMITED,Australia,Parent,www.amal.com.au,HH2026751840968,751840968,AMAL ASSET MANAGEMENT LIMITED,Australia,10+
229b3b37c56abd5426641feca0d3d36c,AMANPULO,Philippines,Independent,www.aman.com,HH2026719526188,719526188,AMANPULO,Philippines,100+
891e7f843fc45753120664491e7b8fea,AMANSARA,Cambodia,Independent,www.aman.com,HH2026659701672,659701672,AMANSARA,Cambodia,100+
6d8635c0c610d0380591a5885db5f3b0,"AMERICAN EXPRESS INTERNATIONAL (NZ), INC",New Zealand,Independent,www.americanexpress.com,HH2026591455068,591455068,"AMERICAN EXPRESS INTERNATIONAL (NZ), INC",New Zealand,10
61ac8bca1aafe770bc5d7104202cadee,"AMGEN - BIO-FARMACÊUTICA, LDA",Portugal,Subsidiary,www.amgen.pt,HH2026039976196,454200452,"AMGEN - BIO-FARMACÊUTICA, LDA",Portugal,1000+
910b5ac26344636abf1c7534e60a7e5f,AMGEN BIOTECNOLOGIA DE ARGENTINA S.R.L.,Argentina,Subsidiary,www.amgen.com,HH2026039976196,979878282,AMGEN BIOTECNOLOGIA DE ARGENTINA S.R.L.,Argentina,50+
a18702fce1123f106aba92b1ac96f515,AMGEN BIOTECNOLOGICA S A S,Colombia,Subsidiary,www.AMGEN.COM,HH2026039976196,883132337,AMGEN BIOTECNOLOGICA S A S,Colombia,50+
e7146dfc8a650a93dcc9fc03309b2f42,AMGEN KOREA INC.,Korea,Subsidiary,www.amgen.co.kr,HH2026039976196,689845641,Amgen ltd,Korea,1000+
7a84e82fcfd9111036deb1cf1aac2739,AMGEN LIMITED,United Kingdom,Subsidiary,www.amgen.co.uk,HH2026039976196,503296196,AMGEN LIMITED,United Kingdom,1000+
8e6fa786a85001804cc43a2494e90cc2,AMGEN ROMANIA SRL,Romania,Independent,www.amgen.com,HH2026499625328,499625328,AMGEN ROMANIA SRL,Norway,50+
287a06c4422a8bec9fe88e23e2152579,AMGEN SINGAPORE MANUFACTURING PTE. LTD.,Singapore,Subsidiary,www.amgen.com.sg,HH2026599479978,659221522,AMGEN SINGAPORE MANUFACTURING PTE. LTD.,Singapore,1000+
66fbe7fe2e74a4423223e79e84854a98,AMGEN SOUTH AFRICA (PTY) LTD,South Africa,Subsidiary,www.amgen.com,HH2026039976196,539062606,AMGEN SOUTH AFRICA (PTY) LTD,South Africa,50+
aba1d5a5d5b0ef4dd5784030b2ad6841,AMITA HEALTH ALEXIAN BROTHERS HOSPICE SERVICES,USA,Independent,www.amitahealth.org,HH2026068776266,68776266,AMITA HEALTH ALEXIAN BROTHERS HOSPICE SERVICES,USA,400+
d8799109ba260cd6f64c223414270f0c,AML RIGHTSOURCE INDIA PRIVATE LIMITED,India,Subsidiary,www.amlrightsource.com,HH2026556550841,854518252,AML RIGHTSOURCE INDIA PRIVATE LIMITED,India,35+
879d49a67be08d31187daa4c633197eb,AMNEX INFOTECHNOLOGIES PRIVATE LIMITED,India,Parent,www.amnex.com,HH2026677318882,677318882,AMNEX INFOTECHNOLOGIES PRIVATE LIMITED,India,5
280ebc95052a3a745e3d44f5a5a7fde7,ANDELA KENYA LIMITED,Kenya,Independent,www.andela.com,HH2026851761057,851761057,ANDELA KENYA LIMITED,Kenya,15+
97cb5aea2c567197e2e6e53d736e6cbd,ANGLICAN COMMUNITY SERVICES,Australia,Parent,www.anglicare.org.au,HH2026750826323,750826323,ANGLICAN COMMUNITY SERVICES,Australia,50+
c4c76ffa1ce8438246590df72cae6e81,ANKURA CONSULTING (EUROPE) LIMITED,United Kingdom,Independent,www.ankura.com,HH2026345950302,345950302,ANKURA CONSULTING (EUROPE) LIMITED,United Kingdom,45+
40307205839fa6833802f8fcf3f0976d,ANTAI VENTURES S.L.,Spain,Parent,www.antaiventures.com,HH2026464640525,464640525,ANTAI VENTURES S.L.,Spain,5
b0fa2a9674b1dbf1eeb2ffb5e2c05a0d,ANTARES BRASIL INDUSTRIA E COMERCIO DE ALIMENTOS LTDA-EM RECUPERACAO JUDICIAL,Brazil,Parent,www.antaresbrasil.com.br,HH2026898416743,898416743,ANTARES BRASIL INDUSTRIA E COMERCIO DE ALIMENTOS LTDA-EM RECUPERACAO JUDICIAL,Brazil,24+
c08d9d91dd8754ffe1125f5dcaf6cc8a,ANZ OPERATIONS AND TECHNOLOGY,India,Independent,www.anz.com,HH2026863459591,863459591,ANZ OPERATIONS AND TECHNOLOGY,India,100+
e68b3918f9eed00e08c75e8cbbd048c5,APEX FUND SERVICES (SINGAPORE) PTE. LTD.,Singapore,Independent,www.apexfundservices.com,HH2026595118863,595118863,APEX FUND SERVICES (SINGAPORE) PTE. LTD.,Singapore,1000+
9ea2d40c7170686f066011a19977aa8e,APS BANK P.L.C.,Malta,Parent,www.apsbank.com.mt,HH2026366478506,366478506,APS BANK P.L.C.,Malta,7
40a8533bf5e21f818b2e27a49e5b1f13,APTAR FRANCE SAS,France,Subsidiary,www.aptar.com,HH2026805619681,382053361,APTAR FRANCE SAS,France,100+
ad22a6521ef1419225bde5165dc399d0,APTAR STELMI SAS,France,Subsidiary,www.aptar.com,HH2026805619681,276409893,APTAR STELMI SAS,France,100+
8bc6ee6d3a21f022be6cb0a64bcf63e6,APTIA GROUP INDIA PRIVATE LIMITED,India,Subsidiary,www.aptia-group.com,HH2026230711826,960987259,APTIA GROUP INDIA PRIVATE LIMITED,India,24+
295eb62edf4926c84af8bfc86ce6370,ARCADIA SHARE AND STOCK BROKERS PRIVATE LIMITED,India,,www.arcadiastock.com,HH2026676665024,676665024,ARCADIA SHARE AND STOCK BROKERS PRIVATE LIMITED,India,15+
ab3680b8a2d3bde3ffaca8aaca853f4f,ARCH GLOBAL SERVICES INC.,Philippines,Subsidiary,www.archgroup.com,HH2026875660904,724310024,ARCH GLOBAL SERVICES INC.,Philippines,100+
9a986476ed3869241d5feca5834cabbb,ARCH REINSURANCE EUROPE UNDERWRITING DAC,United Kingdom,Subsidiary,www.archgroup.com,HH2026875660904,218777664,ARCH REINSURANCE EUROPE UNDERWRITING DAC,United Kingdom,100+
b0bd8a22be945f149fba5ad0e32e8b71,ARCH UNDERWRITING AT LLOYD'S (AUSTRALIA) PTY LTD,Australia,Subsidiary,www.archinsurance.com.au,HH2026875660904,742739907,ARCH UNDERWRITING AT LLOYD'S (AUSTRALIA) PTY LTD,Australia,100+
2fc23784867ed2f594a542e32150686c,ARDO - CONSTRUTORA E PAVIMENTACAO LTDA,Brazil,Subsidiary,www.ardoconstrutora.com.br,HH2026903998394,898154367,ARDO - CONSTRUTORA E PAVIMENTACAO LTDA,Brazil,35+
21b5b1f413c051b6551a5ccd8c5951b7,ARIBA TECHNOLOGIES INDIA PRIVATE LIMITED,India,Subsidiary,www.ariba.com,HH2026316268655,918626292,ARIBA TECHNOLOGIES INDIA PRIVATE LIMITED,India,50+
d0c3b1a9c80caed3feb414423c16e979,ARJOHUNTLEIGH HEALTHCARE INDIA PRIVATE LIMITED,India,Subsidiary,www.arjohuntleigh.com,HH2026356488577,650455764,ARJOHUNTLEIGH HEALTHCARE INDIA PRIVATE LIMITED,India,35+
5933c6cb2a9a365d8ecaf5e3f6e27a91,ARKEMA,France,Parent,www.arkema.com,HH2026266873780,266873780,ARKEMA,France,100+
fd276dd2dabb44167635249bdcb3e1fe,ARKEMA CHEMICALS INDIA PRIVATE LIMITED,India,Subsidiary,www.arkema.com,HH2026266873780,859902836,ARKEMA CHEMICALS INDIA PRIVATE LIMITED,India,100+
b3bcc1cebffb95d3324fed09ac05f7f8,ARKEMA GmbH,Germany,Subsidiary,www.arkema.com,HH2026266873780,315628578,ARKEMA GmbH,Germany,100+
2b6b2c05a0e02fedd95467df6d7e9d4a,ARKEMA K.K.,Japan,Subsidiary,www.arkema.com,HH2026266873780,690663588,アルケマ株式会社,Japan,100+
eaefb70a96b475b7b2aa70210fc3a346,ARKEMA PTE. LTD.,Singapore,Subsidiary,www.arkema.com,HH2026266873780,894840391,ARKEMA PTE. LTD.,Singapore,100+
f246e7db4fe76dd916912d697cb9f41c,ARKEMA PTY LTD,Australia,Subsidiary,www.arkema.com,HH2026266873780,753508803,ARKEMA PTY LTD,Australia,100+
b43e881b71c83ca40161923fb8496c92,ARKEMA QUIMICA SA.,Spain,Subsidiary,www.arkema.com,HH2026266873780,513366955,ARKEMA QUIMICA SA.,Spain,100+
58b32f48002efa0f0b161f69fd8a1711,"ASC Engineered Solutions, LLC",USA,Parent,www.asc-es.com,HH2026154615095,154615095,"ASC Engineered Solutions, LLC",USA,50+
afa7ebd6efd740a025ff90874dae206c,ASHLAND (AUSTRALASIA) PTY. LTD.,Australia,Subsidiary,www.ashland.com,HH2026080333866,750626772,ASHLAND (AUSTRALASIA) PTY. LTD.,Australia,50+
81837894b6dc5b252a5628d3ddf8d9fc,ASHLAND COMERCIO DE ESPECIALIDADES QUIMICAS DO BRASIL LTDA,Brazil,Subsidiary,www.ashland.com,HH2026080333866,899344600,ASHLAND COMERCIO DE ESPECIALIDADES QUIMICAS DO BRASIL LTDA,Brazil,50+
042ac2f98b86c8ba978f4ec5a11fb6bd,ASHLAND INDUSTRIA DE INGREDIENTES DO BRASIL LTDA.,Brazil,Subsidiary,www.ashland.com,HH2026080333866,903245647,ASHLAND INDUSTRIA DE INGREDIENTES DO BRASIL LTDA.,Brazil,50+
d9d1f4b096a640f893a422b080261f0d,ASSURANT EMPLOYEE,USA,Independent,www.assurant.com,HH2026022530870,22530870,ASSURANT EMPLOYEE,USA,200+
a99de9395cf6b34c496839066277c2df,ASTERON LIFE LIMITED,New Zealand,Subsidiary,www.asteronlife.co.nz,HH2026745450949,590216305,ASTERON LIFE LIMITED,New Zealand,10+
8c9ed5cde3916921ec69a5b7b664952f,"ASTRO Studios, Inc.",USA,Subsidiary,www.astrostudios.com,HH2026118817383,112706622,"ASTRO Studios, Inc.",USA,100+
b91e8181de506edfd17b7e4bd0ab09ab,AURORA ENERGY RESEARCH LIMITED,United Kingdom,Subsidiary,www.auroraer.com,HH2026233855342,219307879,AURORA ENERGY RESEARCH LIMITED,United Kingdom,50+
b50c52a508b4ba5a4d0b5e6165ae0084,AUTOLIV DO BRASIL LTDA,Brazil,Subsidiary,www.autoliv.com,HH2026076854327,901218875,AUTOLIV DO BRASIL LTDA,Brazil,300+
010115597ea5e8092d7470e91924799a,AUTOLIV FRANCE,France,Subsidiary,www.autoliv.com,HH2026076854327,276165016,AUTOLIV FRANCE,France,300+
7ca8d7cac79568ca50f96f3bf9c546d7,AUTOLIV Ipari ‚s Kereskedelmi Korl tolt Feleloss‚g T rsas g,Hungary,Subsidiary,www.autoliv.com,HH2026076854327,401266978,AUTOLIV Ipari és Kereskedelmi Korlátolt Felelősségü Társaság,Hungary,300+
722901f977c056401b3738ee71bdb62f,AUTOLIV SOUTHERN AFRICA (PTY) LTD,South Africa,Subsidiary,www.autoliv.com,HH2026076854327,637026225,AUTOLIV SOUTHERN AFRICA (PTY) LTD,South Africa,300+
4f6fd73ed7f4006e13553860facfb665,AUTOLUS LIMITED,United Kingdom,Subsidiary,www.autolus.com,HH2026223659296,220233686,AUTOLUS LIMITED,United Kingdom,10+
78ef2e745d3f2790aa4491ed2cf6fd27,AUTOMATION ANYWHERE AUSTRALIA PTY. LTD.,Australia,Subsidiary,www.automationanywhere.com,HH2026801275731,744398741,AUTOMATION ANYWHERE AUSTRALIA PTY. LTD.,Australia,35+
31a39239fb387ce680d84c73f89c7a80,AUTOMATION ANYWHERE SOFTWARE PRIVATE LIMITED,India,Subsidiary,www.automationanywhere.com,HH2026801275731,874043913,AUTOMATION ANYWHERE SOFTWARE PRIVATE LIMITED,India,
d4281a7b34713980cded49e06e78dc77,AUTOMATION ANYWHERE SOUTH AFRICA (PTY) LTD,South Africa,Subsidiary,www.automationanywhere.com,HH2026801275731,557393971,AUTOMATION ANYWHERE SOUTH AFRICA (PTY) LTD,South Africa,35+
ac058ad74f767e300985351fcdd21597,AVAILITY INDIA PRIVATE LIMITED,India,Parent,www.availity.in,HH2026871420136,871420136,AVAILITY INDIA PRIVATE LIMITED,India,24+
e00f38002f70952220573a603aa7a56c,AVANADE UK LIMITED,United Kingdom,Subsidiary,www.avanade.com,HH2026985015354,220403344,AVANADE UK LIMITED,United Kingdom,500+
5af9b5243969eb261bd32146e5a456cf,AVEPOINT SINGAPORE PTE. LTD.,Singapore,Independent,www.avepoint.com,HH2026595215685,595215685,AVEPOINT SINGAPORE PTE. LTD.,Singapore,300+
f53bbe8adf193e94681970bfe739f401,AVERIS SDN. BHD.,Malaysia,Independent,www.averis.biz,HH2026894478218,894478218,AVERIS SDN. BHD.,Malaysia,30+
08bb20e0d794cd7c8eab421d7415abd4,AVERY DENNISON BANGLADESH LIMITED,Bangladesh,Subsidiary,www.averydennison.com,HH2026008256364,731571100,AVERY DENNISON BANGLADESH LIMITED,Bangladesh,400+
a155cbe023bd8b69fb1e8464866b67c6,AVERY DENNISON DO BRASIL LTDA,Brazil,Subsidiary,www.averydennison.com,HH2026008256364,897553970,AVERY DENNISON DO BRASIL LTDA,Brazil,400+
bc3986192bccef25b8f4081cd9fd331a,AVERY DENNISON SOUTH AFRICA (PTY) LTD,South Africa,Subsidiary,www.averydennison.com,HH2026008256364,538686762,AVERY DENNISON SOUTH AFRICA (PTY) LTD,South Africa,400+
a7f58dc536e0a39609421df11f5719a1,AVIAREPS AG,Germany,Subsidiary,www.aviareps.com,HH2026314379548,312707284,AVIAREPS AG,Germany,30+
c2bbb4a89509c5b49dbea04a0213e805,AVIS BUDGET GROUP PTY LIMITED,Australia,Subsidiary,www.avis.com.au,HH2026062506134,751433355,AVIS BUDGET GROUP PTY LIMITED,Australia,600+
78b95d52928b3469226d9727d2a02e7c,AWE PENSION TRUSTEES LIMITED,United Kingdom,Subsidiary,www.awe.co.uk,HH2026218112723,231171463,AWE PENSION TRUSTEES LIMITED,United Kingdom,20+
047fe36a088c17129ff313439522bb59,AWIN AG,Germany,Subsidiary,www.awin.com,HH2026315016345,329202340,AWIN AG,Germany,50+
ef1531bd66408470d44dd912c531d590,AWIN LTD,United Kingdom,Subsidiary,www.awin.com,HH2026315016345,220070291,AWIN LTD,United Kingdom,50+
e79529c666f78edc431c8dd578736d6d,AXEss VISION TECHNOLOGY,France,Parent,www.axessvisiontechnology.com,HH2026285985615,285985615,AXESS VISION TECHNOLOGY,France,2000+
acd74bade53c497bd29c81dbd6a6333f,AXICOM ITALIA SRL,Italy,Subsidiary,www.axicom.com,HH2026218784436,442966037,AXICOM ITALIA SRL,Italy,
af778f1196045b66296f6d2f8546b58e,"AXIS RE SE, Dublin, Zurich Branch",Switzerland,Subsidiary,www.axiscapital.com,HH2026875661266,482412819,"AXIS RE SE, Dublin, Zurich Branch",Switzerland,50+
689aedfdd8250d300aa25624601ea3d2,AYMING,France,Subsidiary,www.ayming.fr,HH2026371088292,640307450,AYMING,France,100+
3623c1c9d8c490beaa64d1f7da2dea66,AYVENS FINANCIAL SERVICES POLAND SP Z O O,Poland,Subsidiary,www.ayvens.com,HH2026275267813,422488267,AYVENS FINANCIAL SERVICES POLAND SP Z O O,Poland,200+
43fe4d85ee335caf2d3b87e0ffdbdd0b,AYVENS POLAND SP Z O O,Poland,Subsidiary,www.ayvens.com,HH2026275267813,422474242,AYVENS POLAND SP Z O O,Poland,200+
6a6bf3d7283668fa5231c93340101fc5,Aasen Sparebank,Norway,Parent,www.aasen-sparebank.no,HH2026518355540,518355540,Aasen Sparebank,Norway,600+
3f97d5148adc9dd992f183e5f9a703de,"Abaco Systems, Inc.",USA,Subsidiary,www.abaco.com,HH2026001345149,144585619,"Abaco Systems, Inc.",USA,
8a7341d8b254c641d8302cda26762c4d,Abax AS,Norway,Subsidiary,www.abax.com,HH2026346305735,671163431,Abax AS,Norway,10+
b1641d27b5d8de9bff0b86b09b790997,AbbVie SIA,Latvia,Subsidiary,www.abbvie.com,HH2026078458370,506070628,AbbVie SIA,Latvia,100+
abc156cc38bb7065aac1fc569f0f8925,Abbott Laboratories,Turkey,,www.abbott.com,HH2026001307602,78830808,Abbott Laboratories,Turkey,2000+
06c528a253cc27e6bfeead70dc41cc3e,Abbott Laboratories C.A.,Venezuela,Subsidiary,www.abbott.com,HH2026001307602,885354571,Abbott Laboratories C.A.,Venezuela,2000+
32d61110c03928ac67226492271eda5c,"Abbott Laboratories de M‚xico, S.A. de C.V.",Mexico,Subsidiary,www.abbott.com,HH2026001307602,810001602,"Abbott Laboratories de México, S.A. de C.V.",Mexico,2000+
a93378eab8ac3a6cf4a381aeaa965501,Abbott Laboratorios S.A.,Peru,Subsidiary,www.abbott.com,HH2026001307602,934255704,Abbott Laboratorios S.A.,Peru,2000+
5e93d32b2bc282879fbb582884060ad0,Abbvie Stemcentrx LLC,USA,Subsidiary,www.abbvie.com,HH2026078458370,809466811,Abbvie Stemcentrx LLC,USA,100+
95f0ffe8cdf52fe8b6ed6f30a3c4da8e,Abiomed Europe GmbH,Germany,Subsidiary,www.abiomed.com,HH2026001307081,331600374,Abiomed Europe GmbH,Germany,1000+
bf58fa5571d6ee197e9acbac05be1464,"Accel Entertainment, Inc.",USA,Parent,www.accelentertainment.com,HH2026081051754,81051754,"Accel Entertainment, Inc.",USA,24+
f6552f408523bf515b2178a6a66c70f5,Accenture (Luxembourg),Luxembourg,Subsidiary,www.accenture.com,HH2026985015354,400544839,Accenture (Luxembourg),Luxembourg,1000+
3d07f87dce383e8d380accc91230393d,Accenture A/S,Denmark,Subsidiary,www.accenture.com,HH2026985015354,305693582,Accenture A/S,Denmark,1000+
7d846e34568dcc299960f57e2a90d972,Accenture AB,Sweden,,www.accenture.com,HH2026985015354,632881715,Accenture AB,Sweden,1000+
ba8da5405e1ebaeaea89d53ebb10f2db,Accenture AG,Switzerland,,www.accenture.com,HH2026985015354,482015856,Accenture AG,Switzerland,1000+
c67fe6fc3aa17f7ccff361bd89a9cb36,Accenture Business Services For Utilities Inc,Canada,Subsidiary,www.accenture.com,HH2026985015354,201918518,Accenture Business Services For Utilities Inc,Canada,1000+
47dee2ea92dcbe7fc3018990ef6cdab5,Accenture C.A.,Venezuela,Subsidiary,www.accenture.com,HH2026985015354,885634386,Accenture C.A.,Venezuela,1000+
a1d35c97d1cf5d9ce0269b618929e16e,"Accenture Chile, Asesorias y Servicios Limitada",Chile,Subsidiary,www.accenture.com,HH2026985015354,980501084,"Accenture Chile, Asesorias y Servicios Limitada",Chile,1000+
cd864cc3ccb23dee9c0def22f7cace40,"Accenture Co., Ltd.",Taiwan,,www.accenture.com,HH2026985015354,656265618,"Accenture Co., Ltd.",Taiwan,1000+
4af38176eb609974e4d97f29705a33e1,Accenture GmbH,Austria,,www.accenture.com,HH2026985015354,326203346,Accenture GmbH,Austria,1000+
4ae88f15b26c73d803fb5650e8ae8f6d,"Accenture Infrastructure and Capital Projects, LLC",USA,Subsidiary,www.accenture.com,HH2026985015354,948491472,"Accenture Infrastructure and Capital Projects, LLC",USA,1000+
4c94680a6ae61d75ce6863817f6b8eab,Accenture Song Brand Germany GmbH,Germany,Subsidiary,www.accenture.com,HH2026985015354,313917015,Accenture Song Brand Germany GmbH,Germany,1000+
7a31c2828a51016cfef7157fb020dda0,"Accenture Technology Solutions - Slovakia, s.r.o.",Slovakia,Subsidiary,www.accenture.com,HH2026985015354,812905748,"Accenture Technology Solutions - Slovakia, s.r.o.",Hungary,1000+
85c931bee4023bd168170dbce66d4c1,"Accenture, s.r.o.",Slovakia,,www.accenture.com,HH2026985015354,366970189,"Accenture, s.r.o.",Slovakia,1000+
9c81df596c2d9fa147ea365f6eb60258,"Accor Mexico Hotels, S.A. de C.V.",Mexico,Subsidiary,www.accorhotels.com,HH2026275937654,812831254,"Accor Mexico Hotels, S.A. de C.V.",Mexico,50+
c930ab98f1fc755776c589a05dd21a4f,"Accraply, LLC",USA,Subsidiary,www.accraply.com,HH2026613009687,64792005,"Accraply, LLC",USA,300+
ec14235991c39bb6af06c1e523254814,Accuray Incorporated,USA,Parent,www.accuray.com,HH2026785961244,785961244,Accuray Incorporated,USA,30+
c4fedcdc7fa3c7f8a60a6951bf9aed88,Achievement First Apollo Charter School,USA,Subsidiary,www.achievementfirst.org,HH2026159846042,962498270,Achievement First Apollo Charter School,USA,100+
5733f7d65fc4328fec436a6ee0c4516f,"Achievement First, Inc.",USA,Parent,www.achievementfirst.org,HH2026159846042,159846042,"Achievement First, Inc.",USA,50+
c5e38b4e607279cba231812c79357c9c,"Acuity - Janus Global, LLC",USA,Parent,www.acuityinternational.com,HH2026605755651,605755651,"Acuity - Janus Global, LLC",USA,50+
55f14f106858e85682270209ea79e4b5,Adams State University,USA,Independent,www.adams.edu,HH2026040705899,40705899,Adams State University,USA,20+
9b95a695f00f8c1e1635299f463b5425,"Adtran, Inc.",USA,Subsidiary,www.adtran.com,HH2026118761281,147871412,"ADTRAN, INC.",USA,50+
5ca904ebb99fa8be637f91a21851e048,"Adventist Health System Georgia, Inc.",USA,Subsidiary,www.adventhealth.com,HH2026968341276,41222019,"Adventist Health System Georgia, Inc.",USA,2000+
3864c815341a52534366408201b69e6,Adventist Health System Sunbelt Healthcare Corporation,USA,,www.adventhealth.com,HH2026968341276,968341276,Adventist Health System Sunbelt Healthcare Corporation,USA,2000+
6b02fda31e79cc39b1c865aee92bec5c,"Agrisompo North America, Inc.",USA,Subsidiary,www.agrisompo.com,HH2026691004547,956545255,"Agrisompo North America, Inc.",USA,100+
e4802a52c7b48ccd7438ef1f359bb8a8,Agropur Cooperative,Canada,Parent,www.agropur.com,HH2026201985504,201985504,Agropur Cooperative,Canada,100+
337d1556117ce4273d2118305177cd12,Aig Europe S.a. Nuf,Norway,Subsidiary,www.aig.no,HH2026044691103,346541018,Aig Europe S.a. Nuf,Norway,500+
c09614d7f234081cc4a476101153685,Ail Corporation,USA,,www.ailife.com,HH2026605120559,605120559,Ail Corporation,USA,35+
d582f5ae044cf4b54430253b90c3de3e,"Aimmune Therapeutics, Inc.",USA,Subsidiary,www.aimmune.com,HH2026480708874,57562771,"Aimmune Therapeutics, Inc.",USA,500+
d79b9c2e9682fe7bd08d2da3be11f51,Air Transat A.T. Inc.,Canada,,www.airtransat.com,HH2026246771869,246769129,Air Transat A.T. Inc.,Canada,45+
cc71dc3396efc547bc2bf081032dcfdb,Airbus DS Airborne Solutions GmbH,Germany,Subsidiary,www.airbusds-airborne.com,HH2026403284867,342556447,Airbus DS Airborne Solutions GmbH,Germany,2000+
9091ad7746427f90c85b0dad2295681d,Airbus Defence And Space AS,Norway,Subsidiary,www.airbus.com,HH2026403284867,730372430,Airbus Defence And Space AS,Norway,2000+
0b59ca94a26221cdf6d331a569843502,Airbus Helicopters Canada Limited,Canada,Subsidiary,www.airbushelicopters.ca,HH2026403284867,244248969,Airbus Helicopters Canada Limited,Canada,1000+
07bc13df11eda18260b525fed0881768,"Airgas Usa, Llc",USA,Independent,www.airgas.com,HH2026117419293,117419293,"Airgas Usa, Llc",USA,400+
b612761be6ec932ebb7a4f4e420253cb,"Akron General Partners, Inc.",USA,Independent,www.akrongeneral.org,HH2026967849576,967849576,"Akron General Partners, Inc.",USA,2000+
e19539f8ed56efd269bc420234a51e9d,Alabama Dept of Senior Services,USA,Subsidiary,www.alabamaageline.gov,HH2026004027553,1746440,Alabama Dept of Senior Services,USA,2000+
9cb9cef4bf973b424998b12be47249b4,Alcoa Corporation,USA,Parent,www.alcoa.com,HH2026080362431,80362431,Alcoa Corporation,USA,100+
b64f571e9ab0d51ff0a8f298200b4bec,Alcoa Fjardaal sf.,Iceland,Subsidiary,www.alcoa.is,HH2026366479793,565449048,Alcoa Fjardaal sf.,Iceland,100+
f53a73c3b5d4f65d36d2ee580119d718,"Alcoa Recycling Company, Inc.",USA,Subsidiary,www.alcoa.com,HH2026049668189,185543824,"Alcoa Recycling Company, Inc.",USA,100+
63eda7a77a77b02e64e65998ba03b181,Alcon Ophthalmika GmbH,Austria,Subsidiary,www.alcon.at,HH2026480259820,302310560,Alcon Ophthalmika GmbH,Austria,300+
56820f02d644b30f07ece08844cfb640,Alcon Pharmaceutical del Peru S.A.,Peru,Subsidiary,www.alcon.com,HH2026480259820,934879453,Alcon Pharmaceutical del Peru S.A.,Peru,300+
ec880c7b5cbdbe6f58855ffa0ac70745,Alcon Pharmaceuticals Ltd,Switzerland,Subsidiary,www.alcon.com,HH2026480259820,484543140,Alcon Pharmaceuticals Ltd,Switzerland,300+
3abfb0a7656fe8c4b5fa6a39387fc857,Alexion Pharma GmbH,Switzerland,Subsidiary,www.alexion.com,HH2026230790719,484059030,Alexion Pharma GmbH,Mexico,30+
5c2efd3dd0ad9c6121c14f5b5a9ffab5,"Alfasigma USA, Inc.",USA,Subsidiary,www.alfasigmausa.com,HH2026446391380,79115380,"Alfasigma USA, Inc.",USA,10+
fcf59c36ae4b3e77ddcf6976619b4d6e,"Alignment Healthcare, Inc.",USA,Parent,www.alignmenthealth.com,HH2026117977688,117977688,"Alignment Healthcare, Inc.",USA,50+
35ed6b11dd1b4e2488ff89f40892add9,"Alliance Machine Systems International, LLC",USA,Subsidiary,www.alliancellc.com,HH2026613009687,967197682,"Alliance Machine Systems International, LLC",USA,300+
3a7d0e7d8d693af9eec6b67c701c5049,AllianceBernstein Corporation,USA,Subsidiary,www.alliancebernstein.com,HH2026079524072,75217356,AllianceBernstein Corporation,USA,100+
b1011cea5d07264220c1646af3bb9baa,Alliant Asset Management Company LLC,USA,Subsidiary,www.alliantcapital.com,HH2026963501510,806633350,Alliant Asset Management Company LLC,USA,20+
a2168f6c95fd87b428d5eb20a3a5a85a,"Allied Solutions, LLC",USA,Subsidiary,www.alliedsolutions.net,HH2026961552341,130383495,"Allied Solutions, LLC",USA,45+
a3f5041f73cfd83856918954857d5177,"Alpla Caribe, Inc.",USA,Subsidiary,www.alpla.com,HH2026303652283,90580671,"Alpla Caribe, Inc.",USA,300+
94c28b305ccb8e1adb4e36293df6ba96,Alpla Werke Alwin Lehner GmbH & Co KG,Austria,Subsidiary,www.alpla.com,HH2026303652283,300213154,Alpla Werke Alwin Lehner GmbH & Co KG,Austria,300+
79203ed404b8b26c065da24bea30811,Alstahaug Kommune,Norway,,www.alstahaug.kommune.no,HH2026730356649,730356649,Alstahaug Kommune,Norway,2000+
4192f1d7911236f9b23540d4d79bc976,Alten Belgium,Belgium,Subsidiary,www.alten.be,HH2026502875784,371665584,Alten Belgium,Belgium,
8e7c5e7bcd005384477eecfde7fea23a,"Alteryx, Inc.",USA,Parent,www.alteryx.com,HH2026015861677,15861677,"Alteryx, Inc.",USA,50+
40e019c547408bdf1fe1f359c7375ca3,Alton Memorial Hospital Foundation,USA,Parent,www.altonmemorialhospital.org,HH2026626478747,626478747,Alton Memorial Hospital Foundation,USA,500+
aa6cdb1ecd3e85ac3e386d97bbe78431,Ameren Corporation,USA,Parent,www.ameren.com,HH2026364138990,364138990,Ameren Corporation,USA,50+
4fd13e2e257171c59d3aa027bda0d2d5,"American Career College, Inc.",USA,Parent,www.americancareercollege.edu,HH2026089433650,89433650,"American Career College, Inc.",USA,20+
9dee857d882aca1c2587ff0cfa07bbab,"American Specialty Insurance & Risk Services, Inc.",USA,Subsidiary,www.americanspecialty.com,HH2026004429478,617653019,"American Specialty Insurance & Risk Services, Inc.",USA,
2748a1f1efa2f954af64dd490e487873,"Ameriprise Financial, Inc.",USA,Parent,www.ameriprise.com,HH2026006961957,6961957,"Ameriprise Financial, Inc.",USA,200+
8597c904f4b40fd855cfe1a281b8ed0d,Amerisure Mutual Insurance Company,USA,Parent,www.amerisure.com,HH2026006958565,6958565,Amerisure Mutual Insurance Company,USA,35+
a8ed4063bd374801b2aa1a19e0de1c31,Amgen (Europe) GmbH,Switzerland,Subsidiary,www.amgen.ch,HH2026039976196,482358397,Amgen (Europe) GmbH,Switzerland,1000+
6c768ccab3770df42128304522a2ac50,Amgen (Middle East) FZ-LLC,United Arab Emirates,Parent,www.amgen.com,HH2026561575841,561575841,Amgen (Middle East) FZ-LLC,United Arab Emirates,50+
555a226883588107dbb83a69790ba796,Amgen Canada Inc,Canada,Subsidiary,www.amgen.ca,HH2026039976196,248729444,Amgen Canada Inc,Canada,1000+
980619556a6882d1efa576719eb383bf,Amgen Manufacturing Limited LLC,USA,Subsidiary,www.amgen.com,HH2026039976196,785800020,Amgen Manufacturing Limited LLC,USA,50+
a515fd06b77bf3a5ef4980c232dcdb78,Amgen s.r.o.,Czech Republic,Subsidiary,www.amgen.cz,HH2026039976196,810616669,Amgen s.r.o.,Czech Republic,1000+
e20e466bcd69d3f2605de821a669b2da,"Amplify Education, Inc.",USA,Parent,www.amplify.com,HH2026015995710,15995710,"Amplify Education, Inc.",USA,
8ded0814e2d86c7a4711365769e35b0b,Andersen Corporation,USA,Parent,www.andersenwindows.com,HH2026006167332,6167332,Andersen Corporation,Japan,200+
547a17d3cd6d09b1b347e0fc9c6f63dc,Angst+Pfister International AG,Switzerland,Parent,www.angst-pfister.com,HH2026481376812,481376812,Angst+Pfister International AG,Switzerland,20+
2509c4034cf380991c065f59b885de15,Anicura AB,Sweden,Subsidiary,www.anicuragroup.com,HH2026003250685,350406170,Anicura AB,Sweden,100+
e890e8dc62cbe342278081460febcd58,Anord Mardix (USA) Inc.,USA,Subsidiary,www.anordmardix.com,HH2026595240953,79274000,Anord Mardix (USA) Inc.,USA,100+
d41a4cefed82363475f8741400c91a3a,"Aperion Care, Inc.",USA,Parent,www.aperioncare.com,HH2026790492743,790492743,"Aperion Care, Inc.",USA,100+
7a31f313b0dac3f3fe9624107b6d3888,"Apex Insurance Agency, LLC",USA,,www.apexinsurance.com,HH2026004429478,948074711,"Apex Insurance Agency, LLC",USA,
5c2b7ce67a24d55fd6b0bf63733ec54f,"Apogee Enterprises, Inc.",USA,Parent,www.apog.com,HH2026001962042,1962042,"Apogee Enterprises, Inc.",USA,100+
0d3bfe5ae15cd036e09fefbbee1adf36,Apollo Group OU,Estonia,Subsidiary,www.apollokino.ee,HH2026360004407,505825957,Apollo Group OU,Estonia,50+
58cd3885ab258c475b23d783dee2191b,Apollo Management Asia Pacific Limited,Hong Kong,Subsidiary,www.apollo.com,HH2026687195934,663321426,Apollo Management Asia Pacific Limited,Hong Kong,50+
d8a8d70a71c486545bad84d06f77b647,AppLike Group GmbH,Germany,Subsidiary,www.applike-group.com,HH2026329716781,343059938,AppLike Group GmbH,Germany,50+
5c6454cf9d5c9c9949a13c5481686782,"Applied Intuition, Inc.",USA,Parent,www.appliedintuition.com,HH2026079982428,79982428,"Applied Intuition, Inc.",USA,200+
50c12d0d391ea725db9ab8a9a2517590,"Aprio, LLP",USA,Parent,www.aprio.com,HH2026079367405,79367405,"Aprio, LLP",USA,100+
91a681245e1527e43e7b0bb4649d1a88,Aptar Freyung GmbH,Germany,Subsidiary,www.aptar.com,HH2026805619681,313746349,Aptar Freyung GmbH,Germany,100+
d3fee3a8764e9211c47d8c69bd585353,Aptar Mezzovico Sa,Switzerland,Subsidiary,www.aptar.com,HH2026805619681,481610905,Aptar Mezzovico Sa,Switzerland,100+
250cc2691b9a5488e4f39c2a4ea535ef,Aptar Radolfzell GmbH,Germany,Subsidiary,www.aptar.com,HH2026805619681,324867878,Aptar Radolfzell GmbH,Germany,100+
bb12036a1d3bfff7673e8244f0ed684c,"AptarGroup, Inc.",USA,Parent,www.aptar.com,HH2026805619681,805619681,"AptarGroup, Inc.",USA,100+
cf03175f231bbbb408c3e84f959e39c9,Aramark,USA,Parent,www.aramark.com,HH2026791072197,791072197,Aramark,Czech Republic,2000+
bd64ad8eef5782a9421ef37221ad5ca9,"Arbella Service Company, Inc.",USA,Subsidiary,www.arbella.com,HH2026199701434,59378195,"Arbella Service Company, Inc.",USA,45+
af2bab635886683feebff2502a41761c,"Arcadia Solutions, LLC",USA,Parent,www.arcadia.io,HH2026361348910,361348910,"Arcadia Solutions, LLC",USA,15+
20567d307c7ddd64ed8eca022a83df23,Ares Management Corporation,USA,Parent,www.aresmgmt.com,HH2026052018806,52018806,Ares Management Corporation,USA,200+
de8aa49643bf0b3a487d5d0ac29fde74,Arkansas Office of the Secretary of State,USA,Subsidiary,www.arkansashouse.org,HH2026065320400,188450779,Arkansas Office of the Secretary of State,USA,2000+
b074f919f4e766ca7551384eda2010a5,Arkema Delaware Inc.,USA,Subsidiary,www.arkema.com,HH2026266873780,622121697,Arkema Delaware Inc.,USA,100+
fed368767c309f9fb484d1ed7e727dc9,Arkema Inc.,USA,Subsidiary,www.arkema.com,HH2026266873780,2290773,Arkema Inc.,USA,100+
5651f238ffa5395049e80261cdf85bf2,"Armstrong World Industries, Inc.",USA,Parent,www.armstrong.com,HH2026001307792,1307792,"Armstrong World Industries, Inc.",USA,
95536387e665373600b24bbfdd6c9a07,Ascendis Pharma GmbH,Germany,Subsidiary,www.ascendispharma.de,HH2026073249799,331801477,Ascendis Pharma GmbH,Germany,50+
9ebab8d89486451428716c96923b201f,"Ascension Medical Group Via Christi, P.A.",USA,Subsidiary,www.ascension.org,HH2026078693230,73307498,"Ascension Medical Group Via Christi, P.A.",USA,400+
91bb70743c0cead4ad43d0793f48bc3c,Ashland Chemco Inc.,USA,Subsidiary,www.ashland.com,HH2026080333866,80635293,Ashland Chemco Inc.,Japan,50+
5e2d9b55b51138eb9c0535c0df6d8cd3,"Ashland Chemical de Mexico, S.A. de C.V.",Mexico,Subsidiary,www.ashland.com,HH2026080333866,811998152,"Ashland Chemical de México, S.A. de C.V.",Indonesia,50+
7c22a4031b4e913b55f25179bc08f362,Ashland Inc.,USA,Parent,www.ashland.com,HH2026080333866,80333866,Ashland Inc.,USA,50+
aa2cb4c4b72a4b854ecaa1193fa0410c,Asm Global,United Kingdom,Independent,www.asmglobal.com,HH2026213701239,213701239,Asm Global,United Kingdom,2000+
7aa2d17327332b28472239c5c5ccfa95,"Aspen Dental Management, Inc.",USA,Parent,www.aspendental.com,HH2026042089128,42089128,"Aspen Dental Management, Inc.",USA,100+
4a1006867f6314289a6f4ce1f12e0381,"Aspen RE America, Inc.",USA,Subsidiary,www.aspen.co,HH2026118509953,148371482,"Aspen RE America, Inc.",USA,100+
da1c14f10237fe4fc677653dce664d58,"Aspen Skiing Company, L.L.C.",USA,Parent,www.aspensnowmass.com,HH2026007969868,7969868,"Aspen Skiing Company, L.L.C.",USA,100+
41c525aca071a9d4aef926aaadd2bf5d,Aspen Specialty Insurance Company,USA,Subsidiary,www.aspen.co,HH2026118509953,829458293,Aspen Specialty Insurance Company,USA,100+
d521d810a768b9ae7e13abc35deb7087,"Aspire Health Partners, Inc.",USA,Parent,www.aspirehealthpartners.com,HH2026045613072,45613072,"Aspire Health Partners, Inc.",USA,50+
8c06443ad2b5cfa8c46aad34ac4fa9c7,AssA ABLOY OPENING SOLUTIONS ROMANIA S.R.L.,Romania,Subsidiary,www.assaabloy.com,HH2026354091019,366126659,ASSA ABLOY OPENING SOLUTIONS ROMANIA S.R.L.,Romania,300+
3d0ca0a81f9ea30570125fbcb284a488,"Assurant, Inc.",USA,Parent,www.assurant.com,HH2026052908241,52908241,"Assurant, Inc.",USA,100+
a835c570b6232a58e6c2d29e41731011,AstraZeneca Latvija SIA,Latvia,Subsidiary,www.astrazeneca.com,HH2026230790719,681879415,AstraZeneca Latvija SIA,Latvia,45+
d615fb6023dc0df9c59e40fa05663aff,Auberge Resorts LLC,USA,Parent,www.auberge.com,HH2026019065700,19065700,Auberge Resorts LLC,USA,10+
2a3e9a3cfff45f79ac68ffb689767c1,Audubon Commission,USA,,www.auduboninstitute.org,HH2026075062430,75062430,Audubon Commission,USA,35+
4a719f7a551e53b9eb440f1eced553ea,"Aurora Diagnostics, LLC",USA,Subsidiary,www.auroradx.com,HH2026751659442,800336385,"Aurora Diagnostics, LLC",USA,200+
3258be82b176c060d85e7626b89508cb,Aurora Energy Research GmbH,Germany,Subsidiary,www.auroraer.com,HH2026233855342,313815304,Aurora Energy Research GmbH,Germany,50+
32dccd047e2b59041a7a3d8aee53e092,"Autoliv, Inc.",USA,Parent,www.autoliv.com,HH2026076854327,76854327,"Autoliv, Inc.",USA,300+
ad1d47e6c74be8fb2b8cd57a14dc35cf,Automation Anywhere Korea LLC,Korea,Subsidiary,www.automationanywhere.com,HH2026801275731,695892223,Automation Anywhere Korea Llc,Korea,35+
886495fc0e932c5bea8fa480207ca249,"Automation Anywhere, Inc.",USA,Parent,www.automationanywhere.com,HH2026801275731,801275731,"Automation Anywhere, Inc.",USA,35+
67e550b2358a812bbf524d37c18aa1a7,"Avast Software, Inc.",USA,Parent,www.avast.com,HH2026024631904,24631904,"Avast Software, Inc.",USA,100+
b2f9bf7cee4e6a8d943f74b25fb5d588,"AvePoint, Inc.",USA,Subsidiary,www.avepoint.com,HH2026117190093,80555073,"AvePoint, Inc.",USA,300+
c6004b2db977fdc87ff0edbbb71da2d7,Avery Dennison B.V.,Netherlands,Subsidiary,www.averydennison.com,HH2026008256364,402204457,Avery Dennison B.V.,Netherlands,400+
4b2f2b36f62e1653cb27527ac0f7ea8d,Avery Dennison Canada Corporation,Canada,Subsidiary,www.averydennison.com,HH2026008256364,248917122,Avery Dennison Canada Corporation,Canada,400+
851b0c44d01f789dcd489c43cf066d63,Avery Dennison Corporation,USA,Parent,www.averydennison.com,HH2026008256364,8256364,Avery Dennison Corporation,USA,400+
474d8f6247729b1a7d92abde1b0e6cde,Avery Dennison Hong Kong B.V.,Netherlands,Subsidiary,www.averydennison.com,HH2026008256364,416502219,Avery Dennison Hong Kong B.V.,Netherlands,400+
a4678e33570d218c7ce616831258c753,Avery Dennison Materials Belgium,Belgium,Subsidiary,www.averydennison.com,HH2026008256364,370005738,Avery Dennison Materials Belgium,Belgium,400+
b531a07f03049a413da4ea4d0b078ba6,"Aviagen Group Holding, Inc.",USA,Subsidiary,www.aviagen.com,HH2026327678686,78645260,"Aviagen Group Holding, Inc.",USA,100+
931cc08023ce8060343fa474f4c523c2,Avigilon Corporation,Canada,Subsidiary,www.avigilon.com,HH2026001325463,243166662,Avigilon Corporation,Canada,500+
fb1a481c71944f2ecf18790c3d07d236,Avis Industrial Corporation,USA,Parent,www.avisindustrial.com,HH2026005354568,5354568,Avis Industrial Corporation,USA,600+
81a958dea57498aaeac595660dfc007e,Aviva Investors Canada Inc,Canada,Subsidiary,www.aviva.ca,HH2026505005942,201947392,Aviva Investors Canada Inc,Canada,100+
ffb96f47655e16e16bfbe4b5c800bbbd,"Avtec, LLC",USA,Subsidiary,www.avtecinc.com,HH2026001325463,98402266,"Avtec, LLC",USA,500+
524b1a3952f3a6a8405c70918781cb90,Axess Asset Integrity AS,Norway,Subsidiary,www.axessgroup.com,HH2026731316951,731110755,Axess Asset Integrity AS,Norway,2000+
5fcf25f73643a43c2f7c07e6867b9257,Axis Insurance Company,USA,Subsidiary,www.axiscapital.com,HH2026875661266,807884478,Axis Insurance Company,USA,50+
01d266378bccb92d1a485a59eb275b43,Axos Bank,USA,Subsidiary,www.axosbank.com,HH2026175307359,32719630,Axos Bank,USA,200+
4fb111e859cff342cb65dba42a10b331,BABEL SISTEMAS DE INFORMACION SL,Spain,Subsidiary,www.babelgroup.com,HH2026473059364,541163833,BABEL SISTEMAS DE INFORMACION SL,Spain,100+
9959c6c9c1dd2abba44f587e9e900a46,BAIN CAPITAL ADVISORS (INDIA) PRIVATE LIMITED,India,Subsidiary,www.baincapital.com,HH2026199882911,677389118,BAIN CAPITAL ADVISORS (INDIA) PRIVATE LIMITED,India,20+
67dcde7948fbc903fa574f4c222b8749,"BAIN CAPITAL, LTD.",United Kingdom,Subsidiary,www.baincapital.com,HH2026199882911,239289528,"BAIN CAPITAL, LTD.",United Kingdom,20+
2bf8c61d93821b2bfcb0e363f5ec309b,BANNER HEALTH,USA,,www.bannerfcu.org,HH2026071753982,80249495,BANNER HEALTH,USA,1000+
508e574e7b23c57c8c1b2e5afae878b1,BAPCOR LIMITED,Australia,Parent,www.bapcor.com.au,HH2026745929104,745929104,BAPCOR LIMITED,Australia,200+
a434df2c42aedeee63bbf658e0520ed0,BAPTIST HEALTH 1720 NICHOLASVILLE SIP,USA,Independent,www.baptisthealth.com,HH2026009431775,9431775,BAPTIST HEALTH 1720 NICHOLASVILLE SIP,USA,1000+
58a4c37dbd506596a4238da65723472c,BARCLAYS GLOBAL SERVICE CENTRE PRIVATE LIMITED,India,Subsidiary,www.barclays.in,HH2026210021531,676118377,BARCLAYS GLOBAL SERVICE CENTRE PRIVATE LIMITED,India,10
abb2c176f0be887aa8dcf8657d6e583a,BARING AssET MANAGEMENT LIMITED,United Kingdom,Subsidiary,www.barings.com,HH2026006956049,737136952,BARING ASSET MANAGEMENT LIMITED,United Kingdom,35+
7f3b38ce3c2ac37ba66572a1da51f47f,BARRY CALLEBAUT BRASIL INDUSTRIA E COMERCIO DE PRODUTOS ALIMENTICIOS LTDA,Brazil,Parent,www.barry-callebaut.com,HH2026897223194,897223194,BARRY CALLEBAUT BRASIL INDUSTRIA E COMERCIO DE PRODUTOS ALIMENTICIOS LTDA,Brazil,50+
64a8cc65cc6ec05671991c63e25d772,BAXTER INNOVATIONS AND BUSINESS SOLUTIONS PRIVATE LIMITED,India,,www.baxter.com,HH2026861179338,861179338,BAXTER INNOVATIONS AND BUSINESS SOLUTIONS PRIVATE LIMITED,India,100+
a24b15ce4680325d034fa52cd0910ebe,BAXTERSTOREY SCOTLAND LIMITED,United Kingdom,Independent,www.baxterstorey.com,HH2026216279360,216279360,BAXTERSTOREY SCOTLAND LIMITED,United Kingdom,500+
02a11dce0f8ce4043b022fda3a7d997a,BDO SERVICES LIMITED,United Kingdom,Subsidiary,www.bdo.co.uk,HH2026739247802,211794609,BDO SERVICES LIMITED,United Kingdom,50+
0ddb2f2005a41efba39b522a99cb306b,BECA GROUP LIMITED,New Zealand,Subsidiary,www.beca.com,HH2026593555696,591337662,BECA GROUP LIMITED,New Zealand,100+
20b1fe484d9a48958a0dad3fbff86481,BELMOND FINANCE SERVICES LIMITED,United Kingdom,Subsidiary,www.belmond.com,HH2026278145115,219756791,BELMOND FINANCE SERVICES LIMITED,United Kingdom,200+
dfbf4888be9932db669679a38f557a34,BESIX WATPAC PTY LTD,Australia,Subsidiary,www.besixwatpac.com.au,HH2026759327414,750248880,BESIX WATPAC PTY LTD,Australia,300+
24413ef6e64c01b326e38a4a4c8dc7a3,BFS finance GmbH,Germany,Subsidiary,www.bfs-finance.com,HH2026329716781,498989631,BFS finance GmbH,Germany,500+
aa695542754cbb8ae0ee4fe7e3ecc0fc,"BGB Communications, LLC",USA,Independent,www.bgbgroup.com,HH2026609992891,609992891,"BGB Communications, LLC",USA,35+
0031b1d448614130c447c97613c90163,BIG SANDY COMMUNITY COLLEGE,USA,Independent,www.bigsandy.kctcs.edu,HH2026097622094,97622094,BIG SANDY COMMUNITY COLLEGE,USA,1
7c5545baacc17c91e166d8b55d2617ba,BIGDUG LIMITED,United Kingdom,Subsidiary,www.bigdug.co.uk,HH2026315145086,737618947,BIGDUG LIMITED,United Kingdom,50+
97fd66c74d9c1eadb9e868b10276f1b3,BIOCLINICA JAPAN K.K.,Japan,Independent,www.bioclinica.com,HH2026691614018,691614018,バイオクリニカ・ジャパン株式会社,Japan,50+
f3cecfc5f90b304133ca0d938be98a65,BIOGEN BRASIL PRODUTOS FARMACEUTICOS LTDA,Brazil,Subsidiary,www.biogenidec.com.br,HH2026121376230,914589176,BIOGEN BRASIL PRODUTOS FARMACEUTICOS LTDA,Brazil,200+
a6dec824eed089e9f009c2f0328cdcdf,BIOGEN FRANCE,France,Subsidiary,www.biogen.com,HH2026121376230,776569956,BIOGEN FRANCE,France,200+
f668e35e309b3ac71827cf55e144f96,BIOGEN POLAND SP Z O O,Poland,,www.biogen.com,HH2026121376230,425759414,BIOGEN POLAND SP Z O O,Poland,200+
d17ac774cc5c6c63218a98be279eb94b,BIOGEN SPAIN SL.,Spain,Subsidiary,www.biogen.com,HH2026121376230,462414975,BIOGEN SPAIN SL.,Spain,200+
7335bae4bf239ea283dd905c665c279b,"BIOMAPAS, UAB",Lithuania,Parent,www.biomapas.com,HH2026366530652,366530652,"BIOMAPAS, UAB",Lithuania,10+
b541444dcdc025ab7fb65e196d362862,BIOMAS S.A.,Argentina,Subsidiary,www.biomas.net,HH2026371640248,971384086,BIOMAS S.A.,Argentina,50+
9d59b5a06debd4c99c4538b3ac2a5da,BLACKLINE SYSTEMS PTY LTD,Australia,,www.blackline.com,HH2026062450425,746723993,BLACKLINE SYSTEMS PTY LTD,Australia,100+
a8451d0a777c135d3d68fad0c577589f,BLUE CROss AND BLUE SHIELD OF NORTH CAROLINA SENIOR HEALTH,USA,Independent,www.bluecrossnc.com,HH2026011001296,11001296,BLUE CROSS AND BLUE SHIELD OF NORTH CAROLINA SENIOR HEALTH,USA,35+
fc99ce143e177e81bddf4ecfad727c1f,BNP PARIBAS,India,Subsidiary,www.bnpparibas.co.in,HH2026276676939,650093040,BNP PARIBAS,Portugal,200+
e002785c30f543fd268744d158443943,BNP PARIBAS TRUST CORPORATION UK LIMITED,United Kingdom,Subsidiary,www.bnpparibas.co.uk,HH2026263824976,220402932,BNP PARIBAS TRUST CORPORATION UK LIMITED,United Kingdom,100+
a749026c8b4f95fdee618aea554e9aa1,BOND TURNER LIMITED,United Kingdom,Subsidiary,www.bondturner.com,HH2026233775502,349752217,BOND TURNER LIMITED,United Kingdom,500+
8799e3fc2d06f2c300bf8fd552428923,BOSCH THERMOTECHNOLOGY LTD,United Kingdom,Subsidiary,www.bosch-homecomfortgroup.com,HH2026318280815,228424347,BOSCH THERMOTECHNOLOGY LTD,Japan,100+
f642e5df9760155bd1d3ac47d45fb5e2,BPM INDIA ADVISORY SERVICES PRIVATE LIMITED,India,Subsidiary,www.bpmcpa.com,HH2026129637948,860511713,BPM INDIA ADVISORY SERVICES PRIVATE LIMITED,India,50+
0e8ca83dee234b228f1e93163c4ba8e,BRG BRASIL GERADORES LTDA,Brazil,,www.brggeradores.com.br,HH2026630235269,897501119,BRG BRASIL GERADORES LTDA,Brazil,100+
a5a3af84429c6dea304bfdb89382b926,BRG GROUP JOINT STOCK COMPANY,Vietnam,Parent,www.brggroup.vn,HH2026555274831,555274831,BRG GROUP JOINT STOCK COMPANY,Vietnam,100+
b42504b641c9ba9e4ffe455ed49d18ee,BRG SERVICE LTDA,Brazil,Subsidiary,www.brgservice.com.br,HH2026627684168,902204084,BRG Service Ltda,Brazil,100+
c38406d7b873be29d0735f53f9cbd692,BRICKMAN GROUP,USA,Parent,www.brightview.com,HH2026122120827,122120827,BRICKMAN GROUP,USA,1000+
5744b63f5f356e02fcf9772ac9535960,BRIDGESTONE STARGARD SP Z O O,Poland,Subsidiary,www.bridgestone-stargard.pl,HH2026690553581,523001659,BRIDGESTONE STARGARD SP Z O O,Poland,24+
5325c35011fe39cd86543e85e220acbe,BRIGHTON COLLEGE DUBAI L.L.C,United Arab Emirates,Subsidiary,www.brightoncollege.ae,HH2026293410296,851153544,BRIGHTON COLLEGE DUBAI L.L.C,United Arab Emirates,200+
63acbfb27e799c739df23e148b4cedd7,BRINK'S SECURITY (THAILAND) LIMITED,Thailand,Subsidiary,www.brinks.com,HH2026659786610,659826879,BRINK'S SECURITY (THAILAND) LIMITED,Thailand,
251a02add577bc3aa0da3ed6002cbca7,BRINKS MAROC,Morocco,Subsidiary,www.brinks-maroc.com,HH2026006989081,354232690,BRINKS MAROC,Morocco,
f1373039df6d2cb414eb32b6c196e462,BRINKS SOUTHERN AFRICA (PTY) LTD,South Africa,Subsidiary,www.brinkdebruin.co.za,HH2026006989081,638155846,BRINKS SOUTHERN AFRICA (PTY) LTD,South Africa,
aaa7985029ef8d3a9d011fe5e230cc95,"BROOKFIELD FINANCIAL, LLC",USA,Subsidiary,www.brookfield.com,HH2026205271935,79139813,"BROOKFIELD FINANCIAL, LLC",USA,100+
819734aa618631f75584c90ab76286af,BROOKFIELD GLOBAL AssET MANAGEMENT LIMITED,United Kingdom,Subsidiary,www.brookfield.com,HH2026205271935,423809578,BROOKFIELD GLOBAL ASSET MANAGEMENT LIMITED,United Kingdom,100+
c6cfd10ada0a7d3bfd4642df0f18b212,BROOKFIELD PUBLIC SCHOOLS,USA,Independent,www.brookfield.k12.ct.us,HH2026079799472,79799472,BROOKFIELD PUBLIC SCHOOLS,USA,100+
3ff037d325db713de85bad5d0b730a43,BROOKFIELD RENEWABLE (OPERATING) INDIA PRIVATE LIMITED,India,Subsidiary,www.brookfieldrenewable.in,HH2026726754725,878245321,BROOKFIELD RENEWABLE (OPERATING) INDIA PRIVATE LIMITED,India,100+
de592b7fda4f76e22c7bf99eb09df0bf,BROOKPROP MANAGEMENT SERVICES PRIVATE LIMITED,India,Independent,www.brookfield.com,HH2026861360780,861360780,BROOKPROP MANAGEMENT SERVICES PRIVATE LIMITED,India,100+
2120f8c75125114882fb553e7b627d34,BROOKS AUTOMATION (SINGAPORE) PTE. LTD.,Singapore,Subsidiary,www.brooks.com,HH2026118595580,595459314,BROOKS AUTOMATION (SINGAPORE) PTE. LTD.,Singapore,50+
5e8632c5633f3e63811977ce491d9482,BROWN HARRIS STEVENS,USA,Parent,www.brownharrisstevens.com,HH2026032774828,32774828,BROWN HARRIS STEVENS,USA,100+
5078694575724aaf3170ef267744b93,BSN MEDICAL (AUST.) PTY LTD,Australia,,www.bsnmedical.com.au,HH2026356004804,741188932,BSN MEDICAL (AUST.) PTY LTD,Australia,300+
bcb96390ad47626afe133ad8d54d898e,BSN MEDICAL DISTRIBUTION LTD.,United Kingdom,Subsidiary,www.bsnmedical.com,HH2026356004804,423941017,BSN MEDICAL DISTRIBUTION LTD.,United Kingdom,300+
9c9fdcf9b93fc4eb6c91ca1d96ba03f5,BSN MEDICAL LTDA,Colombia,Parent,www.BSNMEDICAL.COM.CO,HH2026880859467,880859467,BSN MEDICAL LTDA,Colombia,300+
ee78a3e1f446d8e1aeb496c86ee75110,BURFORD SCHOOL,United Kingdom,Independent,www.burford.oxon.sch.uk,HH2026218412606,218412606,BURFORD SCHOOL,United Kingdom,200+
cc9ecf5616378877bbfa941551981124,Baader Bank Aktiengesellschaft,Germany,Subsidiary,www.baaderbank.de,HH2026329185255,327483640,Baader Bank Aktiengesellschaft,Germany,5
6ef90d577e852508cb216e69eb1d56d6,"Bain Capital, LP",USA,Parent,www.baincapital.com,HH2026199882911,199882911,"Bain Capital, LP",USA,20+
017e6f463be93d663f896f7d30266260,Banner Estrella Medical Center,USA,Subsidiary,www.bannerhealth.com,HH2026071753982,790943646,Banner Estrella Medical Center,USA,1000+
6197b2ad456601e559537073694bea2f,Banner Health System,USA,Subsidiary,www.bannerhealth.com,HH2026071753982,139104678,Banner Health System,USA,1000+
ff9f32c348b3c9cfff50bf6917390ab,Barings Real Estate Advisers LLC,USA,,www.barings.com,HH2026006956049,834426959,Barings Real Estate Advisers LLC,USA,35+
33fc54480c1bb8744bb7d71f2f5ca281,Barnard College,USA,Parent,www.barnard.edu,HH2026068119601,68119601,Barnard College,USA,45+
bbf5cd497be109991982914692616abf,Barry Callebaut South East Europe d.o.o.,Serbia,Subsidiary,www.barry-callebaut.com,HH2026484506480,506164232,Barry Callebaut South East Europe d.o.o.,Serbia,50+
7eeded3ebaa1d3bcc3c8002bb866a0ca,"Barry-Wehmiller Group, Inc.",USA,Parent,www.barrywehmiller.com,HH2026613009687,613009687,"Barry-Wehmiller Group, Inc.",USA,300+
cd44ce03c6dc6eb2a479ef7b30c8b53d,Bausch & Lomb Gesellschaft m.b.H.,Austria,Subsidiary,www.bausch.com,HH2026245141858,300176948,Bausch & Lomb Gesellschaft m.b.H.,Austria,24+
566d5772c6bdd852ab8e8e1b8f413c14,Bausch & Lomb Swiss AG,Switzerland,Subsidiary,www.bausch.com,HH2026245141858,481522514,Bausch & Lomb Swiss AG,Switzerland,24+
77044aebd481136cc7c0c74aff8a6c25,Bavarian Nordic A/S,Germany,,www.bavarian-nordic.com,HH2026310209754,305753208,Bavarian Nordic A/S,Germany,24+
dc771635178addbbb2a6d4aa9cea545c,Baxter International Inc.,USA,Parent,www.baxter.com,HH2026005146311,5146311,Baxter International Inc.,USA,100+
85ac820eb653b0a7f011518c64ac1cdd,Baxter Medical Products GmbH,Austria,Subsidiary,www.baxter.at,HH2026005146311,300446230,Baxter Medical Products GmbH,Austria,100+
5b4fcfbc1d307ddb61049419ef55d373,BeOne Medicines I GmbH,Switzerland,Subsidiary,www.beonemedicines.com,HH2026815589034,480199873,BeOne Medicines I GmbH,Switzerland,200+
821971d8267f61d99a955f98b846e39a,Becker GmbH Robot Equipment Automotive,Germany,Subsidiary,www.becker-robotic.de,HH2026314075256,333900876,Becker GmbH Robot Equipment Automotive,Germany,15+
ffe6e5f474e425c70c3526b6ada94e3a,Bentley University,USA,Parent,www.bentley.edu,HH2026065163503,65163503,Bentley University,USA,20+
f214a0af2ede64b1c00582cf3bd2d0f2,Berliner Volksbank eG,Germany,Parent,www.berliner-volksbank.de,HH2026323187732,323187732,Berliner Volksbank eG,Germany,50+
a8debf918f04e8224b5d2f98fd4f3bcb,"BetMGM, LLC",USA,Independent,www.betmgminc.com,HH2026118004026,118004026,"BetMGM, LLC",USA,10+
5b150778b178b48629f11595628a2184,Bethany Care Society,Canada,Parent,www.bethanyseniors.com,HH2026249290289,249290289,Bethany Care Society,Canada,50+
fe401788185fb098923668aee044db4c,"Bill Me Later, Inc.",USA,Subsidiary,www.billmelater.com,HH2026079809888,939664582,"Bill Me Later, Inc.",USA,50+
64fb6e5bb1c30bc4094294aa3e29c77f,"Bill Ussery Motors Body Shop, Inc.",USA,Parent,www.billusserycc.com,HH2026032572331,32572331,"Bill Ussery Motors Body Shop, Inc.",USA,50+
ecbe1c7e8ee0f773faf1245538f33942,"Bill.com, LLC",USA,Subsidiary,www.bill.com,HH2026117322988,24030825,"Bill.com, LLC",USA,50+
59ed6573253244a3c8a5bf6371b78cc,"BioPlus Specialty Pharmacy Services, LLC",USA,,www.bioplusrx.com,HH2026037955940,605432301,"BioPlus Specialty Pharmacy Services, LLC",USA,300+
6fbcf51a8c567d87291b43ca0995395a,BioVectra Inc,Canada,Subsidiary,www.biovectra.com,HH2026084963177,206302093,BioVectra Inc,Canada,300+
9ec75209a07be554c62e93b5cdeb2928,"BlackLine, Inc.",USA,Parent,www.blackline.com,HH2026062450425,62450425,"BlackLine, Inc.",USA,100+
ea596ef33e75c6b3727224fd385234dd,"Blend360, LLC",USA,Parent,www.blend360.com,HH2026117761455,117761455,"Blend360, LLC",USA,100+
d3a5407b5ac6e0c061eb289dd48e1495,"Bloomfield College Of Montclair State University, Inc.",USA,Parent,www.bloomfield.edu,HH2026010893428,10893428,"Bloomfield College Of Montclair State University, Inc.",USA,
fe39abcb86d34a89934b5da7a2afc065,"Bloomfield, Town Of (Inc)",USA,Parent,www.bloomfieldct.gov,HH2026081302119,81302119,"Bloomfield, Town Of (Inc)",USA,1000+
4e7083a8dd0a73c5e3c87ef66502c06f,Bora Pharmaceutical Laboratories Inc.,Taiwan,Subsidiary,www.bora-corp.com,HH2026658864350,656139511,益邦製藥股份有限公司,Taiwan,35+
450b568cf5444547f185e412b4d6e77f,Bosa Properties Inc,Canada,Parent,www.bosaproperties.com,HH2026255338659,255338659,Bosa Properties Inc,Canada,2
cd46c2023c18dba7ecc2684b614d2208,"Boston Dynamics, Inc.",USA,Subsidiary,www.bostondynamics.com,HH2026687746024,797866001,"Boston Dynamics, Inc.",USA,50+
7e09592b773b0a9dfbeb3a9f8947437,Bowie Independent School District,USA,,www.bowieisd.net,HH2026010477313,10477313,Bowie Independent School District,USA,35+
9af180ae5e71cf0aa7c26adec15f0888,"Breakthru Beverage Illinois, LLC",USA,Subsidiary,www.breakthrubev.com,HH2026080069044,80185802,"Breakthru Beverage Illinois, LLC",USA,200+
2c3ef7622bf9a6a2181935d3939d2ff2,Brg Entreprenør AS,Norway,Subsidiary,www.brgruppen.no,HH2026347699529,671132450,Brg Entreprenør AS,Norway,100+
07e62c18fcfee8cc9e6ecfc7ed03b432,BridgeBio Pharma LLC,USA,Subsidiary,www.bridgebio.com,HH2026117109644,80926919,BridgeBio Pharma LLC,USA,
9d63e072634384f22d5bcfbb0fb88218,"Brigham and Women's Faulkner Hospital, Inc.",USA,Subsidiary,www.brighamandwomensfaulkner.org,HH2026825636988,76569144,"Brigham and Women's Faulkner Hospital, Inc.",USA,2000+
9e893b340765608004015dc396d44247,"Brightly Software, Inc.",USA,Subsidiary,www.brightlysoftware.com,HH2026316067164,10971658,"Brightly Software, Inc.",USA,1000+
cb7b34ae30b2d9a07f4407bbeab4b855,Broadcom Netherlands B.V.,Netherlands,Subsidiary,www.broadcom.com,HH2026081331561,403510055,Broadcom Netherlands B.V.,Netherlands,300+
99cccede04b697143e7f0c304284e876,Brookfield Asset Management Ltd,Canada,Independent,www.brookfield.com,HH2026243283982,243283982,Brookfield Asset Management Ltd,Canada,100+
2f449ea2f8402ae700b1f84221b3365b,Brookfield Local School District,USA,Parent,www.brookfield.k12.oh.us,HH2026026623819,26623819,Brookfield Local School District,USA,100+
24205ff6265a4beb78367b8cf2d90bf5,Brookfield Properties (USA II) LLC,USA,Subsidiary,www.brookfieldproperties.com,HH2026205271935,827171765,Brookfield Properties (USA II) LLC,USA,24+
d056501d7ae4738e0a293a0e159536dd,"Brookfield Properties, LLC",USA,Parent,www.brookfieldproperties.com,HH2026068047995,68047995,"Brookfield Properties, LLC",USA,24+
cf85a799f637e5b12cd2a6adea9d85f5,Brookfield Renewable Energy Group Inc,Canada,Independent,www.brookfield.com,HH2026203307327,203307327,Brookfield Renewable Energy Group Inc,Canada,100+
46dfea99e896b3827e514071ab585d07,"Brooks Auto Parts, Inc.",USA,Parent,www.brooksautoparts.com,HH2026033690082,33690082,"Brooks Auto Parts, Inc.",USA,50+
e8e7331d31231f26c3b81141faee6b85,"Brooks Automation Taiwan Co., Ltd.",Taiwan,Subsidiary,www.brooks.com,HH2026118595580,658008664,Brooks Automation Ltd. TAIWAN HEADQUARTERS,Taiwan,50+
88891ebb9f38f648b869e5cd4c65669b,Broward College,USA,Subsidiary,www.broward.edu,HH2026004078374,76023225,Broward College,USA,24+
29de78b60cd734c9a54da1f831e0de79,Brown Advisory Incorporated,USA,Parent,www.brownadvisory.com,HH2026963506923,963506923,Brown Advisory Incorporated,USA,24+
621bd469d0407499b7507b43e9ddeee8,Brown University,USA,Parent,www.brown.edu,HH2026001785542,1785542,Brown University,USA,
0d94df53e27aaa81f2151ccbcd3d2802,Bucks County Community College,USA,Parent,www.bucks.edu,HH2026071623540,71623540,Bucks County Community College,USA,50+
38d32cbae4c42c1bc19a8505109152bc,Bumble Trading Inc.,USA,Subsidiary,www.bumble.com,HH2026117870884,70102356,Bumble Trading Inc.,USA,20+
b47cea0805834f04a6567b90a5b92568,"Burrell, Inc.",USA,Parent,www.burrellcenter.com,HH2026083124115,83124115,"Burrell, Inc.",USA,400+
f553d86fccc7496df72926e480ab1f6c,"Buy Buy Baby, Inc.",USA,Subsidiary,www.buybuybaby.com,HH2026058127986,927783845,"Buy Buy Baby, Inc.",USA,20+
560d830c851e13694887acc56f94858,CAE SIMULATION TECHNOLOGIES PRIVATE LIMITED,India,,www.cae.com,HH2026202131454,675883275,CAE SIMULATION TECHNOLOGIES PRIVATE LIMITED,India,300+
5d697526623fd65616e07c0e97e13048,CAMPUS STUDENTS COMMUNITIES PRIVATE LIMITED,India,Parent,www.campusville.in,HH2026860390136,860390136,CAMPUS STUDENTS COMMUNITIES PRIVATE LIMITED,India,15+
7676650ea8f6890dbdee12d5452166d7,CAN-PACK BRASIL INDUSTRIA DE EMBALAGENS LTDA.,Brazil,Parent,www.canpack.com,HH2026901174023,901174023,CAN-PACK BRASIL INDUSTRIA DE EMBALAGENS LTDA.,Brazil,100+
fad2431426290f45732b649948ec7298,CANPACK INDIA PRIVATE LIMITED,India,Subsidiary,www.canpack.co.in,HH2026422184439,916578806,CANPACK INDIA PRIVATE LIMITED,India,100+
8ab6c1ed6fae7c2150cf8fb8414b2ddb,CANPACK S A,Poland,Parent,www.canpack.com,HH2026422184439,422184439,CANPACK S A,Poland,100+
f1178828f817520f7c7a563cfe317b6c,CANPACK UK LIMITED,United Kingdom,Subsidiary,www.canpack.com,HH2026422184439,210138253,CANPACK UK LIMITED,United Kingdom,100+
9e05362263d8d1f38f48b2fda5dce0be,CAPITALAND COMMERCIAL MANAGEMENT PTE. LTD.,Singapore,Subsidiary,www.capitaland.com,HH2026595950213,937330012,CAPITALAND COMMERCIAL MANAGEMENT PTE. LTD.,Singapore,100+
5079128c6cbd920bb02324ebd1c7261a,CARAT FRANCE,France,Subsidiary,www.carat.com,HH2026690545991,777888942,CARAT FRANCE,France,500+
b79accd0907c565ab0d4fb535f1734aa,CARBAGAS AG,Switzerland,Subsidiary,www.carbagas.ch,HH2026275260909,480006378,CARBAGAS AG,Switzerland,
e3869ce1f8799c95005e94cb2e76c792,CDP WORLDWIDE,United Kingdom,Parent,www.cdp.net,HH2026737562038,737562038,CDP WORLDWIDE,United Kingdom,10+
d3a3a02f4bfbcb00085581a403e3cffd,CELAD,France,Subsidiary,www.celad.com,HH2026299939004,347338725,CELAD,France,100+
8891e22d733040668f1567b4d954d549,CELIGO INDIA PRIVATE LIMITED,India,Subsidiary,www.celigo.com,HH2026058028448,874058117,CELIGO INDIA PRIVATE LIMITED,India,20+
5949eedac2171ec73db528c2a4e6c5c2,CGG SERVICES (MALAYSIA) SDN. BHD.,Malaysia,Subsidiary,www.cgg.com,HH2026282579929,659310443,CGG SERVICES (MALAYSIA) SDN. BHD.,Malaysia,50+
a00747f912f95e0ae1128636a5b9623a,CGG Services (U.S.) Inc.,USA,Subsidiary,www.cgg.com,HH2026282579929,47843008,CGG Services (U.S.) Inc.,USA,50+
352fcb62833bb44b1af60f6f8d0ebcec,CGH Medical Center,USA,Parent,www.cghmc.com,HH2026063237440,63237440,CGH Medical Center,USA,50+
fa7d847566000f65b384a06bc2baa95b,CGM Clinical Deutschland GmbH,Germany,Subsidiary,www.cgm.com,HH2026373185006,388227555,CGM Clinical Deutschland GmbH,Austria,200+
74bc88e8cb4fa493c1c6add49643c68d,CHR INFORMATICA SOLUCOES & TECNOLOGIA LTDA,Brazil,Independent,www.chr.net.br,HH2026897353269,897353269,CHR INFORMATICA SOLUCOES & TECNOLOGIA LTDA,Brazil,100+
e4023f276947bf8a4f747fa59e4c6d6,CHRISTCHURCH INTERNATIONAL AIRPORT LIMITED,New Zealand,,www.christchurchairport.co.nz,HH2026590322616,590401725,CHRISTCHURCH INTERNATIONAL AIRPORT LIMITED,New Zealand,2000+
a02b0d02f7e371036964b6986ac427f0,CHRISTIAN AID,United Kingdom,,www.christianaid.org.uk,HH2026850366397,850366397,CHRISTIAN AID,United Kingdom,50+
2d82c02076f2e77302c8cc8b9ab811cf,CHT Germany GmbH,Germany,Subsidiary,www.cht.com,HH2026312919042,341479780,CHT Germany GmbH,Germany,15+
6e8575b1c4f67a7b6b378b11d801e9f8,CHT R. BEITLICH CORPORATION,USA,Subsidiary,www.cht.com,HH2026312919042,55163885,CHT R. BEITLICH CORPORATION,USA,15+
2cc586e22b695167c8f9ae87ec8a023d,CHT Switzerland AG,Switzerland,Subsidiary,www.cht.com,HH2026312919042,480695311,CHT Switzerland AG,Switzerland,15+
5cd74076f7072cf88101ff769fa4073c,CHUBB BUSINEss SERVICES INDIA PRIVATE LIMITED,India,Subsidiary,www.chubb.com,HH2026484799395,738657532,CHUBB BUSINESS SERVICES INDIA PRIVATE LIMITED,India,24+
f4c7cec7bb9742eea0555701058098a4,CHURCHILL DOWNS INCORPORATED,USA,,www.churchilldownsincorporated.com,HH2026006945182,116965586,CHURCHILL DOWNS INCORPORATED,USA,400+
6922a5f191bb5b1fe0564cd215682ca3,"CIGNA HealthCare of Florida, Inc.",USA,Subsidiary,www.cigna.com,HH2026081161936,108944554,"CIGNA HealthCare of Florida, Inc.",USA,2000+
97024d1b537bb958c7808c9b41ea47ef,CLARKE ENERGY FRANCE,France,Subsidiary,www.clarke-energy.com,HH2026231164292,572828007,CLARKE ENERGY FRANCE,France,200+
0d7dc47cd76a6336a3937726968d9665,CLARKE ENERGY INDIA PRIVATE LIMITED,India,Subsidiary,www.clarke-energy.com,HH2026231164292,917959603,CLARKE ENERGY INDIA PRIVATE LIMITED,India,200+
3967129b52c2b2fc6ed5dab49e08b75a,CLEAR CREEK COUNTY ADVOCATES,USA,Parent,www.clearcreekcounty.us,HH2026153475777,153475777,CLEAR CREEK COUNTY ADVOCATES,USA,30+
853caab6de5ec242965d3b4357c46d66,CLIFFORD CHANCE,Australia,Independent,www.cliffordchance.com,HH2026754933828,754933828,CLIFFORD CHANCE,Australia,200+
648b2a7b8006d332f8ae8e6f712caf89,CLIFFORD CHANCE INTERNATIONAL LLP QFC BRANCH,Qatar,Subsidiary,www.cliffordchance.com,HH2026211021762,557771455,CLIFFORD CHANCE INTERNATIONAL LLP QFC BRANCH,Qatar,200+
d35562c250e21fc85d837bcbeab641a6,CLIFFORD CHANCE LIMITED,Hong Kong,Independent,www.cliffordchance.com,HH2026664963691,664963691,CLIFFORD CHANCE LIMITED,Hong Kong,200+
d89b0b47aaf1f6d0fe49cd4bf8cc1afc,CLIFFORD CHANCE PTE. LTD.,Singapore,Subsidiary,www.cliffordchance.com,HH2026211021762,894780360,CLIFFORD CHANCE PTE. LTD.,Singapore,200+
8734c3521bb2fe2ac9a4a9923022c369,CLIFFORD CHANCE SLP,Spain,Parent,www.cliffordchance.com,HH2026478524101,478524101,CLIFFORD CHANCE SLP,Spain,200+
b0e76bcc2f193b5077128e76ed36944,CLINCHOICE PRIVATE LIMITED,India,,www.clinchoice.com,HH2026872253738,872253738,CLINCHOICE PRIVATE LIMITED,India,50+
94cb6964dc75ccb4657f6fbfcdf272c8,"CLINTON COMMUNITY COLLEGE FOUNDATION, INC.",USA,Subsidiary,www.clinton.edu,HH2026041002973,82273855,"CLINTON COMMUNITY COLLEGE FOUNDATION, INC.",USA,6
4ce47ddc985b49209586c01b6503a7da,CLOUDFACTORY HOLDINGS LIMITED,United Kingdom,Parent,www.cloudfactory.com,HH2026223005162,223005162,CLOUDFACTORY HOLDINGS LIMITED,United Kingdom,50+
cadcfde78d36ff84287c58fa2ae43c0,CLYDE & CO IRELAND,Ireland,,www.clydeco.com,HH2026986063502,986063502,CLYDE & CO IRELAND,Ireland,
a7e897b9585eca295d8be7c6f98fa33c,CLYDE & CO LLP,United Kingdom,Parent,www.clydeco.com,HH2026219541641,219541641,CLYDE & CO LLP,United Kingdom,
55e8c4659c6a76f3a1f8951a1ccc6617,CLYDE AND CO LLP,Qatar,Subsidiary,www.clydeco.com,HH2026236226379,557876040,CLYDE AND CO LLP,Qatar,100+
71b85b11035cd4b83035e5e739b1dec,CLYDE PNEUMATIC CONVEYING LTD,United Kingdom,,www.clydepc.co.uk,HH2026355793241,737221630,CLYDE PNEUMATIC CONVEYING LTD,United Kingdom,
a98eaac46e1c9d78b9b5506ef6c20dd8,CMC MARKETS NZ LIMITED,New Zealand,Subsidiary,www.cmcmarkets.co.nz,HH2026738909329,593358851,CMC MARKETS NZ LIMITED,New Zealand,50+
887a8826d005b6379d081625b929ffd2,"CNO Financial Group, Inc.",USA,Parent,www.cnoinc.com,HH2026052360161,52360161,"CNO Financial Group, Inc.",USA,20+
32776f783100d34db1313b404660a829,COCHLEAR MIDDLE EAST FZ LLC,United Arab Emirates,Independent,www.cochlear.com,HH2026851080481,851080481,COCHLEAR MIDDLE EAST FZ LLC,United Arab Emirates,50+
3f2a181f2a96380b0b109f796fc4fb06,COCOBLU RETAIL LIMITED,India,Subsidiary,www.cocoblu.in,HH2026860241861,913827914,COCOBLU RETAIL LIMITED,India,6
63f73c2888f70016316d08efecc03d43,COGNIZANT SERVICOS DE TECNOLOGIA E SOFTWARE DO BRASIL LTDA,Brazil,Subsidiary,www.cognizant.com,HH2026799901301,898662158,COGNIZANT SERVICOS DE TECNOLOGIA E SOFTWARE DO BRASIL LTDA,Brazil,1000+
ec30c7406d9cc3693f3d9bf9a91d233e,COHERENT SERVICES VIETNAM LIMITED LIABILITY COMPANY,Vietnam,Subsidiary,www.coherent.com,HH2026055529333,556697500,COHERENT SERVICES VIETNAM LIMITED LIABILITY COMPANY,Vietnam,24+
3cc87a3c0a35d2e293a51edce968a787,COLGATE - PALMOLIVE (THAILAND) LIMITED,Thailand,Subsidiary,www.colgatepalmolive.co.th,HH2026001344381,659662076,COLGATE - PALMOLIVE (THAILAND) LIMITED,Thailand,20+
30833cca1972fa99ac5670e59d1892d7,COLGATE PALMOLIVE,Cameroon,,www.colgatepalmolive.com,HH2026001344381,362864098,COLGATE PALMOLIVE,Cameroon,20+
03ca824d051d806eb7500fb6c8e75d40,COLGATE PALMOLIVE (HELLAS) MONOPROSOPI ANONYMI VIOMICHANIKI KAI EMPORIKI ETAIREIA,Greece,Subsidiary,www.colgate.com.gr,HH2026001344381,423034974,COLGATE PALMOLIVE (HELLAS) MONOPROSOPI ANONYMI VIOMICHANIKI KAI EMPORIKI ETAIREIA,Greece,20+
d85683c3d5ed494da4998075411b3de4,COLGATE PALMOLIVE (ZAMBIA) LTD,Zambia,Subsidiary,www.colgatepalmolive.com,HH2026001344381,558801254,COLGATE PALMOLIVE (ZAMBIA) LTD,Zambia,20+
3f5fca249709fea7569f778b7e2423eb,COLGATE PALMOLIVE ESPAnA SOCIEDAD ANONIMA,Spain,Subsidiary,www.colgate.es,HH2026001344381,462003856,COLGATE PALMOLIVE ESPAÑA SOCIEDAD ANONIMA,Spain,20+
eadace9994519bab2fe41c84ccc20f25,COLGATE PALMOLIVE MANUFACTURING POLAND SP Z O O,Poland,Subsidiary,www.colgate.pl,HH2026001344381,524937331,COLGATE PALMOLIVE MANUFACTURING POLAND SP Z O O,Poland,20+
ba276eff4926265d98f3e582766766a2,COLGATE PALMOLIVE MAROC,Morocco,Subsidiary,www.colgate.com,HH2026001344381,643375769,COLGATE PALMOLIVE MAROC,Morocco,20+
6878569832dd9a7aa7c7da35c5dff5e5,COLGATE-PALMOLIVE ARGENTINA S.A.,Argentina,Subsidiary,www.colgate.com.ar,HH2026001344381,971241229,COLGATE-PALMOLIVE ARGENTINA S.A.,Argentina,20+
96c45e26f1dda3bd045822e602a166e6,COLGATE-PALMOLIVE LIMITED,New Zealand,Subsidiary,www.colgatepalmolive.com,HH2026001344381,760014514,COLGATE-PALMOLIVE LIMITED,New Zealand,20+
2052e5df19fab61f8929ba044e1fbb8a,COLLEGE ENTRANCE EXAMINATION BOARD,Canada,,www.collegeboard.org,HH2026072805831,44877471,COLLEGE ENTRANCE EXAMINATION BOARD,Canada,45+
f5bdefb09033db9264acc9051f8a1466,COLLEGE OF POLICING LIMITED,United Kingdom,Parent,www.college.police.uk,HH2026218614491,218614491,COLLEGE OF POLICING LIMITED,United Kingdom,
60dc84b76460ea2f9a39c1e1b11e6a14,COLLIERS INTERNATIONAL FRANCE,France,Subsidiary,www.colliers.com,HH2026202596169,767152432,COLLIERS INTERNATIONAL FRANCE,France,200+
e4d15bc3f3ae56a8d1eac25e936a1aef,COLLIERS INTERNATIONAL SPAIN SOCIEDAD LIMITADA.,Spain,Subsidiary,www.colliers.com,HH2026202596169,862975385,COLLIERS INTERNATIONAL SPAIN SOCIEDAD LIMITADA.,Spain,200+
8f42a44310c1640d47f6dd2d079ddcb4,COLLIERS INTL REMS BRASIL ADMINISTRACAO IMOBILIARIA LTDA,Brazil,Subsidiary,www.colliers.com.br,HH2026573315601,899856362,COLLIERS INTL REMS BRASIL ADMINISTRACAO IMOBILIARIA LTDA,Brazil,200+
5bc6c749fc1b3028694932dd94895d32,COMMUNITY BRANDS SOFTWARE DEVELOPMENT SOLUTIONS (INDIA) PRIVATE LIMITED,India,Subsidiary,www.communitybrands.com,HH2026081177389,874054472,COMMUNITY BRANDS SOFTWARE DEVELOPMENT SOLUTIONS (INDIA) PRIVATE LIMITED,India,
5dd5d4bdb67f668e9f279e902ccac400,"CONCENTRIX BRASIL TERCEIRIZACAO DE PROCEssOS, SERVICOS ADMINISTRATIVOS E TECNOLOGIA EMPRESARIAL LTDA.",Brazil,Subsidiary,www.concentrix.com,HH2026079309922,914779660,"Concentrix Brasil Terceirização de Processos, Serviços Administrativos e Tecnologia Empresarial Ltda",Brazil,1000+
77b91872709ca4b2cb58855848c9144,CONCENTRIX CVG (MAURITIUS) LTD,Mauritius,,www.concentrix.com,HH2026079309922,851746786,CONCENTRIX CVG (MAURITIUS) LTD,Mauritius,1000+
3e8d8ad2b185373a14d5fd6766545b8,CONCENTRIX CVG CMG UK LIMITED,United Kingdom,,www.concentrix.com,HH2026079309922,736805024,CONCENTRIX CVG CMG UK LIMITED,United Kingdom,1000+
8159111ca2fc8a7b97b340a9a5368c3,CONCENTRIX CVG IRELAND LIMITED,Ireland,,www.concentrix.com,HH2026079309922,896756033,CONCENTRIX CVG IRELAND LIMITED,Ireland,1000+
ed6c921ce9c31d51b26a6c72700c2df,CONCENTRIX CVG SERVICES SINGAPORE PTE. LTD.,Singapore,,www.convergys.com,HH2026079309922,595171634,CONCENTRIX CVG SERVICES SINGAPORE PTE. LTD.,Singapore,1000+
572c7220ef4832fc02378df04adad23b,CONCENTRIX CX UK LIMITED,United Kingdom,Subsidiary,www.concentrix.com,HH2026079309922,216977105,CONCENTRIX CX UK LIMITED,United Kingdom,1000+
447c7717ac55a1544ebfb4e8db145bc0,CONCENTRIX DAKSH SERVICES INDIA PRIVATE LIMITED,India,Subsidiary,www.concentrix.com,HH2026079309922,918445859,CONCENTRIX DAKSH SERVICES INDIA PRIVATE LIMITED,India,1000+
9ae40a96396d62a890e28874e4a135c5,"CONCENTRIX LISBOA, UNIPEssOAL, LDA",Portugal,Subsidiary,www.concentrix.com,HH2026079309922,338185235,"CONCENTRIX LISBOA, UNIPESSOAL, LDA",Portugal,1000+
bb261990fd13ef97a7a76f0f7adf4672,CONCENTRIX SERVICES (NEW ZEALAND) LIMITED,New Zealand,Subsidiary,www.concentrix.com,HH2026079309922,595099613,CONCENTRIX SERVICES (NEW ZEALAND) LIMITED,New Zealand,1000+
94af77bea534ded09cbc9ddc79b95805,CONCENTRIX SERVICES (THAILAND) COMPANY LIMITED,Thailand,Subsidiary,www.concentrix.com,HH2026079309922,661680383,CONCENTRIX SERVICES (THAILAND) COMPANY LIMITED,Thailand,1000+
2c35705148697783660b695cd516f75f,CONCENTRIX SERVICES BULGARIA EOOD,Bulgaria,Subsidiary,www.concentrix.com,HH2026079309922,523719592,CONCENTRIX SERVICES BULGARIA EOOD,Bulgaria,1000+
2ef61ead6a3f5f484c9ca03042df3a34,"CONCENTRIX SERVICES PORTUGAL, SOCIEDADE UNIPEssOAL, LDA",Portugal,Subsidiary,www.concentrix.com,HH2026079309922,338039663,"CONCENTRIX SERVICES PORTUGAL, SOCIEDADE UNIPESSOAL, LDA",Portugal,1000+
9d364baeb7c4b1e80d5e3e58f4ad461e,CONCENTRIX SPAIN BUSINEss PROCEss OUTSOURCING S.L.,Spain,Subsidiary,www.concentrix.com,HH2026079309922,472695808,CONCENTRIX SPAIN BUSINESS PROCESS OUTSOURCING S.L.,Spain,1000+
ea4bb7d8121b5f0f4d284dfce5e00601,CONCENTRIX SPAIN NWE SERVICES SL.,Spain,Subsidiary,www.concentrix.com,HH2026079309922,464718909,CONCENTRIX SPAIN NWE SERVICES SL.,Spain,1000+
2edf7e979f492ca2f8e56a51b0b5991b,CONCENTRIX TECHNOLOGIES (INDIA) PRIVATE LIMITED,India,Subsidiary,www.concentrix.com,HH2026079309922,650789121,CONCENTRIX TECHNOLOGIES (INDIA) PRIVATE LIMITED,India,1000+
22a44352c7aac445d8c424e47339d470,CONCEPT GROUP LIMITED,United Kingdom,Subsidiary,www.concept-group.co.uk,HH2026117052210,229102157,CONCEPT GROUP LIMITED,United Kingdom,300+
fa95d3d925e1875d0e652f921f6c0e42,CONCUR TECHNOLOGIES (UK) LIMITED,United Kingdom,Subsidiary,www.concur.co.uk,HH2026316268655,525665634,CONCUR TECHNOLOGIES (UK) LIMITED,United Kingdom,24+
2d77854deb97934f719da208fbdde4b0,CONDE NAST PUBLICATIONS LIMITED(THE),United Kingdom,Subsidiary,www.condenast.com,HH2026001705839,210067427,CONDE NAST PUBLICATIONS LIMITED(THE),United Kingdom,100+
de69af2a45d3bc81cee6717596c7cd4,CONNING ASSET MANAGEMENT LIMITED,United Kingdom,,www.conning.com,HH2026428405864,236591199,CONNING ASSET MANAGEMENT LIMITED,United Kingdom,6
679755d31c52917d00586d9e77bbc2a8,COOPERVISION AUSTRALIA PTY LTD,Australia,Subsidiary,www.coopervision.net.au,HH2026024187130,751353459,COOPERVISION AUSTRALIA PTY LTD,Australia,24+
aa155490a7b853f3afef831c6ce77d0d,COOPERVISION LIMITED,United Kingdom,Subsidiary,www.coopervision.com,HH2026225360318,236902115,COOPERVISION LIMITED,United Kingdom,15+
6332c68a9be096d4ed4baea504af8941,COVESTRO (THAILAND) COMPANY LIMITED,Thailand,Subsidiary,www.covestro.com,HH2026231738508,661745865,COVESTRO (THAILAND) COMPANY LIMITED,Thailand,100+
6d2d9863fda7664767ab41f640b88d23,COVESTRO INDUSTRIA E COMERCIO DE POLIMEROS LTDA,Brazil,Parent,www.covestro.com,HH2026914760801,914760801,COVESTRO INDUSTRIA E COMERCIO DE POLIMEROS LTDA,Brazil,100+
9ba4faeb8730f80db2be225e14b10aee,COVESTRO SRL,Italy,Subsidiary,www.covestro.com,HH2026231738508,629821799,COVESTRO SRL,Italy,100+
ccc030ac5fd3301f8be4ad0323d12cf3,"CPA2BIZ, Inc.",USA,Subsidiary,www.cpa.com,HH2026046813507,16184777,"CPA2BIZ, Inc.",USA,5
c70ec95e401818b9d89bc9af7f86dd5f,CRANLEIGH SCHOOL,United Kingdom,Parent,www.cranleigh.org,HH2026235984148,235984148,CRANLEIGH SCHOOL,United Kingdom,5
f1db48457dbfa690229316c3b1c34975,"CRITICAL SOFTWARE, S.A.",Portugal,Subsidiary,www.criticalsoftware.com,HH2026338003045,449276489,"CRITICAL SOFTWARE, S.A.",Portugal,8
e4deee1c5be40f6cba650297259a73ae,CROWE MACRO BRASIL PARTICIPACOES E CONSULTORIA CONTABIL LTDA,Brazil,Parent,www.crowehorwathbrasil.com.br,HH2026912530623,912530623,CROWE MACRO BRASIL PARTICIPACOES E CONSULTORIA CONTABIL LTDA,Brazil,200+
958b40d33b7234c18073a27fb2f383ae,CROWN AGENTS BANK LIMITED,United Kingdom,Subsidiary,www.crownagentsbank.com,HH2026229776378,237133657,CROWN AGENTS BANK LIMITED,United Kingdom,10+
7f73c421dcd45110dcf1e787b18ee251,CROWN EMBALAGENS METALICAS DA AMAZONIA S/A,Brazil,Parent,www.crowncork.com,HH2026898984463,898984463,CROWN EMBALAGENS METALICAS DA AMAZONIA S/A,Brazil,200+
2ee2695ae4104abd15d46ace968791b5,CSL BEHRING S.A.,Argentina,Subsidiary,www.cslbehring.com,HH2026753243823,975795076,CSL BEHRING S.A.,Argentina,1000+
5c22a713f2218943d96b5aecb0b4cb0a,CSL Behring AG,Switzerland,Subsidiary,www.cslbehring.ch,HH2026753243823,481152762,CSL Behring AG,Switzerland,1000+
e179396b1c62b13b38c48299afbb2941,CSL Behring GmbH,Germany,Subsidiary,www.cslbehring.de,HH2026753243823,326530474,CSL Behring GmbH,Austria,100+
b10236e898114b871274ee9cdf253a63,CSL Behring Korlatolt Felelossegu Tarsasag,Hungary,Subsidiary,www.csl.com,HH2026753243823,366830492,CSL Behring Korlátolt Felelősségű Társaság,Hungary,1000+
6208f67af1ed79bf759459e88ea2c590,"CSM Companies, Inc.",USA,Parent,www.csmtruck.com,HH2026091777987,91777987,"CSM Companies, Inc.",USA,7
59069821fcbe207ec35b2bffed4af656,CUBIC TRANSPORTATION SYSTEMS LIMITED,United Kingdom,Subsidiary,www.cubic.com,HH2026458009321,225205681,CUBIC TRANSPORTATION SYSTEMS LIMITED,United Kingdom,100+
25bec99cfcd6878ae36487a096fb50d6,CVG SEATING (INDIA) PRIVATE LIMITED,India,Subsidiary,www.cvgrp.com,HH2026150146855,650677326,CVG SEATING (INDIA) PRIVATE LIMITED,India,50+
099154e5fdefdca2f137d937f0e67911,Cae AUSTRALIA PTY LTD,Australia,Subsidiary,www.cae.com,HH2026202131454,751895996,CAE AUSTRALIA PTY LTD,Australia,300+
d4bafc80206132886e15d248031c502d,"CalvertHealth Medical Center, Inc.",USA,Subsidiary,www.calverthealthmedicine.org,HH2026963916148,64871122,"CalvertHealth Medical Center, Inc.",USA,100+
3c611f755d9d0349c19ee09741b05210,"Cambia Health Solutions, Inc.",USA,Parent,www.cambiahealth.com,HH2026086900268,86900268,"Cambia Health Solutions, Inc.",USA,50+
484fd8f2b1f35d2c01c569ee25ded381,Campbell Company of Canada,Canada,Subsidiary,www.campbellsoup.ca,HH2026001288042,201610771,Campbell Company of Canada,Canada,300+
f354f6b2b268ae900d761e3ef6d330d2,"Cannon/Parkin, Inc.",USA,Subsidiary,www.cannondesign.com,HH2026067454850,131390838,"Cannon/Parkin, Inc.",USA,100+
850fc7459d5c2311541716068328233,"Capital Health System, Inc.",USA,,www.capitalhealth.org,HH2026064366065,64366065,"Capital Health System, Inc.",USA,500+
b2d1a91826181a0f96a81e9e6d2c4d96,Cardinal Path Inc,Canada,Subsidiary,www.cardinalpath.com,HH2026690545991,248506680,Cardinal Path Inc,Canada,500+
d21e6fc93c2a909813831fe526333b93,"Cardlytics, Inc.",USA,Parent,www.cardlytics.com,HH2026026347389,26347389,"Cardlytics, Inc.",USA,6
b9671171562878b3c8b37369810428a3,"Cardworks Servicing, LLC",USA,Subsidiary,www.cardworks.com,HH2026187557731,3552101,"Cardworks Servicing, LLC",USA,15+
7566bcf7cd1b136f898198442db5a98b,"Care.com, Inc.",USA,,www.care.com,HH2026117599106,956262567,"Care.com, Inc.",USA,50+
47ad40f6ba749a57b1c7cc7bda1db334,Carlisle LLC,USA,Subsidiary,www.carlislecorp.com,HH2026003005766,66169004,Carlisle LLC,USA,2000+
6911a1332608012788302329e0778a3d,"Carlyle Aviation Group, LLC",USA,Subsidiary,www.carlyle.aero,HH2026175406842,788877509,"Carlyle Aviation Group, LLC",USA,50+
3cc7d9f01754252e0f4f40b575ce2030,"Carmichael-Lynch, Inc.",USA,Subsidiary,www.carmichaellynch.com,HH2026147857429,22881817,"Carmichael-Lynch, Inc.",USA,1000+
a82e57c7bbd1d041f6332f514cf6cf48,CaseWare International Inc,Canada,Parent,www.caseware.com,HH2026252821194,252821194,CaseWare International Inc,Canada,50+
f11cd83079ba7d20bbdc4eeb5054a4d,Catapult Sports Inc.,USA,,www.catapult.com,HH2026748152993,62194274,Catapult Sports Inc.,USA,24+
bb2c587ecea6e322ffced281856da557,Caterpillar IRB LLC,USA,Subsidiary,www.caterpillar.com,HH2026005070479,118461619,Caterpillar IRB LLC,USA,100+
db203f892dd5b25c6705a9de1093db8e,Caterpillar of Canada Corporation,Canada,Subsidiary,www.cat.com,HH2026005070479,201777922,Caterpillar of Canada Corporation,Canada,2000+
75e1ada9dd950ae59f141670119f43ff,Cathedral High School,USA,Independent,www.cathedralhs.org,HH2026078622124,78622124,Cathedral High School,USA,2
7cf12e610ec9d765513cc74b4f8d17ac,Cathedral Of the Holy Cross Ch (In),USA,Independent,www.cathedralchristian.com,HH2026100910645,100910645,Cathedral Of the Holy Cross Ch (In),USA,2
fd03852c3af2f18bbefcc3a33cc3078a,Centific Global Technologies India Private Limited,India,Parent,www.centific.com,HH2026876875921,876875921,Centific Global Technologies India Private Limited,India,100+
274f8de4e706f570992c793407d81951,Century College,USA,Subsidiary,www.century.edu,HH2026064754757,807197199,Century College,USA,100+
6ab544d9b577b8ffcad957ec8aa814c,Chandler Instruments Company L.L.C.,USA,,www.chandlereng.com,HH2026001345149,13719166,Chandler Instruments Company L.L.C.,USA,
c59f9d4a07c572d4daa28d5cac41c48,Change Healthcare LLC,USA,,www.changehealthcare.com,HH2026112871561,80591158,Change Healthcare LLC,USA,15+
a1f887bbad5d82e0c894d4fa2f0707a5,Chatham Financial Corp.,USA,Parent,www.chathamfinancial.com,HH2026838295665,838295665,Chatham Financial Corp.,USA,20+
bcc34ee9892cd3b6782f9c8ff10749be,Cheplapharm Arzneimittel GmbH,Germany,Subsidiary,www.cheplapharm.com,HH2026331755269,329834878,Cheplapharm Arzneimittel GmbH,Germany,20+
9c0e4f03bff1ab65cd847bc69190db58,Children's National Medical Center,USA,Parent,www.childrensnational.org,HH2026606977783,606977783,Children's National Medical Center,USA,300+
ae5b98af8826b39efb00d15594e0ab38,Childrens Hospital Of Wisconsin Inc,USA,Subsidiary,www.childrenswi.org,HH2026157314618,73847261,Childrens Hospital Of Wisconsin Inc,USA,300+
ee183ed1ae7ce6c4f981849f791e67af,"Chinook Therapeutics, Inc.",USA,Subsidiary,www.chinooktx.com,HH2026485609796,829985857,"Chinook Therapeutics, Inc.",USA,500+
6abeeef34fc3d10c85a3dac2113dddef,Chubb Ina Holdings LLC,USA,Subsidiary,www.chubb.com,HH2026484799395,15252468,Chubb Ina Holdings LLC,USA,15+
fbbdeab5503de55369cfbbc7ee5bf594,Cicero Preparatory Academy,USA,Independent,www.ciceroprep.greatheartsamerica.org,HH2026079638686,79638686,Cicero Preparatory Academy,USA,100+
ccad6825b5e0ed4daa5a5ef841126d8d,"Citizen Watch Company of America, Inc.",USA,Subsidiary,www.citizenwatch.com,HH2026690570841,78822863,"Citizen Watch Company of America, Inc.",USA,2000+
66f23d3cf04e63b0b52b0c6855e49f80,City Of Bowie,USA,Parent,www.cityofbowie.org,HH2026077792802,77792802,City Of Bowie,USA,8
585b1e54b8c0f97e681cac2be51c4688,City of Bridgeton,USA,Parent,www.cityofbridgetonnj.gov,HH2026080784804,80784804,City of Bridgeton,USA,2000+
fd3375fbcbfde7ef055475a4d39f567b,City of Cuyahoga Falls,USA,Parent,www.cityofcf.com,HH2026060422763,60422763,City of Cuyahoga Falls,USA,2000+
75b57fd19575d67540fd39d9721eb6fa,City of Ferndale,USA,Parent,www.cityofferndale.org,HH2026059905505,59905505,City of Ferndale,USA,2000+
9718c4c9a6e065fab6b2a284ecadba43,City of Fort Wayne,USA,Parent,www.cityoffortwayne.in.gov,HH2026064702616,64702616,City of Fort Wayne,USA,35+
2f8201085285b336c121d2b5cca60936,City of Grand Blanc,USA,Parent,www.cityofgrandblancmi.gov,HH2026076344357,76344357,City of Grand Blanc,USA,2000+
ad1263f7e95da9b0ac08622e3d8f1a1,City of Long Beach,USA,,www.cityauditorlauradoud.com,HH2026075295832,39295568,City of Long Beach,USA,2000+
e36fad6d6c8ebea1dbe0b4e901a8bcbd,City of New Baltimore,USA,Parent,www.cityofnewbaltimore.org,HH2026025223967,25223967,City of New Baltimore,USA,2000+
37782c615c31f2948adc55839d42f69a,City of Nezperce,USA,Parent,www.cityofnezperce.gov,HH2026601575983,601575983,City of Nezperce,USA,2000+
d8a7e582dea02c67f0febb294da67dea,City of Park River,USA,Parent,www.cityofparkriver.com,HH2026023600877,23600877,City of Park River,USA,2000+
64316a6d5a1c9c832eeeb11e6c07d5f2,City of Powell,USA,Parent,www.cityofpowell.us,HH2026868400458,868400458,City of Powell,USA,2000+
20ef56fb678de2da601cdbdf7a9f1125,City of Shasta Lake,USA,Parent,www.cityofshastalake.gov,HH2026073790065,73790065,City of Shasta Lake,USA,2000+
ac40d19466d1e7f88dcc7591b2f191aa,City of Yoakum,USA,Parent,www.cityofyoakum.org,HH2026069455772,69455772,City of Yoakum,USA,35+
d23e444a7ef4355765e4227b1b44103e,Clay County School District,USA,Parent,www.claycoboe.org,HH2026100000199,100000199,Clay County School District,USA,50+
a451c78a5f1e21a729edd01ab846febd,Clay Township,USA,Parent,www.clay.k12.oh.us,HH2026046944109,46944109,Clay Township,USA,50+
9c05200d069041baf4b2e129f0208982,"Clear Channel Outdoor Holdings, Inc.",USA,Parent,www.clearchanneloutdoor.com,HH2026609402339,609402339,"Clear Channel Outdoor Holdings, Inc.",USA,50+
2b4b357b6a37936306a8deb495ebd02,Clear Lake Community School District,USA,,www.clearlakeschools.org,HH2026006284293,6284293,Clear Lake Community School District,USA,30+
e5590cbfe6fbfc9e9421eef4fb073431,"ClearSky Health, Inc.",USA,Parent,www.clearskyhealth.com,HH2026045963935,45963935,"ClearSky Health, Inc.",USA,300+
720b23049c6d023275d5a4455e02fdb4,Clifford Chance Services GmbH,Germany,Subsidiary,www.cliffordchance.com,HH2026224578221,312558515,Clifford Chance Services GmbH,Germany,200+
aecce8b59a69ae7df71adc52ee3f26c4,Colgate Palmolive Belgium,Belgium,Subsidiary,www.colgate.com,HH2026001344381,370205049,Colgate Palmolive Belgium,Belgium,20+
51e7b5580656236756a6b3a6d455fcd9,"Colgate Palmolive, S.A. de C.V.",Mexico,Subsidiary,www.colgatepalmolive.com.mx,HH2026001344381,810007526,"Colgate Palmolive, S.A. de C.V.",Mexico,20+
7fa288e6ca91fb0a9c00c5119424b144,Colgate-Palmolive AB,Sweden,Subsidiary,www.colgate.se,HH2026001344381,353976145,Colgate-Palmolive AB,Sweden,20+
8f8f2434268bb55660e9aee83d507ee0,"Colgate-Palmolive AB, filial i Finland",Finland,Subsidiary,www.colgatepalmolive.fi,HH2026001344381,651501769,"Colgate-Palmolive AB, filial i Finland",Finland,20+
db2b57c792881a4ddf2b7640457b4e57,"Collectors Universe, Inc.",USA,Parent,www.collectors.com,HH2026070799288,70799288,"Collectors Universe, Inc.",USA,200+
4fced35419850aa665361101ab0303c2,College Trinite,Canada,Independent,www.collegetrinite.ca,HH2026204077825,204077825,College Trinite,Canada,35+
33e55144c81dcba58dfd7d76246f1d4f,Collibra Inc.,USA,Subsidiary,www.collibra.com,HH2026494408353,79448768,Collibra Inc.,USA,35+
04b7d296521ab17d4dd00d146aa6bfc3,Colliers Finland Oy,Finland,Subsidiary,www.colliers.com,HH2026202596169,369514864,Colliers Finland Oy,Finland,200+
09e0652c92f3aed3291b4f3564a9c96e,"Colliers International Property Consultants, Inc.",USA,Subsidiary,www.colliers.com,HH2026202596169,614536290,"Colliers International Property Consultants, Inc.",Japan,200+
eb66017b87a96fd0427e2ccbb13e1ebb,Collinson International (Hong Kong) Limited,Hong Kong,Subsidiary,www.collinsongroup.com,HH2026231127622,662899061,Collinson International (Hong Kong) Limited,Hong Kong,50+
c3e762bda76ca18018be6b2047a7c6ae,Comcast Corporation,USA,Parent,www.comcastcorporation.com,HH2026057156663,57156663,Comcast Corporation,USA,600+
311daebd7affb5bbebecc29069ba9496,Community Of Christ,USA,Parent,www.communityofchristsanjose.org,HH2026073070328,73070328,Community Of Christ,USA,2000+
ae1a267806675031dea138b68a3b0cde,"Compass Group USA, Inc.",USA,Subsidiary,www.compass-usa.com,HH2026220824952,611701327,"Compass Group USA, Inc.",USA,20+
229f1f66b61edaedc2fe83ed65d69cee,"Compassion International, Incorporated",USA,Parent,www.compassion.com,HH2026074436841,74436841,"Compassion International, Incorporated",USA,20+
60bfad67ad1dd15dcbcae5d92e93da5e,"Compassus Living Foundation, Inc.",USA,Parent,www.compassus.com,HH2026074464581,74464581,"Compassus Living Foundation, Inc.",USA,500+
fc9407b666e754eb9420ea2745ac1f54,Computacenter AG & Co. oHG,Germany,Subsidiary,www.computacenter.com,HH2026491406757,322219148,Computacenter AG & Co. oHG,Germany,15+
73ea8a01e2375cc094a2156528aa292,Concentrix Austria GmbH,Austria,,www.concentrix.com,HH2026473477368,303781371,Concentrix Austria GmbH,Austria,1000+
35829e97eb79b633bbf5ee408bca0b93,Concentrix CVG Corporation,USA,Subsidiary,www.concentrix.com,HH2026079309922,25750394,Concentrix CVG Corporation,USA,1000+
0904d8142ce2e2892151e574ce1df238,Concentrix CVG International Nordic AB,Sweden,Subsidiary,www.concentrix.com,HH2026079309922,632476490,Concentrix CVG International Nordic AB,Sweden,1000+
d48b8b66953f5e1ddaf5a0c3b725011f,"Concentrix Costa Rica, S.A.",Costa Rica,Subsidiary,www.concentrix.com,HH2026079309922,815742380,"Concentrix Costa Rica, S.A.",Costa Rica,1000+
5284ffa78c1849dc9ff0398fb719cb5c,Concentrix Denmark A/S,Denmark,Subsidiary,www.concentrix.com,HH2026079309922,308441232,Concentrix Denmark A/S,Denmark,1000+
eaa10655221780d9115b1685c3020712,Concentrix International Europe B.V.,Netherlands,Subsidiary,www.concentrix.com,HH2026079309922,417731767,Concentrix International Europe B.V.,Netherlands,1000+
2c681f4665d242ab2d22d97ec77d3d8b,Concentrix Latvia SIA,Latvia,Subsidiary,www.concentrix.com,HH2026079309922,365527729,Concentrix Latvia SIA,Latvia,1000+
8c456fc7b72dec5ee6d7972c0ac19e29,Concentrix Nicaragua S.A.,Nicaragua,Subsidiary,www.concentrix.com,HH2026079309922,816739628,Concentrix Nicaragua S.A.,Nicaragua,1000+
2630740348faa52bbe997f9fe30803db,Concentrix Norway AS,Norway,Subsidiary,www.concentrix.com,HH2026079309922,671117349,Concentrix Norway AS,Norway,1000+
a61e0aeb351ac003fd5518b0de29a40c,Concentrix Services Korea Limited,Korea,Subsidiary,www.concentrix.com,HH2026079309922,689060187,Concentrix Services Korea Limited,Korea,1000+
f394cc868adcf18946b659092466d38f,Concentrix Technologies Services (Canada) ULC,Canada,Subsidiary,www.concentrix.com,HH2026079309922,202834875,Concentrix Technologies Services (Canada) ULC,Canada,1000+
99f3b7bc2880802e088804520870ab0b,"Conde Nast de Mexico, S.A. de C.V.",Mexico,Subsidiary,www.condenastmexico-latam.com,HH2026001705839,812858538,"Conde Nast de México, S.A. de C.V.",Mexico,100+
8882fa3473d9466cbf5effb7de9692db,Conning Asia Pacific Limited,Hong Kong,Subsidiary,www.conning.com,HH2026428405864,680024540,Conning Asia Pacific Limited,Hong Kong,6
e78b869b8cad0a95d91fd9ca4522cd38,Cooley Dickinson Health Care Corporation,USA,Parent,www.cooleydickinson.org,HH2026199616954,199616954,Cooley Dickinson Health Care Corporation,USA,2000+
f8a9981ecca2a9770a41d356f969e6a8,Coperion Corporation,USA,Subsidiary,www.coperion.com,HH2026145011962,948606728,Coperion Corporation,USA,50+
db4e222c82abe1ae4fa66b85506b89c4,Coppin State University,USA,Subsidiary,www.coppin.edu,HH2026003256088,85001154,Coppin State University,USA,6
a402809d32805daf90b3733240c793e0,Corby Spirit and Wine Limited,Canada,Subsidiary,www.corby.ca,HH2026275642270,202154407,Corby Spirit and Wine Limited,Canada,200+
d2e1e3d8bb6c5b39fcf286e9fd43f44f,Corient Private Wealth LLC,USA,Subsidiary,www.corient.com,HH2026205519791,111260913,Corient Private Wealth LLC,USA,100+
429fb5975d58b03e3a8592968c056c1d,Coughlin & Associates Ltd,Canada,Subsidiary,www.coughlin.ca,HH2026243513962,207886904,Coughlin & Associates Ltd,Canada,50+
6ae319605a1746b8c2a51485ce53bc58,County of Washington,USA,Parent,www.countycourthouse.org,HH2026182851063,182851063,County of Washington,USA,2000+
4ab8cdb2109b21fd0888c61af3407fb4,Covestro (Hong Kong) Limited,Hong Kong,Subsidiary,www.covestro.com,HH2026231738508,666675181,Covestro (Hong Kong) Limited,Hong Kong,100+
9ed9186fa47746aa78d8ffb06a91212,Cowen Inc.,USA,,www.cowen.com,HH2026202686150,833144004,Cowen Inc.,USA,1000+
a8173b3cdf1001dda096eb59649c95c1,Cozen O'Connor,USA,Parent,www.cozen.com,HH2026084771682,84771682,Cozen O'Connor,USA,24+
8173a4e9517564686ec80df6853c85fa,Critical Mass Inc,Canada,Parent,www.criticalmass.com,HH2026256823048,256823048,Critical Mass Inc,Canada,1000+
d9c0fa2d51b1d36a62e20d404b27b563,"Crystal Cruises, LLC",USA,Subsidiary,www.crystalcruises.com,HH2026813432708,189493240,"Crystal Cruises, LLC",USA,10
45f09e4a8952883700b485d9613b86a6,Culligan Sverige AB,Sweden,Subsidiary,www.culligan.se,HH2026119295119,631719395,Culligan Sverige AB,Sweden,5
873eba7ab0e24da64f0580254f6a5ec3,"Cumberland, County Of (Inc)",USA,Parent,www.cumberlandcountynj.gov,HH2026073759599,73759599,"Cumberland, County Of (Inc)",USA,2000+
ba70c1ac10461111a5badd3b01851e91,Curtiss-Wright Corporation,USA,Parent,www.curtisswright.com,HH2026002013522,2013522,Curtiss-Wright Corporation,USA,300+
494efa3b4c0e55e5f152ae6d4783d7cc,Curtiss-Wright Electro-Mechanical Corporation,USA,Subsidiary,www.curtisswright.com,HH2026002013522,126111348,Curtiss-Wright Electro-Mechanical Corporation,USA,300+
980e9f00d91cfd5cf0b125bad9308a30,Curtiss-Wright Flow Control Corporation,USA,Subsidiary,www.curtisswright.com,HH2026002013522,179133129,Curtiss-Wright Flow Control Corporation,USA,300+
053cebf01a064d96e62ffd1a6d1981c1,CyrusOne Holdco LLC,USA,Subsidiary,www.cyrusone.com,HH2026118434767,19127739,CyrusOne Holdco LLC,USA,100+
f7f64045e1f72196c3ec7b855ca25fb,DALCOUR MACLAREN LIMITED,United Kingdom,,www.dalcourmaclaren.com,HH2026735746906,735746906,DALCOUR MACLAREN LIMITED,United Kingdom,50+
76e5730d13841b637daf9cf528e362da,DANSKE BANK A/S,United Kingdom,Subsidiary,www.danskebank.co.uk,HH2026305368722,291764793,DANSKE BANK A/S,Denmark,100+
e54b1083d34c658be9e4367c92ed7d7a,DBS BANK (HONG KONG) LIMITED,Hong Kong,Subsidiary,www.dbs.com,HH2026894721898,686138702,DBS BANK (HONG KONG) LIMITED,Hong Kong,1000+
487f3816212f2433e3789b9031b75033,DECKERS FRANCE SAS,France,Subsidiary,www.deckers.com,HH2026489321524,262330999,DECKERS FRANCE SAS,France,300+
c03729f7de8170e813a466d0fdf7d44e,DECKERS UK LTD,United Kingdom,Subsidiary,www.deckers.com,HH2026989180770,211269760,DECKERS UK LTD,United Kingdom,400+
4b4b072da20892c306aad70bc8dbc83b,DEERNS BRASIL LTDA.,Brazil,Independent,www.deerns.com.br,HH2026914728303,914728303,DEERNS BRASIL LTDA.,Brazil,50+
b3d952ce09954c0339e656eaffcbd76c,DELOITTE,Malawi,Independent,www.deloitte.com,HH2026559459535,559459535,DELOITTE,Malawi,35+
fbf2c462095d046f6ea170a6e58f4cc4,DELOITTE & CO. S.A.,Argentina,Parent,www.deloitte.com,HH2026977430961,977430961,DELOITTE & CO. S.A.,Argentina,50+
83a237237cd181cb020eba95c973a64d,DELOITTE AND TOUCHE COMPANY CHARTERED PUBLIC ACCOUNTANTS AND AUDITORS,Saudi Arabia,Subsidiary,www.deloitte.com,HH2026535299358,552554321,DELOITTE AND TOUCHE COMPANY CHARTERED PUBLIC ACCOUNTANTS AND AUDITORS,Saudi Arabia,1000+
3f3bd8f9a151764fbdafbc39999f9083,DELOITTE AUDIT SRL,Romania,Parent,www.deloitte.ro,HH2026535225593,535225593,DELOITTE AUDIT SRL,Romania,500+
f093f374efa726beb1046ce44f99ec88,DELOITTE CONSULTING (SEA) SDN. BHD.,Malaysia,Independent,www.deloitte.com,HH2026894147677,894147677,DELOITTE CONSULTING (SEA) SDN. BHD.,Malaysia,1000+
9223abdea85c5c4eb03dc88707423b21,DELOITTE CONSULTING SRL SOCIETA' BENEFIT,Italy,Parent,www.deloitte.com,HH2026459178211,459178211,DELOITTE CONSULTING SRL SOCIETA' BENEFIT,Italy,1000+
6105e04b8ed82bb74ddce3e5d3a24214,DELOITTE FINANCIAL ADVISORY SERVICES INDIA PRIVATE LIMITED,India,Parent,www.deloitte.com,HH2026860254336,860254336,DELOITTE FINANCIAL ADVISORY SERVICES INDIA PRIVATE LIMITED,India,1000+
cda45fe0d8b461d731c280b687a40bb8,DELOITTE KASSIMCHAN MANAGEMENT CONSULTANTS SDN BHD,Malaysia,Independent,www.deloitte.com,HH2026596246611,596246611,DELOITTE KASSIMCHAN MANAGEMENT CONSULTANTS SDN BHD,Malaysia,50+
68f55441f215d260681cc3dfb72152ca,DELOITTE UNLIMITED COMPANY,Ireland,Subsidiary,www.deloitte.ie,HH2026223704777,985834881,DELOITTE UNLIMITED COMPANY,Ireland,50+
eb26ca83a4d1bf7ae8888d917db81427,DEMATIC HOLDINGS PTY LTD,Australia,Parent,www.dematic.com.au,HH2026755129467,755129467,DEMATIC HOLDINGS PTY LTD,Australia,300+
ad622f0df376693f5ccce91074c5902c,DENTSU ASIA PACIFIC PTE. LTD.,Singapore,Subsidiary,www.dentsu.com,HH2026690545991,894928816,DENTSU ASIA PACIFIC PTE. LTD.,Singapore,500+
daafdca7d542c2b42a4bc5613c656b6a,DENTSU COMMUNICATIONS INDIA PRIVATE LIMITED,India,Subsidiary,www.dentsu.com,HH2026690545991,863806826,DENTSU COMMUNICATIONS INDIA PRIVATE LIMITED,India,800+
0304427aad1eb7762b285c408ff2e15f,DENTSU INTERNATIONAL LIMITED,United Kingdom,Subsidiary,www.dentsu.com,HH2026690545991,211607825,DENTSU INTERNATIONAL LIMITED,United Kingdom,500+
7fe6e4936154d0e89ba3f7f72f7a8c2f,DENTSU LATIN AMERICA PROPAGANDA LTDA,Brazil,Subsidiary,www.dentsu.com,HH2026939552500,911103567,DENTSU LATIN AMERICA PROPAGANDA LTDA,Brazil,500+
6308141b0adf74f2e95bff9f5a1282a5,DENTSU aeGIS NETWORK INDIA PRIVATE LIMITED,India,Subsidiary,www.dentsuaegisnetwork.com,HH2026690545991,650461580,DENTSU AEGIS NETWORK INDIA PRIVATE LIMITED,India,500+
25bb0def1ef9e21d1559645260ff10fe,"DENVER BRONCOS TEAM, LLC",USA,Parent,www.denverbroncos.com,HH2026052274123,52274123,"DENVER BRONCOS TEAM, LLC",USA,
b788b2ba03f142a57674d1e97ecbe987,DENVER HEALTH AND HOSPITALS AUTHORITY,USA,,www.denverhealth.org,HH2026093564180,78304712,DENVER HEALTH AND HOSPITALS AUTHORITY,USA,300+
fad79021c5ad1a47a3b321ecd3664123,DERBY COLLEGE LIMITED,United Kingdom,Subsidiary,www.derby-college.ac.uk,HH2026490687928,230675415,DERBY COLLEGE LIMITED,United Kingdom,20+
c298f0f51a7b04e9c83423e17bf7da29,DERBY COLLEGE OF FURTHER EDUCATION,United Kingdom,Parent,www.derby-college.ac.uk,HH2026228476883,228476883,DERBY COLLEGE OF FURTHER EDUCATION,United Kingdom,20+
e2b94eb49badcecdba7f63d684f84b62,DEUTSCHE BANK POLSKA S A,Poland,Parent,www.deutschebank.pl,HH2026422159202,422159202,DEUTSCHE BANK POLSKA S A,Poland,1000+
bd758d6c57aceeffb96158696fb2baea,DEUTSCHE WINDTECHNIK X-SERVICE GMBH,Germany,Subsidiary,www.deutsche-windtechnik.com,HH2026551244440,341536080,Deutsche Windtechnik X-Service GmbH,Spain,200+
28a7c4585816a91887724da30fa161c2,"DEVBRIDGE LT, UAB",Lithuania,Subsidiary,www.devbridge.com,HH2026799901301,681682401,"DEVBRIDGE LT, UAB",Lithuania,1000+
0a0a06ddc290cfae46f59b9218ebc344,DIAGEO AUSTRALIA LIMITED,Australia,Subsidiary,www.diageo.com,HH2026210129250,750316796,DIAGEO AUSTRALIA LIMITED,Australia,100+
23edfb41809ff09c1d87ebe4181ed025,DIAGEO Austria GmbH,Austria,Subsidiary,www.diageo.com,HH2026210129250,300132412,DIAGEO Austria GmbH,Austria,200+
b112c9c6485015d43ecd1152121cfbe2,DIAGEO BRASIL LTDA,Brazil,Subsidiary,www.diageo.com,HH2026210129250,900145780,DIAGEO BRASIL LTDA,Brazil,200+
3938f3b202780919dfeb003011506cc0,DIAGEO BULGARIA EOOD,Bulgaria,Subsidiary,www.diageo.com,HH2026210129250,673280152,DIAGEO BULGARIA EOOD,Bulgaria,100+
5e22ace322fc92530daa2c0af7c38e91,DIAGEO GREAT BRITAIN LIMITED,United Kingdom,Subsidiary,www.diageo.com,HH2026210129250,210154407,DIAGEO GREAT BRITAIN LIMITED,United Kingdom,100+
6cf222f83124d11adcf5200dca13e7be,DIAGEO INDIA PRIVATE LIMITED,India,Subsidiary,www.diageo.com,HH2026210129250,919912238,DIAGEO INDIA PRIVATE LIMITED,India,100+
b9a31441a5e9e430aa8224c53b62fac9,DIAGEO IRELAND UNLIMITED COMPANY,Ireland,Subsidiary,www.diageo.com,HH2026210129250,211452057,DIAGEO IRELAND UNLIMITED COMPANY,Ireland,100+
5be775aa5189e0b00a562186e5823766,DIAGEO KENYA LIMITED,Kenya,Subsidiary,www.diageo.com,HH2026210129250,850492350,DIAGEO KENYA LIMITED,Kenya,100+
21d2294373e4f5f8c59cc6ecb6e801c,DIAGEO MOET HENNESSY (THAILAND) LIMITED,Thailand,,www.diageo.com,HH2026210129250,672041416,DIAGEO MOET HENNESSY (THAILAND) LIMITED,Thailand,100+
69dd54b5744ab9cd86eb73257fc0f402,DIAGEO PARAGUAY S.R.L.,Paraguay,Independent,www.diageo.com,HH2026955059196,955059196,DIAGEO PARAGUAY S.R.L.,Paraguay,200+
5d1bf4c0993d458cd1b96762526e2a58,"DIAGEO PHILIPPINES, INC.",Philippines,Subsidiary,www.diageo.com,HH2026210129250,718692791,"DIAGEO PHILIPPINES, INC.",Philippines,100+
a79d710d64796073edcf5b809aaac702,DIAGEO POLSKA SP Z O O,Poland,Subsidiary,www.diageo.com,HH2026210129250,422300095,DIAGEO POLSKA SP Z O O,Poland,200+
1ad43a28c8b8294e65717b5eeba5637,DIAGEO SINGAPORE PTE. LTD.,Singapore,,www.diageo.com,HH2026210129250,595112954,DIAGEO SINGAPORE PTE. LTD.,Singapore,100+
d187002c7c9ecc0f28ad0cec8a517ca,DIGICERT SECURITY INDIA PRIVATE LIMITED,India,,www.digicert.com,HH2026860281311,860281311,DIGICERT SECURITY INDIA PRIVATE LIMITED,India,50+
79c5e5f926166845ccea10e8fed57271,DIGITAL SCIENCE & RESEARCH SOLUTIONS LIMITED,United Kingdom,Subsidiary,www.digital-science.com,HH2026326982162,221539486,DIGITAL SCIENCE & RESEARCH SOLUTIONS LIMITED,United Kingdom,4
ca8df05f6c148bff1228c9ce7391f415,DIGITALL NATURE BULGARIA EOOD,Bulgaria,Subsidiary,www.digitall.com,HH2026372317849,503663053,DIGITALL NATURE BULGARIA EOOD,Bulgaria,1
d3f3e643af2beea21eae79e40fc5aa13,DIGITALL Nature GmbH,Germany,Subsidiary,www.digitall.com,HH2026372317849,343598565,DIGITALL Nature GmbH,Germany,1
6a30b0c2ecf53de6fb87f9b7efa00ba8,DIMENSION DATA SOLUTIONS LIMITED,Kenya,Subsidiary,www.dimensiondata.com,HH2026690626718,559902995,DIMENSION DATA SOLUTIONS LIMITED,Kenya,200+
650d9c6c612f43fabb07adc77d670fdc,DIOSNA PROCESS SOLUTIONS PRIVATE LIMITED,India,Subsidiary,www.diosna.com,HH2026832265602,860292277,DIOSNA PROCESS SOLUTIONS PRIVATE LIMITED,India,50+
1ce272719b317d09b80d3faecc511c2,DLL GLOBAL BUSINESS SERVICES PRIVATE LIMITED,India,,www.dllgroup.com,HH2026873951449,873951449,DLL GLOBAL BUSINESS SERVICES PRIVATE LIMITED,India,20+
ddea1da51c37aefc40ba9d1edb333453,DOMESTIC & GENERAL GROUP LIMITED,United Kingdom,Subsidiary,www.domesticandgeneral.com,HH2026229799070,227246378,DOMESTIC & GENERAL GROUP LIMITED,United Kingdom,24+
4aed58f16eb17587cfa5c35926a61671,DSV IT Service GmbH,Germany,Subsidiary,www.dsv-gruppe.de,HH2026315819045,343413318,DSV IT Service GmbH,Germany,35+
4e5b2f6f4bfddc0f3a444a855097b87,DUAL INTERNATIONAL LIMITED,United Kingdom,,www.dualgroup.com,HH2026739261923,235415507,DUAL INTERNATIONAL LIMITED,United Kingdom,200+
45cdc4be1f472e165173094037cf6b10,DUALIS GmbH IT Solution,Germany,Subsidiary,www.dualis-it.de,HH2026316489350,329521244,DUALIS GmbH IT Solution,Germany,50+
e790e93a874aa3f701060a0edc8d0f39,DUBAI HOLDING AssET MANAGEMENT L.L.C,United Arab Emirates,Subsidiary,www.dubaiholding.com,HH2026561491486,557549498,DUBAI HOLDING ASSET MANAGEMENT L.L.C,United Arab Emirates,100+
7e9d3142dfb7183bd23493b4643729a2,DUBAI HOLDINGS LLC,United Arab Emirates,Parent,www.dubaiholding.com,HH2026561491486,561491486,DUBAI HOLDINGS LLC,United Arab Emirates,100+
36761ffe039a06f238ec5c231f9bee27,DUCK CREEK TECHNOLOGIES INDIA LLP,India,Parent,www.duckcreek.com,HH2026860331774,860331774,DUCK CREEK TECHNOLOGIES INDIA LLP,India,15+
97075bafeb310400173910b3150ce368,DXC Technology Austria GmbH,Austria,Subsidiary,www.dxc.com,HH2026080521853,301702155,DXC Technology Austria GmbH,Austria,3
ffc3f4d1cbc9d7f84fbbc025d2856706,Dauch Corporation,USA,Parent,www.dauch.com,HH2026044766678,44766678,Dauch Corporation,USA,50+
433672129aeb04ab67b36627ec985e51,Deekeling Arndt Advisors in Communications GmbH,Germany,Subsidiary,www.deekeling-arndt.h-advisors.global,HH2026965658670,313889925,Deekeling Arndt Advisors in Communications GmbH,Germany,2000+
277460a1d5e01d70ff32eb415795d361,Delfort USA Inc.,USA,Independent,www.delfortgroup.com,HH2026363590212,363590212,Delfort USA Inc.,USA,50+
5eef394daf70d58104dafe157430fc6f,Delinea Inc.,USA,Subsidiary,www.delinea.com,HH2026043749885,167269922,Delinea Inc.,USA,50+
f572a6f04efcf24bc94f72279f786b23,Dell Children's Foundation,USA,Independent,www.dellchildrens.net,HH2026806226374,806226374,Dell Children's Foundation,USA,500+
b1b0cabdc66732102fea4c7aca84b47b,Deloitte Corporate Finance GmbH,Germany,Subsidiary,www.deloitte.com,HH2026316830488,313134061,Deloitte Corporate Finance GmbH,Germany,1000+
e4dd1ed986bef8be4d93c7e2e28b9897,Deloitte LLP,USA,Subsidiary,www.deloitte.com,HH2026216754602,14127109,Deloitte LLP,USA,1000+
951ddc7069f46a6e7434334b65118338,Deloitte Oy,Finland,Parent,www.deloitte.fi,HH2026540607355,540607355,Deloitte Oy,Finland,100+
29209d91c094d84e519b7626c928d308,"Demant Operations, S.A. de C.V.",Mexico,Subsidiary,www.demant.com,HH2026306036773,951579427,"Demant Operations, S.A. de C.V.",Mexico,10
8d97e598652f0681a470a154a456ab3b,"Demco, Inc.",USA,Parent,www.demco.com,HH2026006552483,6552483,"Demco, Inc.",USA,10
bcc7630e3d178594cbb1deb10cf88031,"Dentaquest Ventures, LLC",USA,Parent,www.dentaquest.com,HH2026111849621,111849621,"Dentaquest Ventures, LLC",USA,200+
2f8b5f869ee2af2c946e54321d3461a5,Dentons Durham Jones Pinegar P.C.,USA,Parent,www.dentons.com,HH2026196045694,196045694,Dentons Durham Jones Pinegar P.C.,USA,50+
b49a62100a967f5c6ed81e6747f2e469,Dentons R‚czicza šgyv‚di Iroda,Hungary,Independent,www.dentons.com,HH2026366612709,366612709,Dentons Réczicza Ügyvédi Iroda,Hungary,50+
07824e2e7587d5d508159d0d385aed21,"Dentsu America, Inc.",USA,Subsidiary,www.dentsu.com,HH2026690545991,154814768,"Dentsu America, Inc.",USA,800+
4edc325d2ab7127d43ce6af3a96bef94,Designa Verkehrsleittechnik GmbH,Germany,Subsidiary,www.designa.com,HH2026301529140,317643195,Designa Verkehrsleittechnik GmbH,Germany,10
c016169386e2958b12dd27f82cab3763,Dexis Interactive LLC,USA,Parent,www.dexisonline.com,HH2026144344947,144344947,Dexis Interactive LLC,USA,50+
2d26ce96f2c52dabbdac6315cde9d9a3,Diageo Canada Inc,Canada,Subsidiary,www.diageo.com,HH2026210129250,204119036,Diageo Canada Inc,Canada,100+
3c189a5d3184bcde6ddaff17e2c66ee,"Diageo North America, Inc.",USA,,www.diageo.com,HH2026210129250,44159234,"Diageo North America, Inc.",USA,100+
f34291816fc7ed9946b5f79ae5d7ec18,Diageo Suisse SA,Switzerland,Subsidiary,www.diageo.com,HH2026210129250,480240035,Diageo Suisse SA,Switzerland,200+
4e1c9fa3b21deaa3f7416bc2f96aa155,DigiCert Switzerland AG,Switzerland,Subsidiary,www.digicert.com,HH2026080967585,482908568,DigiCert Switzerland AG,Switzerland,50+
77f27bdccd26c88f57749687f97c73e4,"Digicert, Inc.",USA,Subsidiary,www.digicert.com,HH2026080967585,137293051,"Digicert, Inc.",USA,50+
67a03faad5d46b9a81314918253ac265,Digital Realty Germany GmbH,Germany,Subsidiary,www.digitalrealty.de,HH2026170781038,341495070,Digital Realty Germany GmbH,Germany,10+
ea36ae500590cef4c5cc23db62724f4c,Digital Realty Korea Ltd.,Korea,Subsidiary,www.digitalrealty.kr,HH2026170781038,695097601,Digital Realty Korea Ltd,Korea,10+
5acc01e301c5094ff5ae209682dc12f4,"Discount Dance, LLC",USA,Subsidiary,www.discountdance.com,HH2026027106109,63135727,"Discount Dance, LLC",USA,1000+
5a8ad99dfceeb7f8299a8e649ab817d1,Dsv Road AB,Sweden,,www.dsv.se,HH2026305658296,354035958,Dsv Road AB,Sweden,20+
0359e998499a3754d5716bc3241ab193,"Duxbury, Town Of (Inc)",USA,Parent,www.duxburyfire.org,HH2026080028764,80028764,"Duxbury, Town Of (Inc)",USA,2000+
0be30f825548e88282313a37e1361953,Dynea AS,Norway,Subsidiary,www.dynea.com,HH2026517869868,345233914,Dynea AS,Norway,1000+
de9172250f689e46f6cad08badeec9f,ECOVADIS,France,,www.ecovadis.com,HH2026294036723,294036723,ECOVADIS,France,35+
299bd2a606f7d634553b14789a536f5b,EGIS BATIMENTS RHONE-ALPES,France,Subsidiary,www.egis-group.com,HH2026277226882,282480235,EGIS BATIMENTS RHONE-ALPES,France,1000+
5be4ae78376591300c2d293940e4508e,EGIS EAU SA,France,Subsidiary,www.egis-group.com,HH2026277226882,291508567,EGIS EAU SA,France,1000+
3464125afc169fd821d168fd4ad3ed99,EGIS INDIA CONSULTING ENGINEERS PRIVATE LIMITED,India,Subsidiary,www.egis-india.com,HH2026277226882,915766464,EGIS INDIA CONSULTING ENGINEERS PRIVATE LIMITED,India,1000+
fc235ab21468320dc43e7a92e9894b66,EGIS INGENIERIE,France,Subsidiary,www.egis-group.com,HH2026277226882,764596227,EGIS INGENIERIE,France,1000+
c2aa0bce8aa4b8c62c81d5ea66636f37,EGIS INTERNATONAL,Qatar,Subsidiary,www.egis-group.com,HH2026277226882,557712065,EGIS INTERNATONAL,Qatar,1000+
d1acd9a1942b4bfdaef5c252c3d447e3,EGIS OPERATION SOUTH AFRICA (PTY) LTD,South Africa,Independent,www.egis-southafrica.co.za,HH2026654774683,654774683,EGIS OPERATION SOUTH AFRICA (PTY) LTD,South Africa,1000+
4d05ac343ab6d9ef3e9f50ac0266c5fe,EGIS POLAND SP Z O O,Poland,Subsidiary,www.egis-group.com,HH2026277226882,366060122,EGIS POLAND SP Z O O,Poland,1000+
f961c0e42f382acba32c7e12c78aee20,EGIS ROAD OPERATION M40 LIMITED,United Kingdom,Subsidiary,www.egis-group.com,HH2026277226882,223721124,EGIS ROAD OPERATION M40 LIMITED,United Kingdom,1000+
7675459adb29c18fa61bee906c8051fa,EGIS ROMANIA SA,Romania,Subsidiary,www.egis-group.com,HH2026277226882,681281247,EGIS ROMANIA SA,Romania,1000+
0e2b8fd3afa95d03712f913ab0297821,EIFFAGE,France,Parent,www.eiffage.com,HH2026277316212,277316212,EIFFAGE,France,2000+
ae20d73abb7b96f9ca9febe13dd0376b,EIFFAGE CONSTRUCTION EQUIPEMENTS,France,Subsidiary,www.eiffageconstruction.com,HH2026277316212,543968887,EIFFAGE CONSTRUCTION EQUIPEMENTS,France,2000+
f6fd1a8aececf3ae5b604b01055c81fd,EIFFAGE ENERGIE SYSTEMES - INDUS NORD,France,Subsidiary,www.eiffageenergiesystemes.com,HH2026277316212,576252936,EIFFAGE ENERGIE SYSTEMES - INDUS NORD,France,8
e6bde04ab3203fc9f7123ce3e5ac9e38,EIFFAGE ENERGIE SYSTEMES - MEDITERRANEE,France,Subsidiary,www.eiffageenergiesystemes.com,HH2026277316212,576267066,EIFFAGE ENERGIE SYSTEMES - MEDITERRANEE,France,7
ffba47a5c1f0e505f5c775443fba88c5,EIS Group Latvia SIA,Latvia,Subsidiary,www.eisgroup.com,HH2026726765633,521920291,EIS Group Latvia SIA,Latvia,15+
bcb08517af6a9563c48b60e27f211a93,EISNERAMPER LLP,USA,,www.eisneramper.com,HH2026048352397,25718507,EISNERAMPER LLP,USA,100+
3fd317744d8bf692e99645c3040d1d64,ELANCO ANIMAL HEALTH (PTY) LTD,South Africa,Subsidiary,www.elanco.com,HH2026081373036,557390714,ELANCO ANIMAL HEALTH (PTY) LTD,South Africa,300+
31bcab0ef026be96b29ab14de3b72687,ELANCO EUROPE LTD.,United Kingdom,Subsidiary,www.elanco.com,HH2026081373036,225532001,ELANCO EUROPE LTD.,United Kingdom,300+
cbfd914eddd3c6945fab98e6373b927e,ELANCO MALAYSIA SDN. BHD.,Malaysia,Subsidiary,www.elanco.com,HH2026081373036,659304490,ELANCO MALAYSIA SDN. BHD.,Taiwan,300+
7343d79a90b25df98073350afb683eb2,ELANCO SAUDE ANIMAL LTDA,Brazil,Subsidiary,www.elanco.com.br,HH2026964785556,902460463,ELANCO SAUDE ANIMAL LTDA,Brazil,300+
be9aa7293bd12eb559064cf8a520b71b,ELSEVIER LIMITED,United Kingdom,Subsidiary,www.elsevier.com,HH2026210244596,296557317,ELSEVIER LIMITED,United Kingdom,100+
3c913398af093b0d786e4f26815e653e,EMBL MONTEROTONDO,Italy,Independent,www.embl.org,HH2026378464676,378464676,EMBL MONTEROTONDO,Italy,30+
3152ec00d70ebab41bebd6127959476b,EMERSON AUTOMATION SOLUTIONS ACTUATION TECHNOLOGIES LIMITED,United Kingdom,Subsidiary,www.emerson.com,HH2026006269633,766226799,EMERSON AUTOMATION SOLUTIONS ACTUATION TECHNOLOGIES LIMITED,United Kingdom,24+
3cc85931b730a1d473c43ef0d93739dc,EMIS HEALTH INDIA PRIVATE LIMITED,India,Subsidiary,www.emishealth.com,HH2026112871561,650957272,EMIS HEALTH INDIA PRIVATE LIMITED,India,15+
fa4d5753e5106ca302c15174b6eb52a0,ENDAVA ARGENTINA S.R.L.,Argentina,Independent,www.endava.com,HH2026978828952,978828952,ENDAVA ARGENTINA S.R.L.,Argentina,100+
a9def1f9385776cf7cf89e3f404705ec,ENDAVA AUSTRALIA PTY LTD,Australia,Subsidiary,www.endava.com,HH2026349260104,747075029,ENDAVA AUSTRALIA PTY LTD,Australia,100+
0e87f1fe150877f7121f5ad89e4d6c52,ENDAVA D.O.O. BEOGRAD,Serbia,Subsidiary,www.endava.com,HH2026349260104,360250764,ENDAVA D.O.O. BEOGRAD,Serbia,100+
571079313c0085b388ddae52683f1b57,ENDAVA ROMANIA SRL,Romania,Subsidiary,www.endava.com,HH2026349260104,684045388,ENDAVA ROMANIA SRL,Romania,100+
26f55d6ac872454001d1a03f9ddce487,ENEL IBERIA SL.,Spain,Subsidiary,www.enelgreenpower.com,HH2026433013984,462042079,ENEL IBERIA SL.,Spain,300+
93f5faab96eb98bba0be3b1283b0d27b,ENEL PRODUZIONE SPA,Italy,,www.enelgreenpower.com,HH2026433013984,440769949,ENEL PRODUZIONE SPA,Italy,300+
5c09fd0bfcbf248c0e3f893d4106de77,ENERSYS LTD.,United Kingdom,Subsidiary,www.enersys.com,HH2026052412533,216005629,ENERSYS LTD.,United Kingdom,24+
4cfc78ef21d64c417e84f7df7ee21a60,ENNISMORE INTERNATIONAL MANAGEMENT LIMITED,United Kingdom,Subsidiary,www.ennismore.com,HH2026275937654,218439069,ENNISMORE INTERNATIONAL MANAGEMENT LIMITED,United Kingdom,1000+
262894ee1d4edcc170c649d967441a08,"ENNISMORE INTERNATIONAL USA, INC.",USA,Subsidiary,www.ennismore.com,HH2026275937654,108702209,"ENNISMORE INTERNATIONAL USA, INC.",USA,500+
3347e0aff83440f6838134b0b8c7c564,ENRICO GIOTTI SPA,Italy,Subsidiary,www.enrico-giotti.it,HH2026815587974,428491252,ENRICO GIOTTI SPA,Italy,20+
7261e29a5feff0046394a4a0b4092365,ENSTAR (EU) LIMITED,United Kingdom,Subsidiary,www.enstargroup.com,HH2026726798112,458100815,ENSTAR (EU) LIMITED,United Kingdom,30+
77ba53d61bb096b3050d13a6abfebf15,ENSTAR AUSTRALIA LIMITED,Australia,Independent,www.enstargroup.com,HH2026741309322,741309322,ENSTAR AUSTRALIA LIMITED,Australia,24+
9b88b9c304a6eb651d41d037020f2e59,EOS FITNEss,USA,Independent,www.eosfitness.com,HH2026058194708,58194708,EOS FITNESS,Greece,2000+
c745568fe946ca174e176c0a51a14d0d,EPICOR SOFTWARE (M) SDN. BHD.,Malaysia,Subsidiary,www.EPICOR.COM,HH2026080405368,597119945,EPICOR SOFTWARE (M) SDN. BHD.,Malaysia,50+
33825a08bafb09b0cd22e5fdef69173b,ERGO Insurance SE,Estonia,Subsidiary,www.ergo.ee,HH2026317502557,535002620,ERGO Insurance SE,Estonia,20+
a3281d786d912db16372c4da8a833266,ERIE RISE LEADERSHIP ACADEMY CHARTER SCHOOL,USA,Independent,www.erieriseacademy.org,HH2026049019627,49019627,ERIE RISE LEADERSHIP ACADEMY CHARTER SCHOOL,USA,24+
784444d0beae8a78711fc642c882d7d2,ERM INDIA PRIVATE LIMITED,India,Subsidiary,www.erm.com,HH2026228078530,915344501,ERM INDIA PRIVATE LIMITED,India,500+
71603d61bd3daf0dd4cc3525cefd55ac,"ERM-EUROPE,LTD",United Kingdom,Subsidiary,www.erm.com,HH2026228078530,396710352,"ERM-EUROPE,LTD",United Kingdom,500+
95cb3ce089ed282484714bbe8f8dc718,"ERT, INC.",Japan,Independent,www.ert.com,HH2026691978638,691978638,ERT株式会社,Japan,50+
5ab027f1f8d1977e99dc8170cc64351e,ESA European Space Agency,Germany,Subsidiary,www.esa.de,HH2026734511694,321055055,ESA European Space Agency,Germany,20+
90c5c748c083ff39ef6229246d6a51bf,ESSITY PAKISTAN LIMITED,Pakistan,Subsidiary,www.essity.com,HH2026356004804,645766036,ESSITY PAKISTAN LIMITED,Pakistan,300+
e43e0d07e887d0d44094a223067241da,"EUROFINS ANALYTICAL SCIENCE LABORATORIES, INC.",Japan,Subsidiary,www.eurofins.co.jp,HH2026400870870,694235149,ユーロフィン分析科学研究所株式会社,Japan,2000+
d066a6993f939b75ea92a7503c1cd306,EUROFINS NM LABORATORY SDN. BHD.,Malaysia,Subsidiary,www.eurofins.my,HH2026400870870,652481305,EUROFINS NM LABORATORY SDN. BHD.,Malaysia,2000+
a2ebf04ffacc32cf7dc5290e5aee8e99,EUROFINS PRODUCT TESTING JAPAN K.K.,Japan,Subsidiary,www.eurofins.co.jp,HH2026400870870,716882915,ユーロフィン・プロダクト・テスティング株式会社,Japan,2000+
f3595b72673f28a6728555f9c842375d,EUROMONITOR INTERNATIONAL LIMITED,United Kingdom,Subsidiary,www.euromonitor.com,HH2026231735521,211523832,EUROMONITOR INTERNATIONAL LIMITED,United Kingdom,50+
feed13165515642da7935710ad2a4441,EUROMONITOR INTERNATIONAL RESEARCH & CONSULTING LTDA.,Brazil,Independent,www.euromonitor.com,HH2026903740659,903740659,EUROMONITOR INTERNATIONAL RESEARCH & CONSULTING LTDA.,Brazil,45+
3ac917778f08df4c27762e5c6cbee540,EURONET SERVICES INDIA PRIVATE LIMITED,India,Subsidiary,www.euronetworldwide.com,HH2026929862647,869537405,EURONET SERVICES INDIA PRIVATE LIMITED,India,15+
9780890c080c5fe09799f9617f74b1ed,EUROP ASSISTANCE ARGENTINA S.A.,Argentina,Subsidiary,www.europ-assistance.com.ar,HH2026338014483,971764774,EUROP ASSISTANCE ARGENTINA S.A.,Argentina,
fa70908ee183d8bcfc7ea5d5f8f4c2b3,EUROP AssISTANCE INDIA PRIVATE LIMITED,India,Parent,www.europ-assistance.in,HH2026650639573,650639573,EUROP ASSISTANCE INDIA PRIVATE LIMITED,India,20+
f7741269e26eea1520f8ac85243144a5,EUROP AssISTANCE POLSKA SP Z O O,Poland,Subsidiary,www.europ-assistance.pl,HH2026428405864,422521083,EUROP ASSISTANCE POLSKA SP Z O O,Poland,20+
5b03d4dd65215c48d7e42d1ef42e7ba,EUROPCAR FRANCE,Japan,,www.europcar.com,HH2026315016295,288720027,EUROPCAR FRANCE,Japan,
c37ae15a578402aff88d6d84016ad630,EUROPCAR IB SA,Spain,Subsidiary,www.europcar.es,HH2026315016295,462032905,EUROPCAR IB SA,Spain,
ac8b3ac719b202ca9d57dbb98adf78a7,EVERBUILD BUILDING PRODUCTS LIMITED,United Kingdom,Subsidiary,www.everbuild.co.uk,HH2026480000538,578372039,EVERBUILD BUILDING PRODUCTS LIMITED,United Kingdom,600+
d1ef979407bcaa3bcc039729752f5db1,EVERSANA INDIA PRIVATE LIMITED,India,Parent,www.eversana.com,HH2026650699320,650699320,EVERSANA INDIA PRIVATE LIMITED,India,100+
ab1c85f441ef823a2c56c4cf2298784c,EVM MOTORS & VEHICLES INDIA PRIVATE LIMITED,India,Parent,www.evmgroup.co.in,HH2026677226853,677226853,EVM MOTORS & VEHICLES INDIA PRIVATE LIMITED,India,1000+
e20ff863edf89d39f87c3cb27d3d39d3,EVONIK BANGLADESH LIMITED,Bangladesh,Subsidiary,www.evonik.com,HH2026327288155,731757519,EVONIK BANGLADESH LIMITED,Bangladesh,400+
871bd89c8beff00750c55a06b86986c0,EVOTEC (UK) LIMITED,United Kingdom,Subsidiary,www.evotec.com,HH2026344069638,770873545,EVOTEC (UK) LIMITED,United Kingdom,100+
d832783d43035f5fb34b5ffcbb43e675,EXCLUSIVE NETWORKS ASIA PTE. LTD.,Singapore,Subsidiary,www.exclusive-networks.com,HH2026270975973,894992338,EXCLUSIVE NETWORKS ASIA PTE. LTD.,Singapore,100+
e4651028fe52e33f50918ae4c67ec6e2,EXCLUSIVE NETWORKS LIMITED,United Kingdom,Subsidiary,www.exclusive-networks.com,HH2026270975973,578534554,EXCLUSIVE NETWORKS LIMITED,United Kingdom,100+
25852a1fce95644323f1e9a1781bc45,EXCLUSIVE NETWORKS SALES INDIA PRIVATE LIMITED,India,,www.exclusive-networks.com,HH2026270975973,676665818,EXCLUSIVE NETWORKS SALES INDIA PRIVATE LIMITED,India,100+
4a5328f6384cb7db536fe9c4c82d7819,EXCLUSIVE NETWORKS SOUTH AFRICA (PTY) LTD,South Africa,Parent,www.exclusive-networks.com,HH2026640148821,640148821,EXCLUSIVE NETWORKS SOUTH AFRICA (PTY) LTD,South Africa,100+
e1e9d99fa1a575a19c0dc01b8c192882,EXOTEC,France,Parent,www.exotec.com,HH2026267367236,267367236,EXOTEC,France,50+
9ead8c8e5eef29c8b41776cce665c6f9,"EXPERIAN INFORMATION SOLUTIONS, INC.",Mexico,,www.experian.com,HH2026365214688,56293352,"EXPERIAN INFORMATION SOLUTIONS, INC.",Mexico,10+
34f45fed80773c797faa2a29356bfec7,EXPREss NEWSPAPERS,United Kingdom,Subsidiary,www.express.co.uk,HH2026212209829,210025946,EXPRESS NEWSPAPERS,United Kingdom,6
0153b3f318dbb51c448d850ded721fb8,"EXSIF WORLDWIDE, INC.",USA,Subsidiary,www.exsif.com,HH2026001024314,1719868,"EXSIF WORLDWIDE, INC.",USA,500+
557f040d9c1d9c8ef1cd1dd6d6e8a4d0,EXTREME NETWORKS AUSTRALIA PTY LIMITED,Australia,Subsidiary,www.extremenetworks.com,HH2026960162576,750871048,EXTREME NETWORKS AUSTRALIA PTY LIMITED,Australia,100+
c47a2111173d7336655497e55b3e4f62,EXXETA AG,Germany,Subsidiary,www.exxeta.com,HH2026314133320,329723329,EXXETA AG,Germany,100+
4e8ea044b56cacde8044b460dd628eb1,"Ebates Performance Marketing, Inc.",USA,Parent,www.ebates.com,HH2026073504321,73504321,"Ebates Performance Marketing, Inc.",USA,15+
b2052a9c941d7375df318e065cb2261b,"Egismex, S.A. de C.V.",Mexico,Subsidiary,www.egis-group.com,HH2026277226882,812914015,"Egismex, S.A. de C.V.",Mexico,1000+
40c64237602c2b8b2c7812dac606d230,Elanco Belgium,Belgium,Subsidiary,www.elanco.com,HH2026081373036,401083697,Elanco Belgium,Belgium,300+
597a9250c338b51654701c7dc93b12a0,Elanco Deutschland GmbH,Germany,Subsidiary,www.elanco.com,HH2026081373036,313397393,Elanco Deutschland GmbH,Germany,300+
b6c4af4ac8d01faedec717d87e47d34b,"Elanco Salud Animal, S.A. de C.V.",Mexico,Subsidiary,www.elanco.com,HH2026081373036,812434900,"Elanco Salud Animal, S.A. de C.V.",Mexico,300+
b6451edf30542421303643e017555f6c,Eldorado Unit School District #4,USA,Parent,www.eld4.org,HH2026075898965,75898965,Eldorado Unit School District #4,USA,50+
a4a4fed8e963d107bd57e024606e95a9,"Elevance Health, Inc.",USA,,www.elevancehealth.com,HH2026037955940,80974065,"Elevance Health, Inc.",USA,300+
e28094498e91651ffd48ec94121c9c71,Elliot Hospital of The City of Manchester,USA,Subsidiary,www.elliothospital.org,HH2026081255959,73991085,Elliot Hospital of The City of Manchester,USA,500+
d31a8fb924c791144e09ac0990755d8f,Ellsworth Corporation,USA,Parent,www.ellsworth.com,HH2026082815226,82815226,Ellsworth Corporation,USA,35+
7cfb16f3a36a5ee1d39411920dd51c9b,Elsevier Inc.,USA,Subsidiary,www.elsevier.com,HH2026210244596,1937218,Elsevier Inc.,USA,100+
d94feed0ceb41e5518342cad584cd340,Emerson College,USA,Parent,www.emerson.edu,HH2026043411438,43411438,Emerson College,USA,35+
c6173598465851f30334a76f4ed622e1,Emirates NBD Bank (P.J.S.C),India,Subsidiary,www.emiratesnbd.com,HH2026561764056,860471618,Emirates NBD Bank (P.J.S.C),India,24+
287e598992965ed43fb9d72e9f419375,"Emory Healthcare, Inc.",USA,Subsidiary,www.emoryhealthcare.org,HH2026066469933,35280853,"Emory Healthcare, Inc.",USA,50+
65516cfa422f192673e3b60904815059,Encore Group (USA) LLC,USA,Subsidiary,www.encoreglobal.com,HH2026144630571,622222560,ENCORE GROUP (USA) LLC,USA,15+
29dafdf9d7948d57d1e0e255f28e1790,Enel Chile S.A.,Chile,Subsidiary,www.enel.cl,HH2026433013984,815634355,Enel Chile S.A.,Chile,400+
89725346299b687ac4c3de5ad7af8422,Enersul Inc,Canada,Subsidiary,www.enersul.com,HH2026001024314,209101489,Enersul Inc,Canada,500+
2dee932a058465673be2ff0ae3738927,"EngageSmart, Inc.",USA,Subsidiary,www.engagesmart.com,HH2026119231591,118040945,"EngageSmart, Inc.",USA,20+
997d101a76b4e8fc7dbd6bff9be7a726,"Envysion, Inc.",USA,Subsidiary,www.envysion.com,HH2026001325463,175448997,"Envysion, Inc.",USA,500+
afe132b44e2b17ce1d7cc8099f29e8a2,Epicor Software Corporation,USA,Subsidiary,www.epicor.com,HH2026080405368,968188693,Epicor Software Corporation,Hungary,50+
cdc54ec676ec9bdc415e265fd901358b,"Equity LifeStyle Properties, Inc.",USA,Parent,www.equitylifestyleproperties.com,HH2026802089169,802089169,"Equity LifeStyle Properties, Inc.",USA,600+
8f96a56a12b8917e1ba6075e743cc23a,EssITY HELLAS MONOPROSOPI ANONYMI ETAIREIA PROIONTON CHARTOU PROSOPIKIS FRONTIDAS & YGIEIN,Greece,Subsidiary,www.essity.com,HH2026356004804,728482915,ESSITY HELLAS MONOPROSOPI ANONYMI ETAIREIA PROIONTON CHARTOU PROSOPIKIS FRONTIDAS & YGIEIN,Greece,300+
fa3a945ffbb00a20d6290b6234c74610,EssITY OPERATIONS GOA LIMITED,India,Subsidiary,www.essity.com,HH2026356004804,873722595,ESSITY OPERATIONS GOA LIMITED,India,300+
34cded387cf9781c0d503fba0b9d0b48,EssITY UK LIMITED,United Kingdom,Subsidiary,www.essity.com,HH2026356004804,458890126,ESSITY UK LIMITED,United Kingdom,300+
ff86f7a0a099420633832ee955df072d,Essity Austria GmbH,Austria,Subsidiary,www.essity.com,HH2026356004804,300390713,Essity Austria GmbH,Austria,300+
e6c2220755c8b7b1d3d84be3a274fd94,Essity Estonia OU,Estonia,Independent,www.essity.com,HH2026565537815,565537815,Essity Estonia OU,Estonia,300+
eaba7f8d1d6d1cc7c4a04b08d88f35f,Essity Hygiene and Health AB,Sweden,,www.essity.se,HH2026356004804,353945611,Essity Hygiene and Health AB,Sweden,300+
af5b8ea6a04b8a785dada189b93861ff,Essity Operations Mannheim GmbH,Germany,Subsidiary,www.essity.com,HH2026356004804,316015973,Essity Operations Mannheim GmbH,Germany,300+
78818f671ab73417cc7382887572c8cd,Essity Operations Neuss GmbH,Germany,Subsidiary,www.essity.de,HH2026356004804,551195725,Essity Operations Neuss GmbH,Germany,300+
f3b39bab900e6fab34906c95cbdf1445,Eurofins CDMO Alphora Inc,Canada,,www.eurofins.com,HH2026400870870,203589325,Eurofins CDMO Alphora Inc,Canada,2000+
fa4a6be8e9685dfb3ab10fd2a359e3a9,"Eurofins Food Chemistry Testing Des Moines, Inc.",USA,Subsidiary,www.eurofinsus.com,HH2026400870870,21941398,"Eurofins Food Chemistry Testing Des Moines, Inc.",USA,2000+
e6a0cfa363c375a714b8336cec8a7d3d,Eurofins INLAB GmbH,Germany,Subsidiary,www.eurofins.de,HH2026400870870,341684272,Eurofins INLAB GmbH,Germany,2000+
73204370ee5489b5765c0b30b5631d45,Euronext N.V.,Netherlands,Parent,www.euronext.com,HH2026491305794,491305794,Euronext N.V.,Netherlands,100+
f8e86d62721f711db74e9fea4a37fdeb,Europ Assistance Services GmbH,Germany,Subsidiary,www.europ-assistance.de,HH2026428405864,317923886,Europ Assistance Services GmbH,Germany,20+
798a49d8d5f78f7cfdc1bc852b7da045,Europ Assistance d.o.o.,Slovenia,Subsidiary,www.europ-assistance.si,HH2026428405864,522479474,Europ Assistance d.o.o.,Slovenia,20+
96d0ce815b75579cd26ab0bc39a8ed3,Evac Holding Oy,Finland,,www.evac.com,HH2026368536432,368536432,Evac Holding Oy,Finland,6
a826cbaa958a3e56cc6a47c61c262cf6,"Everest Rehabilitation Hospitals, LLC",USA,Parent,www.everestrehab.com,HH2026025357339,25357339,"Everest Rehabilitation Hospitals, LLC",USA,4
16efcf8db7f46b87f00354c9ce412f9,Everwise Credit Union,USA,,www.everwisecu.com,HH2026074309527,74309527,Everwise Credit Union,USA,35+
c27b58f4647f1f9f1fea9634bfea4e03,Evotec SE,Germany,Parent,www.evotec.com,HH2026344069638,344069638,Evotec SE,Germany,100+
6115f5e2eab7c7c402fb0a78d75af8ce,Exclusive Networks B.V.,Netherlands,Subsidiary,www.exclusive-networks.com,HH2026373353692,489777724,Exclusive Networks B.V.,Netherlands,100+
90cddcc8e9bee72aeaa0b02bfa2d2338,"Exelixis, Inc.",USA,Parent,www.exelixis.com,HH2026879810109,879810109,"Exelixis, Inc.",USA,45+
ddf13b68b7548ededb0da4cad47605e7,"Expedia Group, Inc.",USA,Parent,www.expediagroup.com,HH2026092180517,92180517,"Expedia Group, Inc.",USA,100+
da2c6606f311e7a820b05de65dabfa64,"FACTS Education Solutions, LLC",USA,Subsidiary,www.factsmgt.com,HH2026134960447,117262718,"FACTS Education Solutions, LLC",USA,50+
51013962e92c5f13928b6f715d1e66ce,FACTSET RESEARCH LIMITED,United Kingdom,Subsidiary,www.factset.com,HH2026189740558,345117639,FACTSET RESEARCH LIMITED,United Kingdom,50+
eddf77f780f17b37f33a7d138bd80d13,FACTSET SYSTEMS INDIA PRIVATE LIMITED,India,Subsidiary,www.factset.com,HH2026189740558,915787248,FACTSET SYSTEMS INDIA PRIVATE LIMITED,India,50+
41c33e12d08a117bfd29f7132e92ca88,FAIR ISAAC INDIA SOFTWARE PRIVATE LIMITED,India,Subsidiary,www.fairisaac.com,HH2026074664715,919008768,FAIR ISAAC INDIA SOFTWARE PRIVATE LIMITED,India,50+
a900fb27e96ccf5e43724f98f23929c,FALCK INDIA PRIVATE LIMITED,India,,www.falck.in,HH2026305394157,864353357,FALCK INDIA PRIVATE LIMITED,India,20+
a40fefb2bf0ba9f3f1136993a1452558,FALCK SCI SA.,Spain,Subsidiary,www.falck.com,HH2026305394157,467131686,FALCK SCI SA.,Spain,24+
044adfa41321bb49a89c648456e36e20,FCM TRAVEL SOLUTIONS (INDIA) PRIVATE LIMITED,India,Subsidiary,www.fcmtravel.com,HH2026758528079,650251189,FCM TRAVEL SOLUTIONS (INDIA) PRIVATE LIMITED,India,400+
ee279eab64c8fe406b2008fd11359c40,FEDEX EXPRESS FR,France,Subsidiary,www.fedex.com,HH2026003141970,282651702,FEDEX EXPRESS FR,France,50+
d684dae37c0a9cb704fb252d4bb1cc74,FENWICK-LINDE,France,Subsidiary,www.fenwick-linde.fr,HH2026312552827,502955164,FENWICK-LINDE,France,500+
a98dbfb412e5083752c599ca60205ba6,FERRING PHARMACEUTICALS PRIVATE LIMITED,Singapore,Subsidiary,www.ferring.com,HH2026371640248,595338249,FERRING PHARMACEUTICALS PRIVATE LIMITED,India,50+
9b863047ea5a317dc57a39761076537e,FERROVIAL CORPORACION SA,Spain,Subsidiary,www.ferrovial.com,HH2026492878992,463397346,FERROVIAL CORPORACION SA,Spain,400+
e7825fdf14d312f75f452f2ccff71f71,FIDELITY BUSINEss SERVICES INDIA PRIVATE LIMITED,India,Subsidiary,www.fidelity.com,HH2026095856332,864531171,FIDELITY BUSINESS SERVICES INDIA PRIVATE LIMITED,India,400+
90f780c9707b5b8f15ef3d5e704e9611,FINASTRA GLOBAL LIMITED,United Kingdom,Subsidiary,www.finastra.com,HH2026815572845,217530327,FINASTRA GLOBAL LIMITED,United Kingdom,100+
55745380c98bf537ade30c629b91ed58,FINASTRA SOFTWARE SOLUTIONS (INDIA) PRIVATE LIMITED,India,Subsidiary,www.finastra.com,HH2026815572845,915331373,FINASTRA SOFTWARE SOLUTIONS (INDIA) PRIVATE LIMITED,India,100+
451bc8faae08b9a7afdec1a8a9b1d911,FIRST PROTOCOL EVENT MANAGEMENT LIMITED,United Kingdom,Subsidiary,www.firstprotocol.co.uk,HH2026230788445,424428563,FIRST PROTOCOL EVENT MANAGEMENT LIMITED,United Kingdom,
bb79f309653b6371d41819d703af05d0,FLEXTRONICS (ISRAEL) LTD,Israel,Independent,www.flex.com,HH2026532387370,532387370,FLEXTRONICS (ISRAEL) LTD,Mexico,1000+
992e783df1b2836bcf8abdb422f3768d,FLEXTRONICS GLOBAL SERVICES (MANCHESTER) LIMITED,United Kingdom,Subsidiary,www.flex.com,HH2026595240953,228439063,FLEXTRONICS GLOBAL SERVICES (MANCHESTER) LIMITED,United Kingdom,1000+
3511a4c072265e2badb79619d503399d,FLEXTRONICS ITALY SPA,Italy,Subsidiary,www.flex.com,HH2026595240953,440178759,FLEXTRONICS ITALY SPA,Italy,1000+
0254c8679bbf522a6b3669075db496ca,FLEXTRONICS LOGISTICS POLAND SP Z O O,Poland,Subsidiary,www.flex.com,HH2026509036703,422475843,FLEXTRONICS LOGISTICS POLAND SP Z O O,Poland,1000+
cbac54f08f7bf82236b2a69ef174f6fc,FLEXTRONICS TECHNOLOGIES (INDIA) PRIVATE LIMITED,India,Subsidiary,www.flex.com,HH2026595240953,862256682,FLEXTRONICS TECHNOLOGIES (INDIA) PRIVATE LIMITED,India,1000+
a33aa52c643755fab691568c3bb4793a,FLOWSERVE DO BRASIL LTDA.,Brazil,Subsidiary,www.flowserve.com,HH2026004241550,898696661,FLOWSERVE DO BRASIL LTDA.,Brazil,400+
ef940d740662e3d2a0d76f34be40331c,FLOWSERVE INDIA CONTROLS PRIVATE LIMITED,India,Subsidiary,www.flowserve.com,HH2026004241550,915187728,FLOWSERVE INDIA CONTROLS PRIVATE LIMITED,India,400+
bd51c6186ec939a9050561d2e08688a8,FLOWSERVE SPAIN SL,Spain,Subsidiary,www.flowserve.com,HH2026004241550,462013392,FLOWSERVE SPAIN SL,Spain,400+
c7674e1fdeaeafad424220b07915ec35,FLOWSERVE SRL,Italy,Subsidiary,www.flowserve.com,HH2026004241550,444292254,FLOWSERVE SRL,Italy,400+
b656a867b203686a409f6a30b5c4245b,FLSMIDTH (PTY) LTD,South Africa,Subsidiary,www.flsmidth.com,HH2026306118803,638317115,FLSMIDTH (PTY) LTD,South Africa,100+
bffbe9bbd2a2571eb4ab83e437dafd98,FLUIDSTACK LTD,United Kingdom,Parent,www.fluidstack.io,HH2026223390249,223390249,FLUIDSTACK LTD,United Kingdom,200+
532446766e33369663bc95c0b328a8d0,FMC Corporation,USA,Parent,www.fmc.com,HH2026009146945,9146945,FMC Corporation,USA,50+
041f40eaf954f779cf16b77df147e2e0,FMC FORET SA,Spain,Subsidiary,www.fmc.com,HH2026599471192,460023286,FMC FORET SA,Switzerland,50+
73510543ac54a63a8046ec93009aff1b,FMC INTERNATIONAL A.G.,Ireland,Subsidiary,www.fmc.com,HH2026221296097,986019118,FMC INTERNATIONAL A.G.,Ireland,50+
8770c4aea418d69fc671dcaf9821d2df,FMC International Switzerland Sàrl,Switzerland,Subsidiary,www.fmc.com,HH2026009146945,480180461,FMC International Switzerland Sàrl,Switzerland,50+
80f6b00448f270f66b9f85f956425db8,FMC Separation Systems B.V.,Netherlands,Subsidiary,www.fmctechnologies.com,HH2026221296097,418867933,FMC Separation Systems B.V.,Netherlands,50+
a34989001e6e36e34b3fbb3bc66dd55c,FOREST HILL STATE SCHOOL,Australia,Independent,www.forehillss.eq.edu.au,HH2026757269761,757269761,FOREST HILL STATE SCHOOL,Australia,45+
87fb8debd1c53bb58e618d656976b3c5,FORHOUSING LIMITED,United Kingdom,Parent,www.forhousing.co.uk,HH2026211220552,211220552,FORHOUSING LIMITED,United Kingdom,50+
5c8a461fb035d4dca814e8c5c0f42d2e,FORMEL D DO BRASIL LTDA,Brazil,Parent,www.formeld.com,HH2026902059448,902059448,Formel D do Brasil Ltda,Brazil,35+
cc1380e1dcf5c9ed509f71faf6edd9f8,FORTREA CLINICAL DEVELOPMENT PRIVATE LIMITED,India,Subsidiary,www.fortrea.com,HH2026119024316,725502061,FORTREA CLINICAL DEVELOPMENT PRIVATE LIMITED,India,300+
77c2f63585902efbe1c07c99547233bb,FORTREA SCIENTIFIC PRIVATE LIMITED,India,Parent,www.fortrea.com,HH2026650677409,650677409,FORTREA SCIENTIFIC PRIVATE LIMITED,India,300+
719bf49efc8a48817a6ea5d48fa95485,FOUR SEASONS HOTEL FIRST RESIDENCE,Egypt,Independent,www.fourseasons.com,HH2026558495678,558495678,FOUR SEASONS HOTEL FIRST RESIDENCE,Egypt,50+
dd569c7d22fdd2024f48e955c2e17cef,FOUR SEASONS HOTEL KUALA LUMPUR,Malaysia,Subsidiary,www.fourseasons.com,HH2026659311881,659301788,FOUR SEASONS HOTEL KUALA LUMPUR,Malaysia,50+
c3caa258890cad1b433241a6938a9183,FRANCE BOISSONS,France,Subsidiary,www.france-boissons.fr,HH2026409856346,381621911,FRANCE BOISSONS,France,500+
9abea8a6e9f6eafbed172978eb81f7fc,FRASERS PROPERTY AUSTRALIA PTY LIMITED,Australia,Subsidiary,www.frasersproperty.com.au,HH2026595114158,750451200,FRASERS PROPERTY AUSTRALIA PTY LIMITED,Australia,24+
ff380a81259555af9df5b6f7ab93ec1c,FRESENIUS MEDICAL CARE ITALIA SPA,Italy,Subsidiary,www.freseniusmedicalcare.com,HH2026324661834,443094933,FRESENIUS MEDICAL CARE ITALIA SPA,Italy,2000+
c10a978866e80aa2e32006f002a68083,FRESENIUS MEDICAL CARE JAPAN K.K.,Japan,Subsidiary,www.freseniusmedicalcare.com,HH2026324661834,696082254,フレゼニウスメディカルケアジャパン株式会社,Japan,2000+
c246bea7fe501ade695196fad61ddeae,FRESENIUS MEDICAL CARE MALAYSIA SDN. BHD.,Malaysia,Subsidiary,www.freseniusmedicalcare.my,HH2026324661834,597831465,FRESENIUS MEDICAL CARE MALAYSIA SDN. BHD.,Malaysia,2000+
627902b48af886c488b07a32ae09589e,FRESENIUS MEDICAL CARE Magyarorsz g Eg‚szs‚ggyi Korl tolt Feleloss‚gu T rsas g,Hungary,Subsidiary,www.freseniusmedicalcare.hu,HH2026324661834,425026981,FRESENIUS MEDICAL CARE Magyarország Egészségügyi Korlátolt Felelősségű Társaság,Hungary,2000+
fa3642e064f6ae42a78657ecf0cdaa2d,FRESENIUS MEDICAL CARE SOUTH AFRICA (PTY) LTD,South Africa,Independent,www.freseniusmedicalcare.com,HH2026538532904,538532904,FRESENIUS MEDICAL CARE SOUTH AFRICA (PTY) LTD,South Africa,2000+
bb132016148f694e59e4860141aad5ba,FRESENIUS MEDICAL CARE VIETNAM LIMITED LIABILITY COMPANY,Vietnam,Subsidiary,www.freseniusmedicalcare.com.vn,HH2026815491348,556418871,FRESENIUS MEDICAL CARE VIETNAM LIMITED LIABILITY COMPANY,Vietnam,2000+
8e29d839bf6078c06c65e9318b50ff24,FRESHFIELDS,Hong Kong,Independent,www.freshfields.com,HH2026686578766,686578766,FRESHFIELDS,Hong Kong,100+
fe5b1ed25b50ddca582488ddcee58e28,FRESHFIELDS LLP,Italy,Subsidiary,www.freshfields.com,HH2026211082856,338467849,FRESHFIELDS LLP,Italy,100+
4c42a1cc8d586a27fedee26640128d50,FRESHFIELDS SERVICES,France,Subsidiary,www.freshfields.com,HH2026211082856,647674522,FRESHFIELDS SERVICES,France,100+
cadfa1ffc41b40d48f763e76feefc800,"FROSTBURG STATE UNIVERSITY FOUNDATION, INCORPORATED",USA,Subsidiary,www.frostburg.edu,HH2026003256088,143485568,"FROSTBURG STATE UNIVERSITY FOUNDATION, INCORPORATED",USA,24+
8af0bcae6cb6873ff05d84d2cd0f6c86,FTI-Andersch AG,Germany,Subsidiary,www.fti-andersch.com,HH2026049893410,342593369,FTI-Andersch AG,Germany,200+
2e712f01f056edd8495da4d8db2404f2,FUTURE FUND MANAGEMENT AGENCY,Australia,Independent,www.futurefund.gov.au,HH2026755508046,755508046,FUTURE FUND MANAGEMENT AGENCY,Australia,3
f1054c4e2021c1509b1a1e45df3a34b9,FWD INSURANCE BERHAD,Malaysia,,www.fwd.com.my,HH2026018300884,652382474,FWD INSURANCE BERHAD,Malaysia,100+
da3675ec1c574513788c3ec1a01b1cb6,Fairfield Community School District,USA,,www.fairfield.k12.in.us,HH2026085374924,85374924,Fairfield Community School District,USA,
8a95ef0a18037d128fae930ef81331c6,Fairfield University,USA,Parent,www.fairfield.edu,HH2026072120702,72120702,Fairfield University,USA,
a116cf1813dbfa64cf83f658edfe0684,"Fairlife, LLC",USA,Subsidiary,www.fairlife.com,HH2026003296175,55611887,"Fairlife, LLC",USA,50+
0e1e6d63fc6c60e1cba75061a1b06110,"Faith Technologies, Inc.",USA,Parent,www.faithtechnologies.com,HH2026124329231,124329231,"Faith Technologies, Inc.",USA,300+
fc4da7e840d8c79e2b465486e1a0d51d,Family Practice Center,USA,Independent,www.familypracticecenter.com,HH2026361024685,361024685,Family Practice Center,USA,6
ebc2d8e1d205ebcd1539de1c2593f516,Fara AS,Norway,Subsidiary,www.fara.no,HH2026253970487,731380726,Fara AS,Norway,2000+
2d52c51061d484d645d39072ccee72c2,Fayette County,USA,Parent,www.fayettetn.us,HH2026016107724,16107724,Fayette County,USA,2
226cd61ad1a21ce0af818ec7004b167f,Ferrara Candy Company,USA,Subsidiary,www.ferrara.com,HH2026400603700,5106224,Ferrara Candy Company,USA,50+
caf769c036a5c5be7e71e0cee58a417f,Fiduciary Trust Company International,USA,Subsidiary,www.fiduciarytrust.com,HH2026071883169,6983654,Fiduciary Trust Company International,USA,100+
3de5bf9e57757a09fcd2f3c884828d05,"First Quality Tissue, LLC",USA,Subsidiary,www.firstquality.com,HH2026884576013,143535271,"First Quality Tissue, LLC",USA,100+
a3839551dbc4bc6f7752e524562b02c2,FirstBank,USA,Subsidiary,www.firstbankonline.com,HH2026602948812,36357499,FirstBank,USA,35+
52177b225e4e8c29b3c118dbbf49cc10,Fisk Electric Company,USA,Subsidiary,www.fiskcorp.com,HH2026006954432,8425084,Fisk Electric Company,USA,200+
998af0e400cc89ff3c4ee649b8de1ab3,Flex Precision Plastics Solutions (Switzerland) AG,Switzerland,Subsidiary,www.flex.com,HH2026595240953,480189851,Flex Precision Plastics Solutions (Switzerland) AG,Switzerland,1000+
87a3326298dc93e2cd6d60f59c6d254d,"Flexport, Inc.",USA,Parent,www.flexport.com,HH2026079414014,79414014,"Flexport, Inc.",USA,100+
fdbb66eb8f80a8e292208b5f5ae7523b,Flextronics International Gesellschaft m.b.H.,Austria,Subsidiary,www.flex.com,HH2026595240953,302830716,Flextronics International Gesellschaft m.b.H.,Austria,1000+
6ac9353cb643202fc836e8fedf0fbe43,Floco Legacy Corp.,USA,Subsidiary,www.florencecorp.com,HH2026072271711,12359345,Floco Legacy Corp.,USA,200+
c0f202a409d02859cc4ebdc1a29f47fe,Flowserve Belgium,Belgium,Subsidiary,www.flowserve.com,HH2026004241550,372506014,Flowserve Belgium,Belgium,400+
5fcc202428c868cb2bb7fe4f516a0f5d,Flowserve Corporation,USA,Parent,www.flowserve.com,HH2026004241550,4241550,Flowserve Corporation,USA,400+
00672b8b491fca944ce58352e276b941,"Fogo de Chao, Inc.",USA,Subsidiary,www.fogodechao.com,HH2026081185677,79860931,"Fogo de Chao, Inc.",USA,300+
c41b20e16f11f7c4df3915347f250af7,"Forrest Solutions, Inc.",USA,Subsidiary,www.forrestsolutions.com,HH2026118962983,177259900,"Forrest Solutions, Inc.",USA,100+
0e18cec840ee09421e824484f994b1c8,Foxway AS,Norway,Subsidiary,www.foxway.com,HH2026315413288,345210643,Foxway AS,Norway,15+
917791716c9768736d06f73c37e29cd5,"Freightliner Of Utah, A Limited Liability Company",USA,Parent,www.freightliner.com,HH2026946412087,946412087,"Freightliner Of Utah, A Limited Liability Company",USA,50+
bf3ec1a0bc97f2c812f9589a8f305d06,Fresenius Medical Care (Schweiz) AG,Switzerland,Subsidiary,www.freseniusmedicalcare.ch,HH2026324661834,481286789,Fresenius Medical Care (Schweiz) AG,Switzerland,2000+
670ebd5a46f99a8f51773e77d3f8c444,"Fresenius Medical Care Canada, Inc.",Canada,Subsidiary,www.freseniusmedicalcare.ca,HH2026324661834,251896056,"Fresenius Medical Care Canada, Inc.",Canada,2000+
f19e6d6c339b94670c5e05d7d4be4cbb,Fresenius Medical Care Sverige AB,Sweden,Subsidiary,www.freseniusmedicalcare.se,HH2026324661834,354777542,Fresenius Medical Care Sverige AB,Sweden,2000+
8c2f8e032c5109945f24ce92c7132085,"Fresenius Medical Care Taiwan Co., Ltd.",Taiwan,Subsidiary,www.freseniusmedicalcare.com,HH2026324661834,657476073,"Fresenius Medical Care Taiwan Co., Ltd.",Taiwan,2000+
753ed394494e159ddbed2068656356af,"Fried, Frank, Harris, Shriver & Jacobson LLP",USA,Parent,www.friedfrank.com,HH2026068248780,68248780,"Fried, Frank, Harris, Shriver & Jacobson LLP",USA,45+
7e0ea24a5f3dfd3d03b26ce46d20bb34,"Furman University Foundation, Inc.",USA,Parent,www.furman.edu,HH2026044937407,44937407,"Furman University Foundation, Inc.",USA,24+
87d713092794cfc59193641b723673ef,GALDERMA BRASIL LTDA,Brazil,Subsidiary,www.galderma.com.br,HH2026480576349,901222877,GALDERMA BRASIL LTDA,Brazil,300+
35b5325a1c646e96d20f4807015bed1b,GAP JAPAN K.K.,Japan,Subsidiary,www.gapinc.com,HH2026048626915,691670921,ギャップジャパン株式会社,Japan,200+
d4483e2017ac8421b33e94eb1ac4fa17,GATE GOURMET (HOLDINGS) PTY LTD,Australia,Subsidiary,www.gategourmet.com,HH2026659764241,753822816,GATE GOURMET (HOLDINGS) PTY LTD,Australia,200+
997cb461821cebdad259d8cfa186a3b8,GATE GOURMET ARGENTINA S.R.L.,Argentina,Subsidiary,www.gategourmet.com,HH2026659764241,970279873,GATE GOURMET ARGENTINA S.R.L.,Argentina,
2e69dfb146408edd75d9a8635d25007e,GATE GOURMET ITALIA SRL,Italy,Subsidiary,www.gategroup.com,HH2026659764241,436258066,GATE GOURMET ITALIA SRL,Italy,200+
7c67c7363bb24585553699faff684eec,GATE GOURMET LTDA,Brazil,Parent,www.gategourmet.com.br,HH2026897002135,897002135,GATE GOURMET LTDA,Brazil,200+
8b28643004e36b173e052595a6239b65,GATE GOURMET NEW ZEALAND LIMITED,New Zealand,Subsidiary,www.gategroup.com,HH2026659764241,595073584,GATE GOURMET NEW ZEALAND LIMITED,New Zealand,200+
e2b91cc31307010306d7deafd22ec397,GATE GOURMET PAKISTAN (PVT.) LIMITED,Pakistan,Subsidiary,www.gategroup.com,HH2026659764241,645744884,GATE GOURMET PAKISTAN (PVT.) LIMITED,Pakistan,
e0e10f01a648b242ef6dbe9c7f5fe50a,GATE GOURMET SINGAPORE PTE. LTD.,Singapore,Subsidiary,www.gategourmet.com,HH2026659764241,937365187,GATE GOURMET SINGAPORE PTE. LTD.,Singapore,200+
c772aba17a2d0609e481881b4d8d7142,GATE GOURMET SPAIN SL,Spain,Subsidiary,www.gategroup.com,HH2026659764241,462043134,GATE GOURMET SPAIN SL,Spain,
d15a7d9c2f033d3c588899b3d68b7cb7,GEA Farm Technologies GmbH,Germany,Subsidiary,www.gea.com,HH2026315000109,332609569,GEA Farm Technologies GmbH,Germany,300+
e2618ebe070deedc7262427b46014170,GEA Group Aktiengesellschaft,Germany,Parent,www.gea.com,HH2026315000109,315000109,GEA Group Aktiengesellschaft,Germany,
4916499896c3fa6513c41a79f763b50,GEA Mechanical Equipment GmbH,Germany,,www.gea.com,HH2026315000109,315000935,GEA Mechanical Equipment GmbH,Germany,
7a85dc6621989ab007f07fae6509c064,"GEA North America, Inc.",USA,Subsidiary,www.gea.com,HH2026315000109,807628425,"GEA North America, Inc.",USA,
edfa8fbaad0092e4af7dd2d3e2d4dd75,GEA PROCEss ENGINEERING (INDIA) PRIVATE LIMITED,India,Subsidiary,www.gea.com,HH2026315000109,650747850,GEA PROCESS ENGINEERING (INDIA) PRIVATE LIMITED,India,300+
58fa87ff324be22b8b20dc2e7e221163,GEA PROCEss ENGINEERING LIMITED,United Kingdom,Subsidiary,www.gea.com,HH2026315000109,228578365,GEA PROCESS ENGINEERING LIMITED,United Kingdom,
f7c3cc4661c14e8bb9b201b357b05e8b,GEA WESTFALIA SEPARATOR FRANCE,France,Subsidiary,www.gea.com,HH2026315000109,634208110,GEA WESTFALIA SEPARATOR FRANCE,France,300+
4b3e6faff0486d81bcc5bec67437896c,GENERAL MILLS ELLAS EMPORIKI KAI VIOMICHANIKI ANONYMOS ETAIREIA TROFIMON,Greece,Subsidiary,www.generalmills.com.gr,HH2026006250740,499408446,GENERAL MILLS ELLAS EMPORIKI KAI VIOMICHANIKI ANONYMOS ETAIREIA TROFIMON,Greece,300+
cd6b03de62c84e1130ee970471170f49,GENERAL MILLS FRANCE,France,Parent,www.generalmills.com,HH2026413819314,268427705,GENERAL MILLS FRANCE,France,300+
fa078fc491d33020f39a6516b4329b03,GENESYS TELECOM LABS INDIA PRIVATE LIMITED,India,Parent,www.genesys.com,HH2026874073066,874073066,GENESYS TELECOM LABS INDIA PRIVATE LIMITED,India,100+
fdca7c4f956bcf00467f09764fa02017,GENPACT BRASIL GESTAO DE PROCEssOS OPERACIONAIS LTDA.,Brazil,Subsidiary,www.genpact.com,HH2026875669538,900049898,GENPACT BRASIL GESTAO DE PROCESSOS OPERACIONAIS LTDA.,Brazil,2000+
886197bcdbce58fa4babc4b19ea22f9a,GENPACT INDIA PRIVATE LIMITED,India,Subsidiary,www.genpact.com,HH2026875669538,675933749,GENPACT INDIA PRIVATE LIMITED,India,2000+
55dc81f86266a41076f313c9a20812b4,GEXPERTISE,France,Subsidiary,www.gexpertise.fr,HH2026492217377,260278046,GEXPERTISE,France,24+
9f0d2ab11f7333aa0e437617552d7a43,GOODMAN FIELDER CONSUMER FOODS PTY LIMITED,Australia,Subsidiary,www.goodmanfielder.com.au,HH2026750496650,753475920,GOODMAN FIELDER CONSUMER FOODS PTY LIMITED,Australia,24+
e7cf0078f92d4bc57122643117e5553a,GOODMAN FIELDER INTERNATIONAL (PNG) LIMITED,Papua New Guinea,Subsidiary,www.goodmanfielder.com,HH2026750496650,761019319,GOODMAN FIELDER INTERNATIONAL (PNG) LIMITED,Papua New Guinea,24+
476fbd65ac01ca76866b21247e4cd945,"GPS Capital Markets, LLC",USA,Subsidiary,www.gpsfx.com,HH2026619415789,122695302,"GPS Capital Markets, LLC",USA,100+
da82b97a3f51021b580d1dc8e33b23a1,GRACO INC.,USA,,www.graco.com,HH2026006253223,130484376,GRACO INC.,USA,100+
a802400216091537d456ae299df119a,"GRANGER MEDICAL CLINIC, P.C.",USA,,www.grangermedical.com,HH2026073012197,73012197,"GRANGER MEDICAL CLINIC, P.C.",USA,24+
ef6e68eef251d1b3969afe57cbf8072f,GRANT THORNTON CONSULTING D.O.O.,North Macedonia,Independent,www.grant-thornton.com.mk,HH2026499327960,499327960,GRANT THORNTON CONSULTING D.O.O.,North Macedonia,20+
79f86507787118c8e68ead1142eda2a9,GRATITUDE INDIA MANPOWER CONSULTANTS PRIVATE LIMITED,India,Parent,www.gratitudeindia.com,HH2026675909970,675909970,GRATITUDE INDIA MANPOWER CONSULTANTS PRIVATE LIMITED,India,6
a17dfa66b51a83dcd97f4efef8f785c4,GREEN IT GmbH,Germany,Subsidiary,www.green-it.tech,HH2026341353919,343099258,GREEN IT GmbH,Germany,50+
63527b2e7960c558be13c5ceee420333,GUARDIAN HEALTH AND BEAUTY SDN. BHD.,Malaysia,Subsidiary,www.guardian.com.my,HH2026875632531,534411063,GUARDIAN HEALTH AND BEAUTY SDN. BHD.,Malaysia,
898404358726d6cd9560cfc252988ba2,GUARDIAN WAREHOUSING LIMITED,United Kingdom,Subsidiary,www.guardian-warehousing.co.uk,HH2026225868949,736667259,GUARDIAN WAREHOUSING LIMITED,United Kingdom,100+
6cfed71be61397a8b7bbae5c9cebed11,Galderma Benelux B.V.,Netherlands,Subsidiary,www.galderma.com,HH2026480576349,415211833,Galderma Benelux B.V.,Netherlands,300+
8082711db2ea2d7b83c7df92896b972e,Galderma Research & Development LLC,USA,Subsidiary,www.galderma.com,HH2026480576349,799859590,Galderma Research & Development LLC,USA,300+
35f3e6fae4b4d8dd54e43e3e99405473,Gap (Canada) Inc,Canada,Subsidiary,www.gapinc.com,HH2026048626915,248449845,Gap (Canada) Inc,Canada,200+
7532dde9f7b01332f4ebd4ed4898b864,Gate Gourmet Amsterdam B.V.,Netherlands,Subsidiary,www.gategroup.com,HH2026659764241,407074251,Gate Gourmet Amsterdam B.V.,Netherlands,
f5c51c1872b97f80ce61b55894a22cb5,Gate Gourmet Belgium,Belgium,Subsidiary,www.gategroup.com,HH2026659764241,372486410,Gate Gourmet Belgium,Belgium,
7bcc577e05b14c70457d4794e7b025dd,Gate Gourmet Canada Inc.,Canada,Subsidiary,www.gategroup.com,HH2026659764241,245234351,Gate Gourmet Canada Inc.,Canada,
2d718389d0f0813aef009a57e0b3c568,Gate Gourmet Denmark ApS,Denmark,Subsidiary,www.gategroup.com,HH2026659764241,305001554,Gate Gourmet Denmark ApS,Denmark,
39c1b55ac7da2efbdc028d716a7a0de1,Gategourmet del Ecuador Cia. LTDA.,Ecuador,Subsidiary,www.gategroup.com,HH2026659764241,935191861,Gategourmet del Ecuador Cia. LTDA.,Ecuador,
0531a4b1adeee6f010c7f0444016b08c,"GeneDx, LLC",USA,Subsidiary,www.genedx.com,HH2026117644114,806428004,"GeneDx, LLC",USA,30+
cf2b18b0fcb7ba6a49546fa85d126969,"General Mills de Mexico, S. de R.L. de C.V.",Mexico,Subsidiary,www.generalmills.com.mx,HH2026006250740,812910859,"General Mills de México, S. de R.L. de C.V.",Mexico,300+
43fbb5c1188ce622f4b46b3901dae551,"General Mills, Inc.",USA,Parent,www.generalmills.com,HH2026006250740,6250740,"General Mills, Inc.",USA,300+
24d52d9ff5a2f7dd783f020901626f94,Georg Fischer AG,Switzerland,Parent,www.georgfischer.com,HH2026480002955,480002955,Georg Fischer AG,Switzerland,300+
832874570574543b2b11ed393956aa50,Georg Fischer B.V. & Co. KG,Germany,Parent,www.georgfischer.com,HH2026328895933,328895933,Georg Fischer B.V. & Co. KG,Germany,300+
bfee5e137865b482c9d0a644c8b7f53d,Georg Fischer GmbH,Germany,Subsidiary,www.georgfischer.com,HH2026328895933,328876628,Georg Fischer GmbH,Germany,300+
7758672dd3a070fcc50637153b472d67,George Town University Law Center,USA,Independent,www.georgetown.edu,HH2026837786094,837786094,George Town University Law Center,USA,100+
d524d7ad150d5702485da6aa86826355,Glaukos Corporation,USA,Parent,www.glaukos.com,HH2026012835406,12835406,Glaukos Corporation,USA,15+
2704221c0a58c161915789fcf19a4aaf,Glens Falls Hospital,USA,Subsidiary,www.glensfallshospital.org,HH2026144510203,60540382,Glens Falls Hospital,USA,500+
2716907ef71c0231c84f2ed12a1915e,Global Partners LP,USA,,www.globalp.com,HH2026602580867,602580867,Global Partners LP,USA,1000+
5660712d60b049a4b8d03d9f550cb1cb,Glomma Papp AS,Norway,Subsidiary,www.glommapapp.no,HH2026518923487,515071686,Glomma Papp AS,Norway,2000+
9ff199d4b54e0bba88874c64db141ddc,"GoodLeap, LLC",USA,Parent,www.goodleap.com,HH2026142230544,142230544,"GoodLeap, LLC",USA,35+
03f35c2751ce733b70583eef1b2ce653,"Goodwill Industries Of Sacramento Valley & Northern Nevada, Inc.",USA,Parent,www.goodwillsacto.org,HH2026076122639,76122639,"Goodwill Industries Of Sacramento Valley & Northern Nevada, Inc.",USA,500+
7277423863c3346493a10b3dad5fb40f,"Goodwill Industries of Southeastern Wisconsin, Inc.",USA,Parent,www.goodwillgreatermc.org,HH2026023389380,23389380,"Goodwill Industries of Southeastern Wisconsin, Inc.",USA,500+
c08ebcdd1ccd1348834078f0b0ca0640,Goodwin Procter LLP,USA,Parent,www.goodwinlaw.com,HH2026071715676,71715676,Goodwin Procter LLP,USA,24+
bb62baff1f345b56c380b75359c2d9d6,Government of the Province of Saskatchewan,Canada,Parent,www.gov.sk.ca,HH2026206122640,206122640,Government of the Province of Saskatchewan,Canada,1000+
3684ddd1523e6a5241013022e88dd465,Grand View University,USA,Parent,www.grandview.edu,HH2026083493726,83493726,Grand View University,USA,10
46e92548fb1bc5bbe80f5d13f981ab3b,Great Oaks Charter School,USA,Parent,www.greatoakslegacy.org,HH2026032442419,32442419,Great Oaks Charter School,USA,20+
0eba70c736d5168784042539f523134b,GreatAmerica Financial Services Corporation,USA,Parent,www.greatamerica.com,HH2026613478486,613478486,GreatAmerica Financial Services Corporation,USA,20+
8f7a422f008c69075b1dd7e3959b74d6,Green Dot New York Charter School,USA,Parent,www.greendot.org,HH2026833519197,833519197,Green Dot New York Charter School,USA,20+
7b42c1a33af155eda92a55f12fe590aa,"Grenzebach, Glier & Associates, Inc.",USA,Subsidiary,www.grenzebachglier.com,HH2026148970184,68628759,"Grenzebach, Glier & Associates, Inc.",USA,200+
c79df66c61002173c2bd02a985ac3d85,"Greystone & Co., Inc.",USA,Parent,www.greystone.com,HH2026361854219,361854219,"Greystone & Co., Inc.",USA,15+
9f4447e17209c80829aa5b1dbb99a5ee,Greystone Funding Company LLC,USA,Independent,www.greystone.com,HH2026117206787,117206787,Greystone Funding Company LLC,USA,15+
8e59b116294abaee0581d81fd2b11e7b,Grieg Seafood ASA,Norway,Subsidiary,www.griegseafood.com,HH2026519326128,519045678,Grieg Seafood ASA,Norway,1000+
fd5a0e7b0dd185a5634c2d1272090c50,Groesbeck Independent School District,USA,Parent,www.groesbeckisd.net,HH2026032985830,32985830,Groesbeck Independent School District,USA,2000+
015748fb3224fbfc6277933a2dd7990a,Grong Sparebank,Norway,Parent,www.grong-sparebank.no,HH2026519745467,519745467,Grong Sparebank,Norway,1000+
a26940606eed0939a6bc353d6f37fa14,"Guardian Healthcare Providers, Inc.",USA,Parent,www.guardianhealthcare.com,HH2026949158927,949158927,"Guardian Healthcare Providers, Inc.",USA,
5ca7509a86dde709b481f0f51d7f2cc5,"Guggenheim Partners, LLC",USA,Parent,www.guggenheimpartners.com,HH2026142603567,142603567,"Guggenheim Partners, LLC",USA,20+
cc4abfcaa4e34da7ad413b9f54bdf42,Guilford College,USA,,www.guilford.edu,HH2026042426064,42426064,Guilford College,USA,15+
4f327fa55b815b296063d744392a8bfc,HAI PHONG DEPARTMENT OF EDUCATION AND TRAINING,Vietnam,Subsidiary,www.haiphong.edu.vn,HH2026555286355,557218267,HAI PHONG DEPARTMENT OF EDUCATION AND TRAINING,Vietnam,
a97c937e5b96ff431b6a0b9b8d6425a6,"HARNEss, DICKEY & PIERCE, P.L.C.",USA,Parent,www.harnessip.com,HH2026076348549,76348549,"HARNESS, DICKEY & PIERCE, P.L.C.",USA,4
01be6a1bb5ad9cbbf9361246ad667616,HBF HEALTH LIMITED,Australia,Parent,www.hbf.com.au,HH2026756388257,756388257,HBF HEALTH LIMITED,Australia,20+
e120062f296fbb96ac1752b2c3dc68a,HEADMIND PARTNERS,France,,www.headmind.com,HH2026391414641,896038585,HEADMIND PARTNERS,France,50+
c62daada89895c34a85fb9a1456b2071,"HEART CITY HEALTH CENTER, INC.",USA,Independent,www.heartcityhealth.org,HH2026018876305,18876305,"HEART CITY HEALTH CENTER, INC.",USA,200+
5289853b0e23de1d6646e8ef392e017f,HEDGESERV LIMITED,Ireland,Subsidiary,www.hedgeserv.com,HH2026534010464,896871691,HEDGESERV LIMITED,Ireland,50+
28463be5a46edfe536dcd8a0c3ae2f27,HEIDELBERG INDIA PRIVATE LIMITED,India,Subsidiary,www.heidelberg.com,HH2026315014696,862233769,HEIDELBERG INDIA PRIVATE LIMITED,India,100+
6b13826d98b655aa1ff73f35a7b1a858,HELICOPTEROS DO BRASIL SA HELIBRAS,Brazil,Independent,www.helibras.com.br,HH2026898176771,898176771,HELICOPTEROS DO BRASIL SA HELIBRAS,Brazil,2000+
2e31fe14729f956a1de75bf33a5919c2,"HELIS PLAY, UAB",Lithuania,Subsidiary,www.helis.lt,HH2026225220833,537106859,"HELIS PLAY, UAB",Lithuania,30+
0dfc71b8272390d70a039c31049c4e32,HELLMANN WORLDWIDE LOGISTICS (PTY) LTD,South Africa,Subsidiary,www.hellmann.com,HH2026315954487,567483342,HELLMANN WORLDWIDE LOGISTICS (PTY) LTD,South Africa,300+
86a0e46266c0f87206e08eac3aa7ac3b,HELLMANN WORLDWIDE LOGISTICS DO BRASIL LTDA,Brazil,Subsidiary,www.hellmann.com,HH2026315954487,906722699,HELLMANN WORLDWIDE LOGISTICS DO BRASIL LTDA.,Brazil,300+
80c2c8d28734377f887c2b23dbd4423,HELLMANN WORLDWIDE LOGISTICS SDN. BHD.,Malaysia,,www.hellmann.net,HH2026595282329,534417085,HELLMANN WORLDWIDE LOGISTICS SDN. BHD.,Malaysia,300+
9edea723386dda94df3d190f8b3c3075,HEMPEL PAINTS COMPANY (QATAR),Qatar,Independent,www.hempel.com,HH2026643749815,643749815,HEMPEL PAINTS COMPANY (QATAR),Qatar,35+
df24940d4bbc7124a4d67c769e5b2a6b,HEUFT FRANCE,France,Independent,www.heuft.com,HH2026275589547,275589547,HEUFT FRANCE,France,35+
21efe059459842b90557dabe635901a4,HICKEY'S PHARMACY LIMITED,Ireland,Subsidiary,www.hickeyspharmacies.ie,HH2026988859856,989657507,HICKEY'S PHARMACY LIMITED,Ireland,100+
9b5094e380dbcbcb1690570a59531f0d,HILLSIDE HOUSING TRUST LIMITED,United Kingdom,Independent,www.hillsidehousing.co.uk,HH2026211207640,211207640,HILLSIDE HOUSING TRUST LIMITED,United Kingdom,15+
4e2077b5eb011763359b42875e705b3b,"HILTI JAPAN, LTD.",Japan,Subsidiary,www.hilti.co.jp,HH2026448161273,690789540,日本ヒルティ株式会社,Japan,3
5100db6dfd553038c8d5eb008570828e,HIMANSU IT SERVICES PRIVATE LIMITED,India,Parent,www.himansuit.com,HH2026650800621,650800621,HIMANSU IT SERVICES PRIVATE LIMITED,India,50+
e72aa4db2057a435c430fab001633208,HITACHI ENERGY MALAYSIA SDN. BHD.,Malaysia,Independent,www.hitachienergy.com,HH2026659310629,659310629,HITACHI ENERGY MALAYSIA SDN. BHD.,Malaysia,2000+
85624a45af5b49f47bf27e7dbad9e73e,HITACHI ENERGY TECHNOLOGIES L L C,Qatar,Independent,www.hitachienergy.com,HH2026561866565,561866565,HITACHI ENERGY TECHNOLOGIES L L C,Qatar,2000+
728fe028a5d1835d1c9695dabf203d1e,HITACHI HIGH-TECH MANUFACTURING&SERVICE CORPORATION,Japan,Subsidiary,www.hitachi-hightech.com,HH2026690541503,705801868,株式会社日立ハイテクマニファクチャ&サービス,Japan,300+
22098f3224fc83c7a97b4033c642aa8e,HITACHI INTERNATIONAL PROCUREMENT GROUP,Singapore,Independent,www.hitachi.com.sg,HH2026894725964,894725964,HITACHI INTERNATIONAL PROCUREMENT GROUP,Singapore,100+
38e1aca97b298d685f2e34255b51736b,"HITT Contracting, Inc.",USA,Parent,www.hitt.com,HH2026003258746,3258746,"HITT Contracting, Inc.",USA,200+
ded2301c01a883fd733fba1d84484b91,HMS HOST BONFIRE,USA,Independent,www.hmshost.com,HH2026100836976,100836976,HMS HOST BONFIRE,USA,500+
2b98f42c7bb1321be9ceb4bdad3b639c,HMS IT SPA,Italy,Subsidiary,www.hmsit.it,HH2026655149347,564148182,HMS IT SPA,Italy,50+
c4e07185a340baadf6c65f08a07b02c9,HMSHOST CORP.,USA,Independent,www.hmshost.com,HH2026051161298,51161298,HMSHOST CORP.,USA,500+
3d0218c8d76c0f2bc7beea573864c297,HMSHost Corporation,USA,Subsidiary,www.hmshost.com,HH2026482441321,839223898,HMSHost Corporation,USA,500+
db7a7797b3a01660ed47f40f6b15c81b,HMSHost Nederland B.V.,Netherlands,Subsidiary,www.hmshost.international,HH2026482441321,491500244,HMSHost Nederland B.V.,Netherlands,500+
77dd4595e771c9e652192b297f123bd2,HONEYWELL EOOD,Bulgaria,Subsidiary,www.honeywell.com,HH2026139691877,552643231,HONEYWELL EOOD,Bulgaria,20+
b5b39cce5539de7b6416436318a43007,HONEYWELL SRL,Italy,Parent,www.honeywell.it,HH2026370200486,430007617,HONEYWELL SRL,Italy,20+
bc8db97183d9c94bb9639cc433b1299d,HORIZON THERAPEUTICS,USA,Independent,www.horizontherapeutics.com,HH2026868132775,868132775,HORIZON THERAPEUTICS,USA,50+
9e8421c0fb24510204a79e2a91da0de,HOSPITAL E MATERNIDADE VIDA'S LTDA.,Brazil,,www.hospitalvidas.com.br,HH2026901603881,901603881,HOSPITAL E MATERNIDADE VIDA'S LTDA.,Brazil,200+
37797b73129a906841214aa31f7f4d18,HOWDEN GROUP HOLDINGS LIMITED,United Kingdom,Parent,www.howdengroupholdings.com,HH2026739261923,739261923,HOWDEN GROUP HOLDINGS LIMITED,United Kingdom,200+
3b2033bc71fa0a28a9a41125a04034cb,HUMAN RIGHTS AID,United Kingdom,Independent,www.humanrightscareers.com,HH2026671535631,671535631,HUMAN RIGHTS AID,Poland,400+
48f3de2a2d54cf96b4a2722e3da44565,HURON EURASIA INDIA PRIVATE LIMITED,India,Subsidiary,www.huronconsultinggroup.com,HH2026148970184,858890909,HURON EURASIA INDIA PRIVATE LIMITED,India,200+
568d99967375cecf9de9d89f76f31991,HURON VALLEY SCHOOLS,USA,Parent,www.huronvalley.k12.mi.us,HH2026079827308,79827308,HURON VALLEY SCHOOLS,USA,200+
cd2d9de2965bac3843e53e4781f129ac,HWM-WATER LIMITED,United Kingdom,Subsidiary,www.hwmglobal.com,HH2026210968798,289187882,HWM-WATER LIMITED,United Kingdom,100+
94164b6fc2dc68489632d38a0dd61581,HYDRAFORCE HYDRAULICS LIMITED,United Kingdom,Subsidiary,www.hydraforce.com,HH2026318280815,399984475,HYDRAFORCE HYDRAULICS LIMITED,United Kingdom,2000+
49ad12ee2f388b6ba768c4d0f872bff1,HYVE SOLUTIONS EUROPE LIMITED,United Kingdom,Subsidiary,www.hyvesolutions.com,HH2026055991053,500453808,HYVE SOLUTIONS EUROPE LIMITED,United Kingdom,400+
c4c5ddcb5a42fb9c6df6aa2c876efa0d,Halma Holdings Inc.,USA,Subsidiary,www.halma.com,HH2026210968798,116227851,Halma Holdings Inc.,USA,100+
f109e0a899bc308de400abb01bbc5c5b,"Halozyme Therapeutics, Inc.",USA,Parent,www.halozyme.com,HH2026026077359,26077359,"Halozyme Therapeutics, Inc.",USA,10
092627dc3fd1c0bd53e082b12dd186b1,Harmon Facades ULC,Canada,Subsidiary,www.harmoninc.com,HH2026001962042,203542642,Harmon Facades ULC,Canada,100+
d8af0150b0f5a9c15a803f98e8dfcf50,Hawaii Energy Resources Inc,USA,Parent,www.hawaiienergy.com,HH2026077685147,77685147,Hawaii Energy Resources Inc,USA,2000+
6d6da9b60bd2cfcd7346a673acf17b26,"Hca Health Services Of Tennessee, Inc.",USA,Subsidiary,www.hcahealthcare.com,HH2026967697686,964138275,"Hca Health Services Of Tennessee, Inc.",USA,100+
8b40aa5c0c0577c16e2c86d15c9edeb4,"Healogics, LLC",USA,Parent,www.healogics.com,HH2026078565627,78565627,"Healogics, LLC",USA,100+
03b2a213743eca7872d92f77ea76f2c5,Hedgeserv Corporation,USA,Subsidiary,www.hedgeserv.com,HH2026864421933,21529399,Hedgeserv Corporation,USA,50+
522ce26b6d8e4f8d443c5c9a84abffec,Heidelberger Druckmaschinen Aktiengesellschaft,Germany,Parent,www.heidelberg.com,HH2026315014696,315014696,Heidelberger Druckmaschinen Aktiengesellschaft,Germany,100+
7e816403d4954a592253e8782793ed62,Hellmann Worldwide Logistics SARL,Madagascar,Subsidiary,www.hellmann.com,HH2026315954487,557733536,Hellmann Worldwide Logistics SARL,Madagascar,300+
e028c6e43ac53cd1f3ec53bcb52f33d6,Hellmann worldwide logistics SIA,Latvia,Subsidiary,www.hellmann.com,HH2026315954487,681816892,Hellmann worldwide logistics SIA,Latvia,300+
95536b85c4bcc2196e6c1eb96ae3e9db,"Helzberg's Diamond Shops, LLC",USA,Subsidiary,www.helzberg.com,HH2026001024314,6965735,"Helzberg's Diamond Shops, LLC",USA,500+
083738d4d7737b63b97ea18481c8c324,Hempelmann Wittemoller GmbH,Germany,Subsidiary,www.hempelmann-wittemoeller.de,HH2026316958537,314556684,Hempelmann Wittemöller GmbH,Germany,30+
fae8edf5daa9781ca60bb2a4892325a4,Hennepin Technical College,USA,Independent,www.hennepintech.edu,HH2026078587642,78587642,Hennepin Technical College,USA,100+
d3c65cf800fce181d424a09d133dbb1c,Henry Schein Dental Deutschland GmbH,Germany,Subsidiary,www.henryschein-dental.de,HH2026012430880,329530401,Henry Schein Dental Deutschland GmbH,Germany,200+
9302e7f48fd2d644a7e7c4d8f080a087,"Hilco, Inc.",USA,Parent,www.hilcoglobal.com,HH2026793082660,793082660,"Hilco, Inc.",USA,8
3483de26a299cd55f707b9f65eac3124,Hilti Saudi Arabia,Saudi Arabia,Independent,www.hilti.sa,HH2026557651278,557651278,Hilti Saudi Arabia,Saudi Arabia,500+
c73da1c2fd3f64d7c934a344dc0a7503,Hitachi Energy Per£ S.A.,Peru,Subsidiary,www.hitachienergy.com,HH2026690541503,664791012,Hitachi Energy Perú S.A.,Peru,2000+
556748602995741ac67c2ed51b4e5e7c,Hitachi Energy USA Inc.,USA,Subsidiary,www.hitachienergy.com,HH2026690541503,8334117,Hitachi Energy USA Inc.,USA,2000+
dd227f9cc2950e17192d39264263c253,Hitachi High-Tech Taiwan Corporation,Taiwan,Subsidiary,www.hitachi-hightech.com,HH2026690541503,658717454,日立先端科技股份有限公司,Taiwan,300+
cb96e0298f25ad809463d4599b607f01,Holiday Companies,USA,Subsidiary,www.holidaystationstores.com,HH2026247430150,807782750,Holiday Companies,USA,2000+
dc2ed8cff54bb31e9efe86590438a289,Holy Rosary Parish Inc,USA,Independent,www.holyrosaryschoolsi.org,HH2026135880037,135880037,Holy Rosary Parish Inc,USA,50+
3b3675ab0f3298946e3996d1f4019f8d,Honeywell International Inc.,USA,Parent,www.honeywell.com,HH2026139691877,139691877,Honeywell International Inc.,USA,20+
21ab616a9a7235bae34571efad7856a1,Houston Methodist St. John Hospital,USA,Parent,www.houstonmethodist.org,HH2026079501911,79501911,Houston Methodist St. John Hospital,USA,1000+
c80bc634bac388c5a8339a161183fca0,Hunt Electric Corporation,USA,Parent,www.huntelec.com,HH2026023038482,23038482,Hunt Electric Corporation,USA,35+
abe2adaead447ad36c9e6a5532113377,HydraSpecma AB,Sweden,Subsidiary,www.hydraspecma.com,HH2026306188509,354240640,HydraSpecma AB,Sweden,10
516f65cc5ebf3a01c69e377e66c9e3a3,Hydro One Sault Ste. Marie LP,Canada,Subsidiary,www.hydroone.com,HH2026246782283,203499301,Hydro One Sault Ste. Marie LP,Canada,15+
0459f84aaad97cc63c9d13c14a795637,IAG CARGO LIMITED,United Kingdom,Subsidiary,www.iagcargo.com,HH2026462404857,218403578,IAG CARGO LIMITED,United Kingdom,10+
809c69627a441d4682b653f83ce9cc20,ICG PLC,United Kingdom,Parent,www.icgam.com,HH2026399099894,399099894,ICG PLC,United Kingdom,15+
fdded77e1eb884ebbbc6d0576f762051,IDEA WESLACO PIKE,USA,Independent,www.ideapublicschools.org,HH2026123861621,123861621,IDEA WESLACO PIKE,USA,600+
c3eab030c416212981b619160954f697,IDP EDUCATION LIMITED,Australia,Parent,www.idp.com,HH2026754343853,754343853,IDP EDUCATION LIMITED,Australia,10
44136e4209a399c1740ba339169aed43,IFS LIMITED,United Kingdom,Subsidiary,www.ifs.com,HH2026399255348,217306380,IFS LIMITED,United Kingdom,200+
4191d6528d260d7e1dc29d890b1febb5,IHEARTMEDIA,USA,Independent,www.iheartmedia.com,HH2026088567000,88567000,IHEARTMEDIA,USA,200+
fff78b2cf1144b6bd3c54e31f18ea464,IHEARTMEDIA PENTHOUSE,USA,Independent,www.iheartmedia.com,HH2026085994914,85994914,IHEARTMEDIA PENTHOUSE,USA,200+
054d22360539aac2b71440e7d58e37ef,"II-VI Optoelectronic Devices, Inc.",USA,Subsidiary,www.ii-vi.com,HH2026055529333,139678270,"II-VI Optoelectronic Devices, Inc.",USA,300+
709b46d2686c17bbfbbb3d68ce5c8dee,II-VI SINGAPORE PTE LTD,Singapore,Parent,www.ii-vi.com,HH2026595477365,595477365,II-VI SINGAPORE PTE LTD,Singapore,20+
803417efc346557bc2c5eff0eda4fd4,"IKEA Holding US, Inc.",USA,,www.ikea.com,HH2026418122222,118470939,"IKEA Holding US, Inc.",USA,100+
8c67bcd43c57d4cd3f2605eb3f0eda47,IKEA JAPAN K.K.,Japan,Subsidiary,www.ikea.com,HH2026418122222,698544124,イケア・ジャパン株式会社,Japan,100+
526c50da7cc44939567dc7b57247a208,IKEA LIMITED,United Kingdom,Subsidiary,www.ikea.com,HH2026418122222,296600554,IKEA LIMITED,United Kingdom,100+
829cd9638459484b2b1e8f810b207c8a,"IKEA PORTUGAL - MÓVEIS E DECORAÇÃO, LDA",Portugal,Subsidiary,www.ikea.com,HH2026418122222,336699611,"IKEA PORTUGAL - MÓVEIS E DECORAÇÃO, LDA",Portugal,100+
b135a75920dc8b9a39296f83039f1068,IKEA PURCHASING SERVICES SRBIJA d.o.o. - U LIKVIDACIJI,Serbia,Subsidiary,www.ikea.com,HH2026448448253,360308874,IKEA PURCHASING SERVICES SRBIJA d.o.o. - U LIKVIDACIJI,Serbia,100+
92b02ba386dcb54c39e6f08d5c972e66,IKEA Purchasing Services (Czech Republic) spol. s r.o.,Czech Republic,Subsidiary,www.ikea.com,HH2026448448253,644371445,IKEA Purchasing Services (Czech Republic) spol. s r.o.,Czech Republic,100+
6df7eeac0b346ac76c2d8aa434fe39e1,IKEA RETAIL SP Z O O,Poland,Subsidiary,www.ikea.com,HH2026418122222,422148718,IKEA RETAIL SP Z O O,Poland,100+
850798b8feff191a1e7ea31e4b75a2b1,"IKEA Slovenija, d.o.o.",Slovenia,Subsidiary,www.ikea.com,HH2026418122222,673005372,"IKEA Slovenija, d.o.o.",Slovenia,100+
fee5339be88611e7ca8cf708e5f68924,ILF MUHENDISLIK TEKNIK DANISMANLIK TAAHHUT VE TICARET LIMITED SIRKETI,Turkey,Subsidiary,www.ilf.com,HH2026300457567,502732901,ILF MUHENDISLIK TEKNIK DANISMANLIK TAAHHUT VE TICARET LIMITED SIRKETI,Turkey,45+
0d2f32118dbbd27f0342ec531cc502e2,ILLUMINA AUSTRALIA PTY LTD,Australia,Subsidiary,www.illumina.com,HH2026033305264,757365515,ILLUMINA AUSTRALIA PTY LTD,Australia,100+
3bd5a1f7caa66382b8eb0f16d53af810,IMCHECK THERAPEUTICS,France,Subsidiary,www.imchecktherapeutics.com,HH2026501431022,267361982,IMCHECK THERAPEUTICS,France,200+
c68ffef912135fff5aa22e5c0ac0f798,IMPACT GURU TECHNOLOGY VENTURES PRIVATE LIMITED,India,Subsidiary,www.impactguru.com,HH2026595521521,876743703,IMPACT GURU TECHNOLOGY VENTURES PRIVATE LIMITED,India,50+
9a41911c67f275ad98d897be580ece1e,INDIACAST MEDIA DISTRIBUTION PRIVATE LIMITED,India,Subsidiary,www.indiacast.com,HH2026650523686,872134469,INDIACAST MEDIA DISTRIBUTION PRIVATE LIMITED,India,200+
293e7b9fab6252c026b1e5481b1af48a,INDIGOVISION LIMITED,United Kingdom,Subsidiary,www.indigovision.com,HH2026228274164,737238758,INDIGOVISION LIMITED,United Kingdom,500+
bf55beca80440c1516c0b772c11ef30d,INEOS CHEMICALS GRANGEMOUTH LIMITED,United Kingdom,Subsidiary,www.ineos.com,HH2026222652615,211745269,INEOS CHEMICALS GRANGEMOUTH LIMITED,United Kingdom,100+
d7d8e78e610369b9372e04ac16a382ef,INEOS GRANGEMOUTH LIMITED,United Kingdom,Subsidiary,www.ineos.com,HH2026222652615,219644533,INEOS GRANGEMOUTH LIMITED,United Kingdom,100+
97e568175898be204b19280259397bd8,INEOS GROUP LIMITED,United Kingdom,Subsidiary,www.ineos.com,HH2026222652615,235354474,INEOS GROUP LIMITED,United Kingdom,100+
ebb085d4afc0e6aa05468e6bbce5959f,INEOS NITRILES LIMITED,United Kingdom,Subsidiary,www.ineos.com,HH2026222652615,856020958,INEOS NITRILES LIMITED,United Kingdom,100+
39ffc3fb9d703d7945e9b0a6b46784bf,INEOS SALES (UK) LIMITED,United Kingdom,Subsidiary,www.ineos.com,HH2026222652615,216992374,INEOS SALES (UK) LIMITED,United Kingdom,100+
30f45f2a64efda274166103bbf56872a,INFINX TECHNOLOGY SOLUTIONS PRIVATE LIMITED,India,Parent,www.infinxinc.com,HH2026873714884,873714884,INFINX TECHNOLOGY SOLUTIONS PRIVATE LIMITED,India,20+
a40748337632b3fc54201e881e1e5306,INFOR GLOBAL SOLUTIONS (ANZ) PTY LIMITED,Australia,Subsidiary,www.infor.com,HH2026373579827,740230826,INFOR GLOBAL SOLUTIONS (ANZ) PTY LIMITED,Australia,100+
2674e33d1756e3b90441cb3be272966d,INFORMATICA FEROVIARA SA,Romania,Subsidiary,www.infofer.ro,HH2026552566713,535224174,INFORMATICA FEROVIARA SA,Romania,15+
0219c00179e63d3640ea39fcb51582ad,ING Investment Management Alternative Assets LLC,USA,Independent,www.inginvestment.com,HH2026787085732,787085732,ING Investment Management Alternative Assets LLC,USA,35+
c5cd982c01776230f0b70d910caa3e0b,INGETEAM LTDA,Brazil,Parent,www.ingeteam.com,HH2026905342528,905342528,INGETEAM LTDA,Brazil,50+
d79226eb6ae0657eabd526c896aca509,INGRAM ENTERTAINMENT HOLDINGS INC,USA,Parent,www.ingramentertainment.com,HH2026113004696,113004696,INGRAM ENTERTAINMENT HOLDINGS INC,USA,35+
7b1285f1822f0eddb5bf9b7dcbf225d0,INNIO Jenbacher GmbH & Co OG,Austria,Subsidiary,www.innio.com,HH2026316845951,300776312,INNIO Jenbacher GmbH & Co OG,Austria,100+
3101b2e0de9120209cbc34bac2200500,INSIGHT SCHOOLS OF WASHINGTON BELLVIEW,USA,Independent,www.insightwa.k12.com,HH2026063367928,63367928,INSIGHT SCHOOLS OF WASHINGTON BELLVIEW,USA,100+
bd3d4237a3fc36a92a0ee91863ffa773,INSTITUTO N S DA GLORIA,Brazil,Parent,www.insgmacae.com,HH2026902219356,902219356,INSTITUTO N S DA GLORIA,Brazil,10+
cf140d4f50a0b87cbbbed86e90511fdf,INTEGRAL 2 LIMITED,United Kingdom,Independent,www.integral2.com,HH2026221370724,221370724,INTEGRAL 2 LIMITED,United Kingdom,2000+
00e4e819b980e88d2b3fb1bf81815b1a,INTEL AUSTRALIA PTY LTD,Australia,Subsidiary,www.intel.com.au,HH2026047897855,752257329,INTEL AUSTRALIA PTY LTD,Australia,500+
687a412df3194d94ab75778306b3b0db,INTEL CORPORATION (UK) LIMITED,United Kingdom,Subsidiary,www.intel.com,HH2026047897855,217221183,INTEL CORPORATION (UK) LIMITED,United Kingdom,600+
5879cd12c2bb1f3ee0ba5ce8c805399e,INTEL CORPORATION ITALIA SPA,Italy,Subsidiary,www.intel.com,HH2026047897855,429005416,INTEL CORPORATION ITALIA SPA,Italy,500+
c6bd9a24823eafdcb26f209c1ee4f7b5,INTEL IRELAND LIMITED,Ireland,Subsidiary,www.intel.ie,HH2026047897855,987255700,INTEL IRELAND LIMITED,Ireland,5000+
e132e11bdd562becf9129627fdb36dc4,INTEL MALAYSIA SDN. BERHAD,Malaysia,Subsidiary,www.intel.com,HH2026047897855,652042524,INTEL MALAYSIA SDN. BERHAD,Malaysia,5000+
bd9405d006f6c8105cf9766e51a511b,INTEL MICROELECTRONICS (THAILAND) LIMITED,Thailand,,www.intel.com,HH2026047897855,659953152,INTEL MICROELECTRONICS (THAILAND) LIMITED,Thailand,500+
bc5b3030aabec1e4f4396b2d7cffb614,"INTEL MICROELECTRONICS ASIA LLC, TAIWAN BRANCH (USA)",Taiwan,Subsidiary,www.intel.com.tw,HH2026047897855,656167574,美商英特爾亞太科技有限公司台灣分公司,Taiwan,500+
82242f0e0dfeeb2acaedcc6105059220,INTEL PRODUCTS (M) SDN. BHD.,Malaysia,Subsidiary,www.intel.com,HH2026047897855,652432519,INTEL PRODUCTS (M) SDN. BHD.,Malaysia,600+
f95e36ead69a411ee79252ff7be1e29f,INTEL RESEARCH AND DEVELOPMENT IRELAND LIMITED,Ireland,Parent,www.intel.com,HH2026985011530,985011530,INTEL RESEARCH AND DEVELOPMENT IRELAND LIMITED,Ireland,5000+
c6d225aad905a8525c4b470658f17cf7,INTEL SEMICONDUCTORES DEL PERU S.A,Peru,Subsidiary,www.intc.com,HH2026047897855,952931962,INTEL SEMICONDUCTORES DEL PERU S.A,Peru,500+
908cba37a354156f6af6d8a375b64c52,INTEL SEMICONDUTORES DO BRASIL LTDA.,Brazil,Independent,www.intel.com.br,HH2026899516306,899516306,INTEL SEMICONDUTORES DO BRASIL LTDA.,Brazil,500+
bbfb6f58ca68a646edc46e197df07ff8,INTEL TECHNOLOGY SDN BHD,Malaysia,Subsidiary,www.intel.com,HH2026047897855,652014820,INTEL TECHNOLOGY SDN BHD,Malaysia,500+
8d8e5dc31ca289f340093a3fa465afbf,INTERHYP AG,Germany,Subsidiary,www.interhyp.de,HH2026414620351,329274307,INTERHYP AG,Germany,35+
bf19e7ce28ed0d6113da2292c4846729,INTESA SANPAOLO RENT FORYOU SPA,Italy,Subsidiary,www.intesasanpaolorentforyou.com,HH2026432019594,429598036,INTESA SANPAOLO RENT FORYOU SPA,Italy,50+
95e5e7a5c8aa8d5dc58d566c2732efa4,INTESA SANPAOLO S.p.A.,Spain,,www.intesasanpaolo.com,HH2026432019594,864324418,INTESA SANPAOLO S.p.A.,Spain,50+
fcbb18ddbb837abfecf5cf53d7349f18,INTESA SANPAOLO SPA,Hong Kong,,www.intesasanpaolo.com,HH2026432019594,442235541,INTESA SANPAOLO SPA,Hong Kong,50+
411160301a2d4e68addc31e0afbc88dc,INVECTO TECHNOLOGIES PRIVATE LIMITED,India,Parent,www.invecto.co.in,HH2026737926169,737926169,INVECTO TECHNOLOGIES PRIVATE LIMITED,India,9
d81bee7bdd1af4246a957451b2418ba0,INVESCO AUSTRALIA LIMITED,Australia,Subsidiary,www.invesco.com.au,HH2026088933622,750735060,INVESCO AUSTRALIA LIMITED,Australia,200+
a40f88f82916df9cc9e8c01c18d66b72,INVESCO AssET MANAGEMENT (JAPAN) LIMITED,Japan,Subsidiary,www.invesco.com,HH2026088933622,691126080,インベスコ・アセット・マネジメント株式会社,Japan,200+
0d61df784bf9ce188a6023c86793f5d1,IOTA Group Holding SA,Switzerland,Parent,www.iota-group.com,HH2026482091027,482091027,IOTA Group Holding SA,Switzerland,100+
8bf9a0b2de5f29ba4da915b57c0b1a27,IPSEN BIOPHARM LIMITED,United Kingdom,Subsidiary,www.ipsen.com,HH2026501431022,291332732,IPSEN BIOPHARM LIMITED,United Kingdom,200+
631701a5339f346ac20db50ff00943eb,IPSOS,France,Parent,www.ipsos.com,HH2026262057268,262057268,IPSOS,France,20+
92b5a69c4eb70864e38685c42d200ecd,IPSOS (FRANCE),France,Subsidiary,www.ipsos.com,HH2026262057268,738536135,IPSOS (FRANCE),France,20+
94bf72aba63709ac064dd5ab755a405d,IPSOS (PTY) LTD,South Africa,Subsidiary,www.ipsos.com,HH2026262057268,653055264,IPSOS (PTY) LTD,South Africa,20+
a8719b9f57a8fed4769d9b131492a4c4,IPSOS ARGENTINA S.A.,Argentina,Subsidiary,www.ipsos.com.ar,HH2026262057268,970971271,IPSOS ARGENTINA S.A.,Argentina,20+
f83b317bd746f5e8028215ef29ee0b29,IPSOS EGYPT FOR CONSULTANCY SERVICES,Egypt,Subsidiary,www.ipsos.com,HH2026262057268,558531701,IPSOS EGYPT FOR CONSULTANCY SERVICES,Egypt,24+
6f4a3abc6e95842cd7ce33b72d106ae1,IPSOS IBERIA SAU,Spain,Subsidiary,www.ipsos.com,HH2026262057268,466362316,IPSOS IBERIA SAU,Spain,24+
525fc9cd6a99d1b471de608064f5abb6,IPSOS INC.,Philippines,Subsidiary,www.ipsos.com,HH2026262057268,718956345,IPSOS INC.,Philippines,20+
d1565e5a47153302528db1756a681bc3,IPSOS INTERACTIVE SERVICES SRL,Romania,Subsidiary,www.ipsos.com,HH2026262057268,565511953,IPSOS INTERACTIVE SERVICES SRL,Romania,20+
de2b9b6d7dc87071e218641a83c01808,IPSOS MORI UK LIMITED,United Kingdom,Subsidiary,www.ipsos.com,HH2026262057268,227358512,IPSOS MORI UK LIMITED,United Kingdom,20+
9fffe8ff61e59c755d784aad6b34e49a,IPSOS PTY LTD,Australia,Subsidiary,www.ipsos.com,HH2026262057268,743811437,IPSOS PTY LTD,Australia,20+
b85dd3aebff7c1ab1d7818b8758cc93,IPSOS SP Z O O,Poland,,www.ipsos.com,HH2026262057268,367471658,IPSOS SP Z O O,Poland,20+
cb5926c265fb79c9bab65fa97a3ada01,IPSOS SRL,Italy,Subsidiary,www.ipsos.tv,HH2026262057268,429191695,IPSOS SRL,Italy,24+
9c1e51c3fd066e1b7bf75fced8b9ecee,IQVIA (THAILAND) COMPANY LIMITED,Thailand,Subsidiary,www.iqvia.com,HH2026832831783,660729448,IQVIA (THAILAND) COMPANY LIMITED,Thailand,1000+
0df427856068ddcae8ec417f50f4544e,IQVIA INC.,USA,,www.iqvia.com,HH2026832831783,78863609,IQVIA INC.,USA,1000+
7f00629d3b8ed274438537ac9abb0d1b,IQVIA RDS (INDIA) PRIVATE LIMITED,India,Subsidiary,www.iqvia.com,HH2026832831783,650266609,IQVIA RDS (INDIA) PRIVATE LIMITED,India,1000+
6083800f3623693a38d24842ba7f7bd1,IQVIA RDS ARGENTINA S.R.L.,Argentina,Subsidiary,www.iqvia.com,HH2026832831783,975352972,IQVIA RDS ARGENTINA S.R.L.,Argentina,1000+
3eea78fb3d2f6fefe2aa05a8fc16d046,IQVIA RDS Canada ULC,Canada,Subsidiary,www.iqvia.com,HH2026832831783,253897474,IQVIA RDS Canada ULC,Canada,1000+
5cc53f9f19b847323b5c05c84f10d95a,IQVIA RDS Czech Republic s.r.o.,Czech Republic,Subsidiary,www.iqvia.com,HH2026832831783,367132403,IQVIA RDS Czech Republic s.r.o.,Czech Republic,1000+
4386433d403cd4a1dd809b0bfe7e200c,IQVIA RDS GesmbH,Austria,Subsidiary,www.iqvia.com,HH2026832831783,304049844,IQVIA RDS GesmbH,Austria,1000+
f2546db6052e8f7409e2113ac54abfc7,IQVIA RDS ITALY SRL,Italy,Subsidiary,www.iqvia.com,HH2026832831783,655644458,IQVIA RDS ITALY SRL,Italy,1000+
21705303bdbcb3823a4369265d17ce9e,IQVIA RDS SPAIN SL.,Spain,Subsidiary,www.iqvia.com,HH2026832831783,479651903,IQVIA RDS SPAIN SL.,Spain,1000+
f1416f973f9e1e4baaca34235cb339d4,IQVIA RDS VIETNAM LIMITED LIABILITY COMPANY,Vietnam,Subsidiary,www.iqvia.com,HH2026832831783,556412659,IQVIA RDS VIETNAM LIMITED LIABILITY COMPANY,Vietnam,1000+
7b80761fc2ecf2feadb7a0f16e187545,IQVIA ROMANIA S.R.L.,Romania,Independent,www.iqvia.com,HH2026499620473,499620473,IQVIA ROMANIA S.R.L.,Romania,1000+
37413589396e6615bf90c0f79796648f,IQVIA SOLUTIONS IRELAND LIMITED,Ireland,Subsidiary,www.iqvia.com,HH2026832831783,989261169,IQVIA SOLUTIONS IRELAND LIMITED,Ireland,1000+
c9c85d697e223cabf2dc0097421c832e,IREss MD RSA (PTY) LTD,South Africa,Subsidiary,www.iress.com,HH2026750159378,538833153,IRESS MD RSA (PTY) LTD,South Africa,10+
c7e7a66a3e7ace3623e936f1e58c2c35,ISLAMIC RELIEF - HUMANITÄRE ORGANISATION IN DEUTSCHLAND e.V.,Germany,Parent,www.islamicrelief.de,HH2026340551800,340551800,ISLAMIC RELIEF - HUMANITÄRE ORGANISATION IN DEUTSCHLAND e.V.,Germany,10+
ccdfeb5da60f7c1ef1bd3e257ced7f14,"ITERABLE, INC.",USA,Parent,www.iterable.com,HH2026062696705,62696705,"ITERABLE, INC.",USA,15+
f5b045e9681872e7e17e6329cc66728a,ITRON INDIA PRIVATE LIMITED,India,Subsidiary,www.itron.com,HH2026093649895,916144476,ITRON INDIA PRIVATE LIMITED,India,50+
373d2e48db40a1837b8836dd8d40fc0e,IVY SCHOOL,Indonesia,Independent,www.ivyschool-indonesia.com,HH2026727232279,727232279,IVY SCHOOL,Indonesia,500+
6df9ed5c181cb34d05bb899d55934311,Idaho State Board of Education,USA,Subsidiary,www.idaho.gov,HH2026073133787,825201189,State Board Of Education,USA,1000+
52b139f27c630f31a020b316e0f1591c,IdomSoft Informatikai Zartkoruen Mukodo Reszvenytarsasag,Hungary,Subsidiary,www.idomsoft.hu,HH2026525500034,401187343,IdomSoft Informatikai Zártkörűen Működő Részvénytársaság,Hungary,30+
2fab832376740ce7ee17786d398dec6b,Ifs World Operations AB,Sweden,Subsidiary,www.ifs.com,HH2026372129529,354016818,Ifs World Operations AB,Sweden,200+
c5dfd2dc3847ef2b38071f5fd335c2f3,Ikomm AS,Norway,Parent,www.ikomm.no,HH2026671054432,671054432,Ikomm AS,Norway,2000+
72c8dc2f020cb6338472caf038272813,"Illumina, Inc.",USA,Parent,www.illumina.com,HH2026033305264,33305264,"Illumina, Inc.",USA,100+
3f8fd46dfd83fcad30909ca0dd47a17f,"ImmunityBio, Inc.",USA,Parent,www.immunitybio.com,HH2026963360487,963360487,"ImmunityBio, Inc.",USA,50+
cb1e1cdd48ca8f70a302ef1b46a8c60d,"Immunovant, Inc.",USA,Subsidiary,www.immunovant.com,HH2026229107141,117043941,"Immunovant, Inc.",USA,
ae2c6c77a8442d710fff2da1700c8235,Impala Terminals Peru S.A.C.,Peru,Subsidiary,www.impalaterminals.com,HH2026401065312,934987595,Impala Terminals Perú S.A.C.,Peru,35+
3647707909e854267194c2d5def1892a,"Included Health, Inc.",USA,Parent,www.includedhealth.com,HH2026079124626,79124626,"Included Health, Inc.",USA,100+
d8ab65a708fa055b7220165690b7fe0,Indianapolis Airport Authority,USA,,www.ind.com,HH2026062811757,62811757,Indianapolis Airport Authority,USA,50+
ca7c73348ad56d8e43775f861cd1731c,Ineos,Belgium,Subsidiary,www.ineos.com,HH2026222652615,374275766,Ineos,Belgium,200+
225ea6209798a18cbcf9c781726a16e4,Ineos Americas LLC,USA,Subsidiary,www.ineosoligomers.com,HH2026222652615,8188117,Ineos Americas LLC,USA,100+
9e5a4f7b7998dc50d478e6484c01622c,Ineos Aromatics Belgium,Belgium,Subsidiary,www.ineos.com,HH2026222652615,370007106,Ineos Aromatics Belgium,Belgium,100+
e16ca52b81ab43420af4e3cb3abe4827,Ineos E&p Norge AS,Norway,Subsidiary,www.ineos.com,HH2026222652615,518925946,Ineos E&p Norge AS,Norway,200+
08b09de5b0627c152949e8293b6d6dbb,"Infinity Healthcare Physicians, S.C.",USA,Independent,www.infinityhealthcare.com,HH2026117627928,117627928,"Infinity Healthcare Physicians, S.C.",USA,10+
07c396436b086510e6411020ec08ba57,Ingram Industries Inc.,USA,Parent,www.ingramcontent.com,HH2026008943839,8943839,Ingram Industries Inc.,USA,35+
a8e45cd37937a78940a4f68b97125ba3,Inpay Services ApS,Denmark,Subsidiary,www.inpay.com,HH2026305410323,305422266,Inpay Services ApS,Denmark,1
385f6837541f54ec824644e81317b728,Insmed Incorporated,USA,Parent,www.insmed.com,HH2026183470066,183470066,Insmed Incorporated,USA,50+
415504e74d7a6fc25b5571b19f0e3dd2,Insomnia Cookies LLC,USA,Subsidiary,www.insomniacookies.com,HH2026086725864,29641952,Insomnia Cookies LLC,USA,
0eab2c77ddd7f7cb798b5e99fb9d9cd7,"Inspire Brands, Inc",USA,Independent,www.inspirebrands.com,HH2026119265657,119265657,"Inspire Brands, Inc",USA,100+
afd327a3c3cc7345ed5a00f5bf16be4f,"Intapp, Inc.",USA,Parent,www.intapp.com,HH2026074480023,74480023,"Intapp, Inc.",USA,50+
be0fc3000cff9fa8477ff4b580bc0633,Intel Finland Oy,Finland,Subsidiary,www.intel.com,HH2026047897855,369491923,Intel Finland Oy,Finland,500+
4208098e8a5cab443ee7af3718bb499b,Intel Korea Limited,Korea,Subsidiary,www.intel.com,HH2026047897855,689414530,Intel Korea Limited,Korea,500+
0cec6a2c5ac8a697d93118016f0f9ce,Intrum Holding Deutschland GmbH,Germany,,www.intrum.de,HH2026353497772,551163376,Intrum Holding Deutschland GmbH,Germany,50+
dcd6935c0cb16a2e131f78f63882b6b6,Inver Hills Community College,USA,Subsidiary,www.inverhills.edu,HH2026064754757,807197207,Inver Hills Community College,USA,100+
85880dc814bc20064d7e93c7c2bc8379,"Invesco Capital Markets, Inc.",USA,Parent,www.invesco.com,HH2026074423872,74423872,"Invesco Capital Markets, Inc.",USA,200+
436e4e5b2be7b8fd0999dbd2ee6ce4ce,Invesco Real Estate,USA,Subsidiary,www.invesco.com,HH2026088933622,785306031,Invesco Real Estate,USA,200+
ed1a84f634a80438e2685c9b4412bb5e,Iowa Department of Administrative Services,USA,Subsidiary,www.iowastatefair.org,HH2026053745303,808346621,Iowa Department of Administrative Services,USA,2000+
b22a8ba3d9b77a6fea9be8e3c8a2fa77,Ipex Inc,Canada,Subsidiary,www.ipexna.com,HH2026373060388,249534413,Ipex Inc,Canada,50+
f8d55803277e3132bc83b6fcf0379aca,Ipsos GmbH,Germany,Subsidiary,www.ipsos.com,HH2026262057268,316787910,Ipsos GmbH,Germany,20+
b5d346000e5baca8a9bab07fd4c5d6c5,Ipsos Opinion y Mercado S.A.,Peru,Subsidiary,www.ipsos.pe,HH2026262057268,934785536,Ipsos Opinión y Mercado S.A.,Peru,24+
64891e6f84f91314bceb590ce14e6e4e,Iqvia Solutions Canada Inc.,Canada,Subsidiary,www.iqvia.com,HH2026832831783,252846100,Iqvia Solutions Canada Inc.,Canada,1000+
66d0e2f22cc15af5405613fe582df8c1,Island EMS Inc,Canada,Independent,www.islandems.ca,HH2026242070162,242070162,Island EMS Inc,Canada,50+
92880ce24f36c08db534ab154c32911e,Isoplus Fernwarmetechnik Gesellschaft m.b.H.,Austria,Subsidiary,www.isoplus.at,HH2026315037762,301102042,Isoplus Fernwärmetechnik Gesellschaft m.b.H.,Austria,20+
970151c89bb8f573532876f368f4fc0f,Iss FACILITY SERVICES AUSTRALIA LIMITED,Australia,Subsidiary,www.issworld.com,HH2026309400898,752375212,ISS FACILITY SERVICES AUSTRALIA LIMITED,Australia,45+
3daee4f3716c1d7b975e5afd1f7940a5,Iss FACILITY SERVICES INDIA PRIVATE LIMITED,India,Subsidiary,www.issworld.com,HH2026309400898,858943042,ISS FACILITY SERVICES INDIA PRIVATE LIMITED,India,45+
0da115a0fe16584ec5eb04ce52ce6a3a,Iss Facility Services,Belgium,Subsidiary,www.issworld.com,HH2026309400898,370511123,ISS Facility Services,Belgium,50+
916281db101f7c9e76739a3e5482f505,Iss Facility Services AG,Switzerland,Subsidiary,www.issworld.com,HH2026309400898,480994557,ISS Facility Services AG,Switzerland,50+
c647d8b0239710628ba120b866b2002a,Iss Facility Services Holding GmbH,Germany,Subsidiary,www.issworld.com,HH2026309400898,315811203,ISS Facility Services Holding GmbH,Germany,50+
42ed4eb37306eaa60e6260c7f27f7ba9,"Iss Facility Services, Inc.",USA,Subsidiary,www.issworld.com,HH2026309400898,801426128,"ISS Facility Services, Inc.",USA,50+
354f9b75d0e0f429950107c4aaaee316,"Iss Facility Services, S.A. de C.V.",Mexico,Subsidiary,www.issworld.com,HH2026309400898,811394311,"ISS Facility Services, S.A. de C.V.",Mexico,50+
775d8ea6e8058714d5704cb85a30e8c8,"Iss LIETUVA, UAB",Lithuania,Subsidiary,www.issworld.com,HH2026309400898,681682930,"ISS LIETUVA, UAB",Lithuania,50+
f4d53481cf3797ffaf21eb18f3ea0ccf,Iss UK HOLDING LIMITED,United Kingdom,Subsidiary,www.issworld.com,HH2026309400898,347435088,ISS UK HOLDING LIMITED,United Kingdom,50+
23c6e0fbb363379a626c7edd163b960b,JABIL CIRCUIT (SINGAPORE) PTE. LTD.,Singapore,Subsidiary,www.jabil.com,HH2026041810979,894732163,JABIL CIRCUIT (SINGAPORE) PTE. LTD.,Singapore,2000+
8d4b22c79e0e0e2958bd56fc63e813d8,JABIL CIRCUIT LIMITED,United Kingdom,Parent,www.jabil.com,HH2026346886849,346886849,JABIL CIRCUIT LIMITED,United Kingdom,2000+
5c257847b2c4ee6480cf9185eb36b949,JABIL CIRCUIT SDN BHD,Malaysia,Subsidiary,www.jabil.com,HH2026041810979,652226143,JABIL CIRCUIT SDN BHD,Malaysia,1000+
8364b950dce1e75872191eb74a9703ea,JABIL DO BRASIL INDUSTRIA ELETROELETRONICA LTDA,Brazil,Subsidiary,www.jabil.com,HH2026041810979,906722533,JABIL DO BRASIL INDUSTRIA ELETROELETRONICA LTDA,Brazil,1000+
b3acf6babdf2f99a8c2fcba5fab3b644,JABIL POLAND SP Z O O,Poland,Subsidiary,www.jabil.com,HH2026041810979,367499998,JABIL POLAND SP Z O O,Poland,2000+
5ad783df3d73f9ba77f983e25f6037bf,JABIL SDN. BHD.,Malaysia,Independent,www.jabil.com,HH2026865727031,865727031,JABIL SDN. BHD.,Mexico,1000+
06b8bd4b5c993cb2349ba71249996838,JAZZ PHARMACEUTICALS IBERIA SLU,Spain,Subsidiary,www.jazzpharma.com,HH2026989977066,465438905,JAZZ PHARMACEUTICALS IBERIA SLU,Spain,50+
cc61f8bedba9cce4fc774f508878a9d5,JAZZ PHARMACEUTICALS OPERATIONS UK LIMITED,United Kingdom,Subsidiary,www.jazzpharma.com,HH2026534018923,237098954,JAZZ PHARMACEUTICALS OPERATIONS UK LIMITED,United Kingdom,50+
6fd1f860a20b30d8f901f18b23fa1353,JAZZ PHARMACEUTICALS PUBLIC LIMITED COMPANY,Ireland,Parent,www.jazzpharma.com,HH2026989977066,989977066,JAZZ PHARMACEUTICALS PUBLIC LIMITED COMPANY,Ireland,50+
92c8be5d962591ecb17e6c55ffe2f6ba,JBT FoodTech Citrus Systems,USA,Independent,www.jbtc.com,HH2026828363262,828363262,JBT FoodTech Citrus Systems,USA,200+
f7f380c7823a2f4b428fc237344dec33,JBT MAREL INDIA PRIVATE LIMITED,India,Subsidiary,www.jbtc.com,HH2026827055869,859166601,JBT MAREL INDIA PRIVATE LIMITED,India,200+
c33ba2a0f77e5526ea66bf78ae2cedb3,JBT MAREL JAPAN K.K.,Japan,Subsidiary,www.jbtcorporation.com,HH2026827055869,697178338,JBT Marel Japan株式会社,Japan,200+
60e08b6a7a5417ada618a9029bc17179,JBT MAREL SINGAPORE PTE. LTD.,Singapore,Subsidiary,www.jbtc.com,HH2026827055869,595154625,JBT MAREL SINGAPORE PTE. LTD.,Singapore,200+
dd8616058f04ef967d2be4bc1085c384,JLL CORPORATE SOLUTIONS - SERVICOS DE CONSERVACAO E MANUTENCAO DE IMOVEIS LTDA.,Brazil,Subsidiary,www.jll.com.br,HH2026028781060,914717814,JLL CORPORATE SOLUTIONS - SERVICOS DE CONSERVACAO E MANUTENCAO DE IMOVEIS LTDA.,Brazil,2000+
69d904ccd3fc91f774a3d3d82d7ef81a,JLL INFRASTRUCTURE ADVISORY PTY LTD,Australia,Subsidiary,www.jll.com.au,HH2026028781060,752588975,JLL INFRASTRUCTURE ADVISORY PTY LTD,Australia,1000+
78cd2ed5eb0aa8ac0da0a27aad4d5bfd,JLL INGENIERIE,France,Subsidiary,www.jll.fr,HH2026028781060,347701955,JLL INGENIERIE,France,1000+
9cdee9bd6832d3f4ae80f3b49d117ada,JOHNSON CONTROLS AUSTRALIA PTY LTD,Australia,Subsidiary,www.johnsoncontrols.com.au,HH2026750741899,751028432,JOHNSON CONTROLS AUSTRALIA PTY LTD,Australia,2000+
55627a9df03d567e811514d264b3f4da,JOHNSON CONTROLS COLOMBIA LTDA,Colombia,Independent,www.JOHNSONCONTROLS.COM,HH2026881195473,881195473,JOHNSON CONTROLS COLOMBIA LTDA,Colombia,2000+
21af3291b09597f0bea339caa4101d04,JOHNSON CONTROLS INTERNATIONAL spol. s r.o.,Slovakia,Subsidiary,www.johnsoncontrols.com,HH2026985594574,495033334,JOHNSON CONTROLS INTERNATIONAL spol. s r.o.,Slovakia,2000+
7d4f2ec7b17cf81652ba3343d484e940,JOHNSON CONTROLS ITALIA SRL,Italy,Subsidiary,www.johnsoncontrols.com,HH2026985594574,428137814,JOHNSON CONTROLS ITALIA SRL,Italy,2000+
653ab647a29758692030e3fa82e71678,JOHNSON CONTROLS SOFTWARE INDIA PRIVATE LIMITED,India,Subsidiary,www.johnsoncontrols.in,HH2026985594574,874095283,JOHNSON CONTROLS SOFTWARE INDIA PRIVATE LIMITED,India,2000+
604ad96218f41b51fae06162547f01f2,JOHNSON CONTROLS SPA,Italy,Subsidiary,www.johnsoncontrols.com,HH2026985594574,437523574,JOHNSON CONTROLS SPA,Italy,2000+
2d8680f0052505bb318970c33295f6d1,JONES LANG LASALLE K.K.,Japan,Subsidiary,www.joneslanglasalle.co.jp,HH2026028781060,698447435,ジョーンズラングラサール株式会社,Japan,2000+
cc77d354e921c0f304cba5d083c3f53a,JPMORGAN CHASE & CO.,USA,,www.jpmorgan.com,HH2026047675947,80871314,JPMORGAN CHASE & CO.,USA,100+
4f5514a811d99d2aec23fa8684ca95e,JUPITER FUND MANAGEMENT PLC,United Kingdom,,www.jupiteram.com,HH2026219683427,219683427,JUPITER FUND MANAGEMENT PLC,United Kingdom,10+
d551aaeda97db4cfd9b9e8e9adce02e9,Jabil Canada Corporation,Canada,Subsidiary,www.jabil.com,HH2026041810979,203433891,Jabil Canada Corporation,Canada,1000+
0ce39363e3b242e5bac3635f6364c6a9,Jabil Circuit Austria GmbH,Austria,Subsidiary,www.jabil.com,HH2026041810979,300601122,Jabil Circuit Austria GmbH,Austria,2000+
52b1e6cf2fcfd2f1128c87688b1ee64f,Jabil Circuit Belgium,Belgium,Subsidiary,www.jabil.com,HH2026041810979,372583026,Jabil Circuit Belgium,Belgium,1000+
95847c77acdce09652a0dd286f2dbf0,Jabil Inc.,Japan,,www.jabil.com,HH2026041810979,41810979,Jabil Inc.,Japan,2000+
c9477e2e0733ccfba75f5373489c0d80,Jabil Optics Germany GmbH,Germany,Subsidiary,www.jabil.com,HH2026041810979,537694650,Jabil Optics Germany GmbH,Germany,1000+
e250c41f306bc863c9cb673e9f23ee63,Jabil Switzerland Manufacturing GmbH,Switzerland,Subsidiary,www.jabil.com,HH2026041810979,480380650,Jabil Switzerland Manufacturing GmbH,Switzerland,1000+
0d1c7a91d6aa641f8a0fca01f970682b,Jackson Lewis P.C.,USA,Parent,www.jacksonlewis.com,HH2026072809924,72809924,Jackson Lewis P.C.,USA,100+
f1e37c3d4627dd910da86b36aa066d13,"Jazz Pharmaceuticals, Inc.",USA,Subsidiary,www.jazzpharma.com,HH2026989977066,135926363,"Jazz Pharmaceuticals, Inc.",USA,50+
3e6f758364ab2bf855a3df8f0fd7c4d4,JetBrains GmbH,Germany,Subsidiary,www.jetbrains.com,HH2026491426751,341703104,JetBrains GmbH,Germany,50+
84a55fab490ff03f6221c728fd202e6f,Jim Ned Consolidated Independent School District,USA,Parent,www.jimned.esc14.net,HH2026088899307,88899307,Jim Ned Consolidated Independent School District,USA,20+
abf4aadd82f96673cc734f9e4bcedf26,Jks A/S,Denmark,Subsidiary,www.jks.dk,HH2026305465853,586143646,Jks A/S,Denmark,30+
e28eea81e81949c09d969407ffd37e2e,"Johnson Controls Building Solutions, spol. s r.o.",Czech Republic,Subsidiary,www.johnsoncontrols.com,HH2026985594574,496286479,"Johnson Controls Building Solutions, spol. s r.o.",Czech Republic,2000+
93b2df31b78dddca66cac12696fb50c,Johnson Controls Integrated Solutions GmbH,Austria,,www.johnsoncontrols.com,HH2026985594574,300252285,Johnson Controls Integrated Solutions GmbH,Austria,2000+
57158627574ebd7fe7161775e8632e5d,Johnson Controls International Korea Inc.,Korea,Subsidiary,www.johnsoncontrols.kr,HH2026985594574,687739821,Johnson Controls Korea,Korea,2000+
3b41205514e9ddba51bb9f248ad02f62,Johnson Controls International S.R.L,Costa Rica,Subsidiary,www.johnsoncontrols.com,HH2026985594574,853092190,Johnson Controls International S.R.L,Costa Rica,2000+
7bc6d05f494033b311468c1a09c49af,Johnson School Bus Service Inc,USA,,www.johnsonschoolbus.com,HH2026007822588,7822588,Johnson School Bus Service Inc,USA,2000+
af1ee431e15b70e2d947323d7f44384d,"Johnstown Heights Behavioral Health, LLC",USA,Subsidiary,www.johnstownheights.com,HH2026092990814,13985210,"Johnstown Heights Behavioral Health, LLC",USA,200+
852859d3fdfa2595a205733478d7df34,K12 Services Inc.,USA,Subsidiary,www.k12.com,HH2026190078621,117318874,K12 Services Inc.,USA,100+
6014319339ca21e88f4c9d62cf5440bc,KCR S A,Poland,Parent,www.kcrcro.com,HH2026367561078,367561078,KCR S A,Poland,500+
07249b9b81abed139dadf05748e95bd3,KDN - Dachverband Kommunaler IT-Dienstleister,Germany,Parent,www.kdn.de,HH2026342652511,342652511,KDN - Dachverband Kommunaler IT-Dienstleister,Germany,50+
cea3244b098485250c2fe882af422a2f,KELVION LIMITED,United Kingdom,Subsidiary,www.kelvion.com,HH2026690651989,220557602,KELVION LIMITED,United Kingdom,35+
30f1a4dea5b7078cb36b370d9bc76866,KENVUE FRANCE,France,Subsidiary,www.kenvue.com,HH2026118846754,276417800,KENVUE FRANCE,France,200+
88a49809b0ce568ae5a0ca19d2af8313,KEPPEL LAND VIETNAM COMPANY LIMITED,Vietnam,Subsidiary,www.keppelland.com,HH2026595111683,555241821,KEPPEL LAND VIETNAM COMPANY LIMITED,Vietnam,200+
4adbcc7debc9b614a0ea66318e537192,KETCHUM ESTRATEGIA AssEssORIA DE COMUNICACAO LTDA,Brazil,Subsidiary,www.ketchum.com,HH2026902066621,900173048,KETCHUM ESTRATEGIA ASSESSORIA DE COMUNICACAO LTDA,Brazil,1000+
535e5e33b84a1536f9887fbacdb4aae8,KIMS HOSPITAL LIMITED,United Kingdom,Subsidiary,www.kims.org.uk,HH2026220274167,217128017,KIMS HOSPITAL LIMITED,United Kingdom,45+
e305ca0d78fc62154496aeb0b21f068d,KION INDIA PRIVATE LIMITED,India,Subsidiary,www.kiongroup.com,HH2026312552827,650845147,KION INDIA PRIVATE LIMITED,India,500+
492593154773198dccfe174e24961faf,KIPP Administrative Services Corporation,USA,Parent,www.kippphiladelphia.org,HH2026149355435,149355435,KIPP Administrative Services Corporation,USA,400+
ab19f6535599ad7c744f4410d6745ede,KIPP Chicago Public Schools,USA,Parent,www.kippchicago.org,HH2026966269677,966269677,KIPP Chicago Public Schools,USA,400+
0cacaf198b2c9a4fc2772946c36c8527,KIPP Columbus Public Schools,USA,Parent,www.kippcolumbus.org,HH2026019578125,19578125,KIPP Columbus Public Schools,USA,400+
ccee8768368039cd692649f5dc9f9ea2,KKR INDIA ADVISORS PRIVATE LIMITED,India,Subsidiary,www.kkr.com,HH2026806256132,863808479,KKR INDIA ADVISORS PRIVATE LIMITED,India,100+
d4fbb0ad5eeb881eb4bc2aa51c0864d3,KKR Switzerland GmbH,Switzerland,Subsidiary,www.kkr.com,HH2026806256132,480730024,KKR Switzerland GmbH,Switzerland,100+
03f7840695e1271c7561503b26055761,KNAPP AG,Austria,Subsidiary,www.knapp.com,HH2026300611439,303521181,KNAPP AG,Austria,100+
4cc0004bc080c331b20d43ac394461b8,KNAPP DEUTSCHLAND GMBH,Germany,Subsidiary,www.knapp.com,HH2026300611439,343468955,KNAPP DEUTSCHLAND GMBH,Germany,100+
41c4452a9770cb6904d71b2c641a4311,KNAPP SUDAMERICA LOGISTICA E AUTOMACAO LTDA,Brazil,Parent,www.knapp.com,HH2026902173264,902173264,KNAPP SUDAMERICA LOGISTICA E AUTOMACAO LTDA,Brazil,100+
a3b0d42f6036db6605aa88527cb61a55,KNAPP Systemintegration GmbH,Austria,Subsidiary,www.knapp.com,HH2026300611439,303046122,KNAPP Systemintegration GmbH,Austria,100+
ff6bec3cd3de2f1cc202d6f1bd8d7017,KNAPP U.K. LIMITED,United Kingdom,Parent,www.knapp.com,HH2026536216724,536216724,KNAPP U.K. LIMITED,United Kingdom,100+
98583003e26e54d8f93dbadf27d34a32,KNIGHT FRANK ASIA PACIFIC PTE LTD,Singapore,Subsidiary,www.knightfrank.com.sg,HH2026736913604,628203697,KNIGHT FRANK ASIA PACIFIC PTE LTD,Singapore,50+
8f34314c6f2f202ee985aec44f753e29,KNIGHT FRANK PROPERTY & FACILITIES MANAGEMENT PTE. LTD.,Singapore,Subsidiary,www.knightfrank.com.sg,HH2026595507997,628511123,KNIGHT FRANK PROPERTY & FACILITIES MANAGEMENT PTE. LTD.,Singapore,50+
ceaa1f98f8d0f1b54013b12bc0e24b78,KNIGHT FRANK PTE LTD,Singapore,Subsidiary,www.knightfrank.com.sg,HH2026595507997,595390097,KNIGHT FRANK PTE LTD,Singapore,50+
2a5d506dcf596bf6422d8daf4ba3f943,KONE (Schweiz) AG,Switzerland,Subsidiary,www.kone.ch,HH2026459906942,483230660,KONE (Schweiz) AG,Switzerland,500+
c4530a6ab3f0ff066a6427cd3eb709c1,KONE B.V.,Netherlands,Subsidiary,www.kone.com,HH2026459906942,405837113,KONE B.V.,Netherlands,500+
32b3c3a7acf103f2cc33343a15073deb,KONGSBERG MARITIME LIMITED,United Kingdom,Subsidiary,www.kongsberg.com,HH2026518910914,397456914,KONGSBERG MARITIME LIMITED,United Kingdom,50+
91d601902a201f7789811652dba2451b,"KPMG & AssOCIADOS - SOCIEDADE DE REVISORES OFICIAIS DE CONTAS, S.A.",Portugal,Parent,www.kpmg.pt,HH2026452557861,452557861,"KPMG & ASSOCIADOS - SOCIEDADE DE REVISORES OFICIAIS DE CONTAS, S.A.",Portugal,50+
f3e1d1bf3d4b5f783778cd61db6b9fa0,KPMG Baltics SIA,Latvia,Subsidiary,www.kpmg.lv,HH2026351533371,731468211,KPMG Baltics SIA,Latvia,50+
a6a951d81e51ef15263d89b4e4442f8f,KPMG DOO BEOGRAD,Serbia,Parent,www.kpmg.rs,HH2026360291893,360291893,KPMG DOO BEOGRAD,Serbia,50+
7154c02f466b94b6945075fdae86fe88,KPMG GLOBAL SERVICES PRIVATE LIMITED,India,Subsidiary,www.kpmg.com,HH2026866152296,863360150,KPMG GLOBAL SERVICES PRIVATE LIMITED,India,50+
0bfeec6dfb549d34802f5275cffe4b0e,KPMG LLP,Canada,Parent,www.kpmg.ca,HH2026207704156,207704156,KPMG LLP,Singapore,50+
4e33c3faf7564d3499392b828a686a30,KPMG SPA,Italy,Parent,www.kpmg.com,HH2026436209217,436209217,KPMG SPA,Italy,50+
5cee72637fe404e55fe4687f3bb6553a,KPMG SRI LANKA,Sri Lanka,Parent,www.kpmg.com,HH2026659442664,659442664,KPMG SRI LANKA,Sri Lanka,50+
708e0ff3267149f7b20e592beb955269,KPMG UK HOLDINGS LIMITED,United Kingdom,Subsidiary,www.kpmg.com,HH2026423916167,235135782,KPMG UK HOLDINGS LIMITED,United Kingdom,50+
91c6d131dc8f144229771c0afb4d61cc,KWS SAAT SE & Co. KGaA,Germany,Parent,www.kws.com,HH2026315003541,315003541,KWS SAAT SE & Co. KGaA,Germany,24+
381b97f4830b1ef57c30dd5492aaa0f0,KYNDRYL (THAILAND) COMPANY LIMITED,Thailand,Subsidiary,www.kyndryl.com,HH2026118340633,659711816,KYNDRYL (THAILAND) COMPANY LIMITED,Thailand,1000+
c3f8015a9eac10ab0e7231cf524b070e,KYNDRYL ARGENTINA S.R.L.,Argentina,,www.kyndryl.com,HH2026118340633,952149143,KYNDRYL ARGENTINA S.R.L.,Argentina,1000+
b0a911e651946f24f2e612295770cf0d,KYNDRYL AUSTRALIA PTY LTD,Australia,Subsidiary,www.kyndryl.com,HH2026118340633,748563867,KYNDRYL AUSTRALIA PTY LTD,Australia,1000+
92a41d5f89ca9c343244204283deea99,KYNDRYL BRASIL SERVICOS LTDA.,Brazil,Subsidiary,www.kyndryl.com,HH2026118340633,823242194,KYNDRYL BRASIL SERVICOS LTDA.,Brazil,1000+
2c86e1527d7175ebc0b2177192287bb1,KYNDRYL FRANCE,France,Subsidiary,www.kyndryl.com,HH2026118340633,275936380,KYNDRYL FRANCE,France,1000+
5b5f2644b98ca21225430f73f137572d,KYNDRYL HELLAS SINGLE MEMBER SOCIETE ANONYME,Greece,Subsidiary,www.kyndryl.com,HH2026118340633,525110764,KYNDRYL HELLAS SINGLE MEMBER SOCIETE ANONYME,Greece,1000+
533e03d283e170a6006eac959b3a8a24,KYNDRYL IRELAND LIMITED,Ireland,Subsidiary,www.kyndryl.com,HH2026118340633,985770674,KYNDRYL IRELAND LIMITED,Ireland,1000+
aa9af189ce5bf55fc9b9965a58b08d27,KYNDRYL ITALIA INNOVATION SERVICES SRL,Italy,Subsidiary,www.kyndryl.com,HH2026118340633,441536560,KYNDRYL ITALIA INNOVATION SERVICES SRL,Italy,1000+
5ac3756357313828bbc156e84c304283,KYNDRYL ITALIA SPA,Italy,Subsidiary,www.kyndryl.com,HH2026118340633,441577551,KYNDRYL ITALIA SPA,Italy,1000+
80b6f258230584b436cf6645d05c99b4,KYNDRYL JAPAN TECHNOLOGY SERVICE K.K.,Japan,Subsidiary,www.kyndryl.com,HH2026118340633,680190462,キンドリルジャパン･テクノロジーサービス株式会社,Luxembourg,1000+
bd907a5895805e4ed073fc252c1c6f16,KYNDRYL MIDDLE EAST L.L.C,United Arab Emirates,,www.kyndryl.com,HH2026118340633,557572055,KYNDRYL MIDDLE EAST L.L.C,United Arab Emirates,1000+
fc755b9c3dca4a1bb59b73b57073cf18,KYNDRYL PAKISTAN (PRIVATE) LIMITED,Pakistan,Subsidiary,www.kyndryl.com,HH2026118340633,645832556,KYNDRYL PAKISTAN (PRIVATE) LIMITED,Pakistan,1000+
90adf9214d09b9e664cdc250f7d4c7dd,KYNDRYL POLAND SP Z O O,Poland,Subsidiary,www.kyndryl.com,HH2026118340633,679188892,KYNDRYL POLAND SP Z O O,Poland,1000+
20b039f1191f3e627b78757a408ee9b,KYNDRYL POLSKA BUSINESS SERVICES SP Z O O,Poland,,www.kyndryl.com,HH2026118340633,367215642,KYNDRYL POLSKA BUSINESS SERVICES SP Z O O,Poland,1000+
658b9a4121a1c8254c3c203189acd6f1,KYNDRYL SAUDI INFORMATION TECHNOLOGY COMPANY,Saudi Arabia,,www.kyndryl.com,HH2026118340633,561804437,KYNDRYL SAUDI INFORMATION TECHNOLOGY COMPANY,Saudi Arabia,1000+
dd39cba8e3e12cfe918817d3ab0107b8,KYNDRYL SOLUTIONS PRIVATE LIMITED,India,Subsidiary,www.kyndryl.com,HH2026118340633,854299852,KYNDRYL SOLUTIONS PRIVATE LIMITED,India,1000+
685fd8b1f444fd5df8f71376d2865461,KYNDRYL UK LIMITED,United Kingdom,Subsidiary,www.kyndryl.com,HH2026118340633,227617317,KYNDRYL UK LIMITED,United Kingdom,1000+
de4b77400f04ed29e02eabcb99628a97,KYNDRYL URUGUAY S.A.,Uruguay,Subsidiary,www.kyndryl.com,HH2026118340633,679126783,KYNDRYL URUGUAY S.A.,Uruguay,1000+
2bd64a7080f901e3f14feedd9f794c99,KYNDRYL VIETNAM COMPANY LIMITED,Vietnam,,www.kyndryl.com,HH2026118340633,673828303,KYNDRYL VIETNAM COMPANY LIMITED,Vietnam,1000+
d719ca459fd4939eae453bc84c68e1b1,Kaiser + Kraft GmbH,Germany,Subsidiary,www.kaiserkraft.de,HH2026315145086,313252665,Kaiser + Kraft GmbH,Germany,50+
5ded8839db624e3e5b752822bb289425,"Kan Pak International, Inc.",USA,Independent,www.kanpak.us,HH2026018932499,18932499,"Kan Pak International, Inc.",USA,100+
aad388a9ca3935e77a1e0d3693931c87,Kanadevia Inova AG,Switzerland,Subsidiary,www.kanadevia-inova.com,HH2026690537808,480732932,Kanadevia Inova AG,Switzerland,100+
dc4a28ded3256d943158c6657969e428,Kantar Sweden AB,Sweden,Subsidiary,www.kantarsifo.se,HH2026372726249,354094757,Kantar Sweden AB,Sweden,30+
270a21de04312ff7887c0d118e9cdb34,Karuk Tribe,USA,Parent,www.karuk.us,HH2026145307930,145307930,Karuk Tribe,USA,20+
5f34fd6831336393a8a195561613854f,"Kaufman, Rossin & Co., A Professional Association",USA,Parent,www.kaufmanrossin.com,HH2026076005545,76005545,"Kaufman, Rossin & Co., A Professional Association",USA,
0098b71840d52a3af268123a6d84ffba,Kaweah Delta Health Care District Guild,USA,Parent,www.kaweahhealth.org,HH2026074634593,74634593,Kaweah Delta Health Care District Guild,USA,100+
ed23afba3f9d624d839f87faa0c03f20,Kemper Corporation,USA,Parent,www.kemper.com,HH2026611935909,611935909,Kemper Corporation,USA,300+
ef60fd2891753996f8cf8191971f048d,Ketchum Public School District,USA,Parent,www.ketchumwarriors.com,HH2026193450061,193450061,Ketchum Public School District,USA,1000+
6fbcf9b89ac869257b7d7de4a1f81dec,"Ketchum, Inc.",USA,Subsidiary,www.ketchum.com,HH2026147857429,10574247,"Ketchum, Inc.",USA,1000+
320821e17e8de2e052fc7016afbab16d,"Keystone Home Health Services, Inc.",USA,Parent,www.keystonecare.com,HH2026798062204,798062204,"Keystone Home Health Services, Inc.",USA,24+
711e462cdcde5f165ee6afc95814bc38,Kipp Bay Area Public Schools,USA,Parent,www.kippnorcal.org,HH2026858706018,858706018,Kipp Bay Area Public Schools,USA,
285a9014e1947cfbefc5a53b439531df,"Kipp Indianapolis, Inc.",USA,Parent,www.kippindy.org,HH2026149179934,149179934,"Kipp Indianapolis, Inc.",USA,500+
6cc6399af078c591e2ac3111bf278716,"Kipp Jacksonville, Inc.",USA,Parent,www.kippjax.org,HH2026004543837,4543837,"Kipp Jacksonville, Inc.",USA,
03402d84d5d94554b2eb7c01e59d154c,Kipp Minnesota,USA,Parent,www.kippminnesota.org,HH2026832867860,832867860,Northstar Public Schools,USA,400+
30ded0b323445a340d3d4a6a606874e1,Kipp Tulsa Academy College Preparatory Inc,USA,Independent,www.kippok.org,HH2026607218539,607218539,Kipp Tulsa Academy College Preparatory Inc,USA,500+
c140e4386d707d22a73c28e31406247b,"Kmc, Kartoffelmelcentralen, A.m.b.a",Denmark,Parent,www.kmc.dk,HH2026305111015,305111015,"Kmc, Kartoffelmelcentralen, A.m.b.a",Denmark,3
9eaa81d689916dd959d3d18019a8a93b,Knapp Inc.,USA,Subsidiary,www.knapp.com,HH2026300611439,623665853,Knapp Inc.,USA,100+
43dfc8fc14c08e4ded2472856a2c56b5,"Kokosing Construction, Inc",USA,Independent,www.kokosing.biz,HH2026077787984,77787984,"Kokosing Construction, Inc",USA,200+
51e182194856f2542090fbe3f2eb765d,Kone A/S,Denmark,Subsidiary,www.kone.dk,HH2026459906942,306208729,Kone A/S,Denmark,800+
050eeaf0357f2d4354081c8c2c659a74,Kone Aksjeselskap,Norway,Subsidiary,www.kone.no,HH2026459906942,515025203,Kone Aksjeselskap,Norway,800+
59bf1957b7355aaae16c35ab87991941,"Kone Industrial Servicios, S.A. de C.V.",Mexico,Independent,www.kone.mx,HH2026813011624,813011624,"Kone Industrial Servicios, S.A. de C.V.",Mexico,500+
9efef1946d19e6d81b2f116f4fe6e643,Kongsberg Defence & aerospace AS,Norway,Subsidiary,www.kongsberg.com,HH2026518910914,730361318,Kongsberg Defence & Aerospace AS,Norway,45+
b3a59eabf9452681d0b989ada2e29ffd,Kongsberg Gruppen ASA,Norway,Parent,www.kongsberg.com,HH2026518910914,518910914,Kongsberg Gruppen ASA,Norway,45+
ae0738b5e27f0cded08e7edf48608e8a,Kongsberg Naeringsparkutvikling AS,Norway,Subsidiary,www.kongsberg.com,HH2026518910914,731235714,Kongsberg Næringsparkutvikling AS,Norway,45+
631271b9069013deede51e05a225b3fd,Koodo Mobile-Scarborough,Canada,Independent,www.koodomobile.com,HH2026248376654,248376654,Koodo Mobile-Scarborough,Canada,100+
00e2f234b8d3622c3a5ab831493249ed,Kootenai Tribe Of Idaho,USA,Parent,www.kootenai.org,HH2026131472755,131472755,Kootenai Tribe Of Idaho,USA,2000+
526714022a9c9acb7ed70fb4048b7cc7,Korn Ferry,USA,Parent,www.kornferry.com,HH2026052239530,52239530,Korn Ferry,Peru,100+
bdf462e95cf7febb341a67ff3f75ed36,"Kostal of America, Inc.",USA,Subsidiary,www.kostal.com,HH2026343015854,2504512,"Kostal of America, Inc.",USA,2000+
e89630f281628764aee8ec1026e953cc,Kpmg Advisory Limited,Bermuda,Independent,www.kpmg.bm,HH2026875650319,875650319,Kpmg Advisory Limited,Bermuda,100+
ef821f804c731a1c1ae9bfea43dfe5b0,Kyndryl Austria GmbH,Austria,Subsidiary,www.kyndryl.com,HH2026118340633,300810242,Kyndryl Austria GmbH,Austria,1000+
ff521c57b175a6c4a9a2bcb56b247f6c,Kyndryl Belgium,Belgium,,www.kyndryl.com,HH2026118340633,372572017,Kyndryl Belgium,Belgium,1000+
b258b90c903d07362a4e2c64c008ff5c,Kyndryl Canada Limited,Canada,,www.kyndryl.com,HH2026118340633,208457863,Kyndryl Canada Limited,Canada,1000+
090d9315cf7049bfb5ce77f7303da5f1,Kyndryl Chile SpA,Chile,Subsidiary,www.kyndryl.com,HH2026118340633,675173193,Kyndryl Chile SpA,Chile,1000+
d6aec82531308a8d5690b30fd3df9ccf,"Kyndryl Client Center, s.r.o.",Czech Republic,Subsidiary,www.kyndryl.com,HH2026118340633,511621257,"Kyndryl Client Center, s.r.o.",Czech Republic,1000+
f01cd7e40c3c5fd1baa974c765bacdc5,Kyndryl Deutschland Aviation Industry Services GmbH,Germany,Subsidiary,www.kyndryl.com,HH2026118340633,313240377,Kyndryl Deutschland Aviation Industry Services GmbH,Germany,1000+
26bd29e0348482bd317be7dcf35f1d6e,Kyndryl Deutschland Business & Technology Services GmbH,Germany,Subsidiary,www.kyndryl.com,HH2026118340633,313775967,Kyndryl Deutschland Business & Technology Services GmbH,Germany,1000+
9f853f072cd85789d851c540721632ea,Kyndryl Deutschland GmbH,Germany,Subsidiary,www.kyndryl.com,HH2026118340633,343308828,Kyndryl Deutschland GmbH,Germany,1000+
c84af51e8ef67408b2870b50178bff1d,Kyndryl Finland Oy,Finland,,www.kyndryl.com,HH2026118340633,368896172,Kyndryl Finland Oy,Finland,1000+
e19016578970e6ad260d8a0153a652c,Kyndryl Latvia SIA,Latvia,,www.kyndryl.com,HH2026118340633,851946049,Kyndryl Latvia SIA,Latvia,1000+
c7e67e47edd40da768deed31d7ca6b5f,"Kyndryl Ljubljana, d.o.o.",Slovenia,Subsidiary,www.kyndryl.com,HH2026118340633,855000177,"Kyndryl Ljubljana, d.o.o.",Slovenia,1000+
5055d143e50ebb21676f75ed4ab538a8,"Kyndryl México, S. de R.L. de C.V.",Mexico,Subsidiary,www.kyndryl.com,HH2026951637494,951608339,"Kyndryl México, S. de R.L. de C.V.",Mexico,1000+
51c7a7275a37e75977d2b1df843ede1f,Kyndryl Svenska AB,Sweden,Subsidiary,www.kyndryl.com,HH2026118340633,350965714,Kyndryl Svenska AB,Sweden,1000+
70d47d55dd5968dbf31b191190253797,Kyndryl Switzerland GmbH,Switzerland,Subsidiary,www.kyndryl.com,HH2026118340633,480524325,Kyndryl Switzerland GmbH,Switzerland,1000+
b1373c431f1092aee31b4d51ad58750,"Kyndryl, Inc.",USA,,www.kyndryl.com,HH2026118340633,118093317,"Kyndryl, Inc.",USA,1000+
a11989f103fcb60fd48dceb11aaace43,LANDIS GYR LIMITED,India,Subsidiary,www.landisgyr.com,HH2026506915326,650140163,LANDIS GYR LIMITED,India,24+
7cf31bfd93e722b82e98ad7121e55ae,LANDIS GYR SP Z O O,Poland,,www.landisgyr.eu,HH2026367181737,367181737,LANDIS GYR SP Z O O,Poland,35+
d4ecc555ace655968e3bebcec2b63bb4,LANDIS+GYR SINGLE MEMBER SOCIETE ANONYME ELECTROTECHNICAL AND ELECTRONIC EQUIPMENT AND SYS,Greece,Subsidiary,www.landisgyr.eu,HH2026506915326,423059179,EYKON SOLUTIONS SINGLE MEMBER S.A.,Greece,35+
57a0faa5971b9695ad5db5db0c1f8a6c,LANDIS+GYR d.o.o.,Slovenia,Subsidiary,www.landisgyr.eu,HH2026506915326,499739043,LANDIS+GYR d.o.o.,Slovenia,35+
ee66ab6db7fccc8bc2bc331a8b0c0322,LEGENDS GLOBAL HOLDINGS LIMITED,United Kingdom,Subsidiary,www.legendsglobal.com,HH2026244882650,347569522,LEGENDS GLOBAL HOLDINGS LIMITED,United Kingdom,2000+
26c25307c4b22fce6cc3a58af4c888d,"LEGENDS HOSPITALITY HOLDING COMPANY, LLC",USA,,www.legendsglobal.com,HH2026010488774,10488774,"LEGENDS HOSPITALITY HOLDING COMPANY, LLC",USA,2000+
61c767ae55e0b9a343eaf69be26446aa,LENDLEASE CONSTRUCTION PTY LIMITED,Australia,Subsidiary,www.lendlease.com,HH2026750503518,750488918,LENDLEASE CONSTRUCTION PTY LIMITED,Australia,30+
2e3cd572538d43cfbe246e9953a65805,LEONARD CHESHIRE DISABILITY,United Kingdom,Parent,www.leonardcheshire.org,HH2026226220796,226220796,LEONARD CHESHIRE DISABILITY,United Kingdom,50+
5b284611a3a3830940e58bf9f255bfa6,LEONARDO SPA,Italy,Parent,www.leonardo.com,HH2026428869465,428869465,LEONARDO SPA,Italy,600+
69cfe67f4a07d4d2daf4196285d7919a,LEONARDO UK LTD,United Kingdom,Subsidiary,www.leonardo.com,HH2026428869465,504381468,LEONARDO UK LTD,United Kingdom,600+
cdb471f48de85959c97706ef5a9a11ff,LEOVEGAS UK LIMITED,United Kingdom,Subsidiary,www.leovegasgroup.com,HH2026507600210,223458116,LEOVEGAS UK LIMITED,United Kingdom,50+
cdb6796e5a33f5b83acd70f8e10e2913,LES SINOPLIES,France,Parent,www.lessinoplies.fr,HH2026737388371,737388371,LES SINOPLIES,France,
b4bc2191183cde02f1e914efbcac000b,LEVI STRAUss (MALAYSIA) SDN BHD,Malaysia,Subsidiary,www.levistrauss.com,HH2026009109273,652116435,LEVI STRAUSS (MALAYSIA) SDN BHD,Malaysia,1000+
664909dc89cc00451d5f7abf964efa42,LEVI STRAUss (U.K.) LIMITED,United Kingdom,Subsidiary,www.levistrauss.com,HH2026009109273,210909602,LEVI STRAUSS (U.K.) LIMITED,United Kingdom,1000+
8bc41c00d7217aa6515bb0aad4ca6339,LEVI STRAUss ITALIA SRL,Italy,Subsidiary,www.levi.com,HH2026009109273,440069268,LEVI STRAUSS ITALIA SRL,Italy,1000+
dcc184a662e09048079a1a1d531799d5,LEXISNEXIS SA,France,Subsidiary,www.lexisnexis.com,HH2026210244596,275241750,LEXISNEXIS SA,France,300+
9e0a5e531d4f0e84fea8b8b57883710b,LINDE GAZ POLSKA SP Z O O,Poland,Parent,www.linde-gaz.pl,HH2026366612158,366612158,LINDE GAZ POLSKA SP Z O O,Poland,500+
5ffc7a8b34d9e5fc7aca9852407b62ae,LINDT & SPRUNGLI (AUSTRALIA) PTY LTD,Australia,Subsidiary,www.lindt.com.au,HH2026480001403,754917300,LINDT & SPRUNGLI (AUSTRALIA) PTY LTD,Australia,300+
9cbe3a6c1b418bbbdf293eb4447d17a9,LINDT & SPRUNGLI (BRAZIL) COMERCIO DE ALIMENTOS LTDA,Brazil,Subsidiary,www.lindt.com.br,HH2026480001403,914766035,LINDT & SPRUNGLI (BRAZIL) COMERCIO DE ALIMENTOS LTDA,Brazil,300+
3c3d57a0f1082e86532e193cd2abb695,LINDT AND SPRUNGLI SCHWEIZ AG - REP OFFICE,United Arab Emirates,Subsidiary,www.lindt-spruengli.com,HH2026480001403,557521364,LINDT AND SPRUNGLI SCHWEIZ AG - REP OFFICE,United Arab Emirates,300+
47e33b68aaf6f445f8d044df639a5224,LINKLATERS (THAILAND) LIMITED,Thailand,Subsidiary,www.linklaters.com,HH2026671628689,660758749,LINKLATERS (THAILAND) LIMITED,Thailand,100+
ea5d5f5161a6eb00c50a2ea1e3a767f4,LITERA TECHNOLOGIES PRIVATE LIMITED,India,Independent,www.litera.com,HH2026878839792,878839792,LITERA TECHNOLOGIES PRIVATE LIMITED,India,45+
3eb044dacae6d23e27449e75390e6916,LIVEVOX SOLUTIONS PRIVATE LIMITED,India,Subsidiary,www.livevox.com,HH2026600183149,864534187,LIVEVOX SOLUTIONS PRIVATE LIMITED,India,100+
5d4ac3c8e46e7c85080884f5382229b,LKQ Corporation,USA,,www.lkqcorp.com,HH2026028117104,28117104,LKQ Corporation,USA,500+
d4da122d9c748c8343b6ae96597a21db,"LKQ TAIWAN HOLDING COMPANY, TAIWAN BRANCH (U.S.A.)",Taiwan,Subsidiary,www.lkqcorp.com,HH2026028117104,657113226,美商大豪國際汽車零件股份有限公司台灣分公司,Taiwan,500+
6c772de0a02f940194737e11e74438d1,LLOYDS BANKING GROUP PLC,United Kingdom,Parent,www.lloydsbankinggroup.com,HH2026296267206,296267206,LLOYDS BANKING GROUP PLC,United Kingdom,100+
c21286ce28b8e7c0a7316c94aff3f801,LNW INDIA SOLUTIONS PRIVATE LIMITED,India,Subsidiary,www.lnw.com,HH2026113491252,858344629,LNW INDIA SOLUTIONS PRIVATE LIMITED,India,100+
3742871ec3bd248365275fb5dd56fdd3,LOGITECH MIDDLE EAST FZ-LLC,United Arab Emirates,Subsidiary,www.logitech.com,HH2026482272747,851210712,LOGITECH MIDDLE EAST FZ-LLC,United Arab Emirates,200+
03b313b89daf4cc2a078d6d38cb9a26b,LOTUS REFINERIES PRIVATE LIMITED,India,Parent,www.lotusrefineries.com,HH2026650668341,650668341,LOTUS REFINERIES PRIVATE LIMITED,India,24+
89181468922476b42e27a930cdf02639,LTM INDUSTRIA E COMERCIO DE CHICOTES ELETRICOS LTDA,Brazil,Independent,www.ltmchicotes.com.br,HH2026902603588,902603588,LTM INDUSTRIA E COMERCIO DE CHICOTES ELETRICOS LTDA,Brazil,24+
cfe752e2232fce4c93cf1ee4a9bde031,LUMENTUM TECHNOLOGY UK LIMITED,United Kingdom,Subsidiary,www.lumentum.com,HH2026216790850,500140678,LUMENTUM TECHNOLOGY UK LIMITED,United Kingdom,200+
bfb6a6b3817c9f49bd4f866e7ab343b4,LYRECO ESPAÑA S.A.,Spain,Subsidiary,www.lyreco.com,HH2026393833830,465585586,LYRECO ESPAÑA S.A.,Spain,200+
606b272d247dd34d52c13fed0dfa09d2,LYRECO FRANCE,France,Subsidiary,www.lyreco.com,HH2026393833830,275444511,LYRECO FRANCE,France,300+
742623880b3fef5cba6f9eb51f99ea08,LYRECO POLSKA S A,Poland,Independent,www.lyreco.com,HH2026422483560,422483560,LYRECO POLSKA S A,Poland,300+
ad5902d76cc0e794de933ce4dc517f01,LYRECO UK LIMITED,United Kingdom,Subsidiary,www.lyreco.com,HH2026393833830,218189827,LYRECO UK LIMITED,United Kingdom,300+
7d5d131fbfca7d1061349db86bebc07a,Lancer Insurance Company,USA,Subsidiary,www.lancerinsurance.com,HH2026038790938,807354410,Lancer Insurance Company,USA,50+
42fec16dbb4da6cae40e234ba9550a16,Lander University,USA,Parent,www.lander.edu,HH2026073708208,73708208,Lander University,USA,2000+
86f400087fdf960f3b0ab4de0bdf2e28,Landis+Gyr Oy,Finland,Subsidiary,www.landisgyr.fi,HH2026506915326,369200725,EYKON Oy,Finland,35+
9748d6a0013e8595d1ec9d2f459ae23d,Landis+Gyr s.r.o.,Czech Republic,Subsidiary,www.landisgyr.cz,HH2026506915326,511368529,EYKON s.r.o.,Czech Republic,35+
47d0cbebf9e370361eb6c8c40e9bd357,"Landmark Hospital of Columbia, LLC",USA,Subsidiary,www.landmarkhospitals.com,HH2026070197648,5521250,"Landmark Hospital of Columbia, LLC",USA,2000+
410e6f56516aad936efe5c01fd3cf2f8,Lange Dienstleistungs GmbH,Germany,Parent,www.lange-dienstleistung.de,HH2026330935693,330935693,Lange Dienstleistungs GmbH,Germany,15+
8e3c5aea641809660b93a66bdf011049,Lebenshilfe Neustadt an der Aisch - Bad Windsheim e.V.,Germany,Parent,www.lebenshilfe-badwindsheim.de,HH2026340518940,340518940,Lebenshilfe Neustadt an der Aisch - Bad Windsheim e.V.,Germany,50+
eadbebd3a7049ccb6bff25527f6ea114,Lendlease (US) Public Partnerships LLC,USA,Subsidiary,www.lendlease.com,HH2026750503518,87222936,Lendlease (US) Public Partnerships LLC,USA,30+
6a064324d3b2fe1df9609fdb156df229,Lendlease Healthcare Development LLC,USA,Subsidiary,www.lendlease.com,HH2026750503518,618849962,Lendlease Healthcare Development LLC,USA,30+
95ffb52f54c9ed83b757ccf6118fd81,"Leonardo DRS, Inc.",USA,,www.leonardodrs.com,HH2026428869465,61345351,"Leonardo DRS, Inc.",USA,600+
88cb62e9b3d0628339007a8d0b97def2,Leprino Foods Company,USA,Parent,www.leprinofoods.com,HH2026007076664,7076664,Leprino Foods Company,USA,
9ab34ca83580ce932083d6a053a57b60,"Les Schwab Warehouse Center, LLC",Canada,,www.lesschwab.com,HH2026041269697,171073583,"Les Schwab Warehouse Center, LLC",Canada,1000+
6b7e1d5ec853f5d013757b4fa1ae0ff7,Levi Strauss & Co.,USA,Parent,www.levistrauss.com,HH2026009109273,9109273,Levi Strauss & Co.,USA,1000+
4ada2df7fe68e9fffbaff24bb4139494,Levi Strauss & Co. (Canada) Inc,Canada,Subsidiary,www.levistrauss.com,HH2026009109273,206476004,Levi Strauss & Co. (Canada) Inc,Canada,1000+
640721fede816aea800607d6a2126afb,Levi Strauss & Co. Europe,Belgium,Subsidiary,www.levistrauss.com,HH2026009109273,283759587,Levi Strauss & Co. Europe,Belgium,1000+
c4dc2895fc9e7f56a4447000f50daad9,Levi Strauss Germany GmbH,Germany,Subsidiary,www.levissecondchanceshop.de,HH2026009109273,315396218,Levi Strauss Germany GmbH,Germany,1000+
b5d579fa2bff818eb5ffd2e9f4594889,Liberty Telecomunicaciones de Costa Rica LT S.A.,Costa Rica,Subsidiary,www.libertycr.com,HH2026081016087,853200731,Liberty Telecomunicaciones de Costa Rica LT S.A.,Costa Rica,50+
ac0106a8310d39602d4757a4ac8501de,Lincoln Electric Company of Canada LP,Canada,Subsidiary,www.lincolnelectric.com,HH2026004199048,201693330,Lincoln Electric Company of Canada LP,Canada,50+
a4898b7deb42130b1d4562f4b5c00279,Lindbak Office AS,Norway,Subsidiary,www.lindbak.no,HH2026519175293,517870585,Lindbak Office AS,Norway,5
5ab39bff8677bdcadbf57a45fab08bb4,Lindt & Sprungli (Austria) Gesellschaft m.b.H.,Austria,Subsidiary,www.lindt.at,HH2026480001403,302702006,Lindt & Sprüngli (Austria) Gesellschaft m.b.H.,Austria,300+
e96536e079f1291fe105d228439521be,Linklaters LLP,Germany,Subsidiary,www.linklaters.de,HH2026219469751,342448957,Linklaters LLP,Germany,100+
a7633e9fb53bc4263b0fc84b000b470c,Lippincott,USA,Subsidiary,www.lippincott.com,HH2026041564378,67303864,Lippincott,USA,1000+
de8108e2f0a26aabb2ee41aca88c6bf1,"Live Nation Entertainment, Inc.",USA,Parent,www.livenationentertainment.com,HH2026614152143,614152143,"Live Nation Entertainment, Inc.",USA,1000+
4191006a2e085f948baf022c95e8604d,"LiveRamp Holdings, Inc.",USA,Parent,www.liveramp.com,HH2026116608067,116608067,"LiveRamp Holdings, Inc.",USA,45+
e752ed909f4021f6c4524d87cbe49448,Livingstone Designer Outlet,United Kingdom,Independent,www.livingston-designer-outlet.co.uk,HH2026212303592,212303592,Livingstone Designer Outlet,United Kingdom,500+
e67c8ad9fb774188cafbd00219be59de,"Loenbro Inspection, LLC",USA,Subsidiary,www.loenbro.com,HH2026012550153,79511698,"Loenbro Inspection, LLC",USA,200+
4d7e894608897b5ec509af9329f2f960,Logitech S.A.,Switzerland,Subsidiary,www.logitech.com,HH2026482272747,481408102,Logitech S.A.,Switzerland,200+
0d4b455e8ab4ce945a7720613f39aa9f,Loreto College,United Kingdom,Independent,www.loreto.ac.uk,HH2026214141116,214141116,Loreto College,United Kingdom,
32e6ad715f8c3d5a599ed766f96ac8b5,Lsua At Alexandria Library,USA,Independent,www.lsua.edu,HH2026617292008,617292008,Lsua At Alexandria Library,USA,200+
9a38692f7aeea1b63aa15f8debc41036,Lumentum Holdings Inc.,USA,Parent,www.lumentum.com,HH2026079817523,79817523,Lumentum Holdings Inc.,USA,200+
252fca59dff5e1e17eb207f2f342b1c2,Luna Community College,USA,Parent,www.luna.edu,HH2026085268647,85268647,Luna Community College,USA,30+
337ed7d7cd2b8dcab693d75c79e787e2,Lyreco Belgium,Belgium,Subsidiary,www.lyreco.com,HH2026393833830,370513947,Lyreco Belgium,Belgium,400+
fa229f91427160b90714ac4e6693fcd0,M-Files Inc.,USA,Subsidiary,www.m-files.com,HH2026373144866,34629509,M-Files Inc.,USA,10+
02244c14639786a7421d1288a8edcddd,M-KOPA KENYA LIMITED,Kenya,Parent,www.m-kopa.com,HH2026856233561,856233561,M-KOPA KENYA LIMITED,Kenya,30+
cbc880f3f12dbbe490e9e5ea7b774c3e,M-KOPA UGANDA LTD,Uganda,Independent,www.m-kopa.com,HH2026561213854,561213854,M-KOPA UGANDA LTD,Uganda,30+
dae1dc39994ef0cb3adf1e6c76551c98,MAGALIES WATER,South Africa,Parent,www.magalieswater.co.za,HH2026653111224,653111224,MAGALIES WATER,South Africa,1
3127634d1efffc6f3ffb3f6ff1e32212,MAGNET GROUP LIMITED,United Kingdom,Subsidiary,www.magnet.co.uk,HH2026509508123,221661346,MAGNET GROUP LIMITED,Sweden,10
2d623cb46f5394f890ca990873668d30,MALOMATIA INDIA TECHNOLOGY SERVICES PRIVATE LIMITED,India,Independent,www.malomatia.com,HH2026650841930,650841930,MALOMATIA INDIA TECHNOLOGY SERVICES PRIVATE LIMITED,India,20+
b875261d4504aa946312b91a89bd6b66,MALVERN PANALYTICAL LIMITED,United Kingdom,Subsidiary,www.malvernpanalytical.com,HH2026297619090,219056942,MALVERN PANALYTICAL LIMITED,United Kingdom,50+
b323d19cabeaf0ffc001e86ebd2aae8c,MALVERN-AIMIL INSTRUMENTS PRIVATE LIMITED,India,Subsidiary,www.malvernaimil.com,HH2026297619090,859170729,MALVERN-AIMIL INSTRUMENTS PRIVATE LIMITED,India,50+
b82f5f008973f2166c9ac6cc9a44e8fb,MAMA SHELTER,France,Subsidiary,www.mamashelter.com,HH2026275937654,294680108,MAMA SHELTER,France,1000+
cd4f2ecece5e4abc1ed32ee0b70dd48e,MAN AssET MANAGEMENT (IRELAND) LIMITED,Ireland,Subsidiary,www.man.com,HH2026225544416,989211131,MAN ASSET MANAGEMENT (IRELAND) LIMITED,Ireland,50+
75c547e50ffb7752682e221679a756e3,MAN GROUP JAPAN LIMITED,Japan,Independent,www.man.com,HH2026699360694,699360694,マン・グループ・ジャパン・リミテッド,Japan,50+
53a399559f3ef52c44b50a8f08859f4e,MAN TRUCK & BUS INDIA PRIVATE LIMITED,India,Subsidiary,www.mantrucksindia.com,HH2026315016295,860185232,MAN TRUCK & BUS INDIA PRIVATE LIMITED,India,50+
d0eb36ef4f67b66113047e96d1cb2d5,MANHATTAN ASSOCIATES (INDIA) DEVELOPMENT CENTRE PRIVATE LIMITED,India,,www.manh.com,HH2026785484387,918583084,MANHATTAN ASSOCIATES (INDIA) DEVELOPMENT CENTRE PRIVATE LIMITED,India,30+
f92996ed5eca20c22872901b182b5a94,"MANTECH ENTERPRISE MANAGEMENT, INC.",USA,Subsidiary,www.mantech.com,HH2026118860979,783626682,"MANTECH ENTERPRISE MANAGEMENT, INC.",USA,500+
978fa517d3923fb7c1b2b7cc30169393,MANTRA GROUP OPERATIONS PTY LTD,Australia,Subsidiary,www.mantra.com.au,HH2026275937654,752823711,MANTRA GROUP OPERATIONS PTY LTD,Australia,50+
3f53c608e79b0f0d9b5cdb230e6baa3c,MANTRA RESORTS AUSTRALIA PTY LTD,Australia,Subsidiary,www.mantra.com.au,HH2026275937654,740060983,MANTRA RESORTS AUSTRALIA PTY LTD,Australia,50+
3f1de5869f9ec1bd41c8ba541442f7a1,MAREL SA (PTY) LTD,South Africa,Subsidiary,www.marelfoodsystems.co.za,HH2026827055869,538443665,MAREL SA (PTY) LTD,South Africa,200+
f41da770b3bf4e5de613849771b7b9d,MARVELL ASIA PTE LTD,Singapore,,www.marvell.com,HH2026117983182,595883992,MARVELL ASIA PTE LTD,Singapore,100+
374952b8fd1031f6e067f37663605c09,MARVELL INDIA PRIVATE LIMITED,India,Subsidiary,www.marvell.com,HH2026875666034,676159347,MARVELL INDIA PRIVATE LIMITED,India,100+
85846cad5249a6411cfd6d7af5a4ecb2,MARVELL TECHNOLOGY VIETNAM LIMITED LIABILITY COMPANY,Vietnam,Subsidiary,www.marvell.com,HH2026117983182,556416443,MARVELL TECHNOLOGY VIETNAM LIMITED LIABILITY COMPANY,Vietnam,100+
9293e3e37bd083baf883bc0a02773d2b,MASONIC CARE TASMANIA INC,Australia,Independent,www.MASONICCARETAS.COM.AU,HH2026751846353,751846353,MASONIC CARE TASMANIA INC,Australia,1000+
3d236ba8ba82e9dcd61c92d61b7a285d,MAXIS BROADBAND SDN. BHD.,Malaysia,Subsidiary,www.maxis.com.my,HH2026660063356,652260332,MAXIS BROADBAND SDN. BHD.,Malaysia,50+
7d041640c40292d2be67c20d1601ad97,MAYER BROWN INTERNATIONAL LLP,United Kingdom,Parent,www.mayerbrown.com,HH2026733147339,733147339,MAYER BROWN INTERNATIONAL LLP,United Kingdom,9
e433f6f54e8c9fa297dd9d892af2965d,MBDA INTERNATIONAL LIMITED,United Kingdom,Subsidiary,www.mbda-systems.com,HH2026772059697,734373488,MBDA INTERNATIONAL LIMITED,United Kingdom,300+
4d8c69b3816ac32355b14f616ada4530,MCKEssON INFORMATION SOLUTIONS UK LIMITED,United Kingdom,Subsidiary,www.mckessonimaging.co.uk,HH2026370177659,505557330,MCKESSON INFORMATION SOLUTIONS UK LIMITED,United Kingdom,50+
fafe81a8e1adf9a0a2f845349ce0f489,MCLAREN GROUP LIMITED,United Kingdom,Subsidiary,www.mclaren.com,HH2026558417102,222898914,MCLAREN GROUP LIMITED,United Kingdom,100+
3e2fa7526711781dd2b9cdd421b105ad,MEDIDATA SOLUTIONS K.K.,Japan,Subsidiary,www.medidata.com,HH2026269913802,711167341,メディデータ・ソリューションズ株式会社,Japan,35+
cd9a9b136a5198bb7c0e8a778d2d6703,MEDLINE INDUSTRIES INDIA PRIVATE LIMITED,India,Subsidiary,www.medline.com,HH2026144914877,650513786,MEDLINE INDUSTRIES INDIA PRIVATE LIMITED,India,500+
53629bba22a0ebe0cad0060931ca5b08,MEDLINE INTERNATIONAL TWO AUSTRALIA PTY LTD,Australia,Subsidiary,www.medline.com.au,HH2026139529280,750238185,MEDLINE INTERNATIONAL TWO AUSTRALIA PTY LTD,Australia,500+
f4486fbdf2bebc62804cd1a37a96ae34,MEDTRONIC (THAILAND) LIMITED,Thailand,Subsidiary,www.medtronic.com,HH2026985596906,671628872,MEDTRONIC (THAILAND) LIMITED,Japan,1000+
9890c470c02b2dc34d9494bd02ffa9bd,MEDTRONIC ENGINEERING AND INNOVATION CENTER PRIVATE LIMITED,India,Subsidiary,www.medtronic.com,HH2026985596906,859058800,MEDTRONIC ENGINEERING AND INNOVATION CENTER PRIVATE LIMITED,India,1000+
33317dfcffa1a84294a4883b9405683a,MEDTRONIC FRANCE,France,Subsidiary,www.medtronic.com,HH2026985596906,277520185,MEDTRONIC FRANCE,France,1000+
3e9a1bd9b736eb42246ccaf9bb80073d,MEMPHIS SA INDUSTRIAL,Brazil,Parent,www.memphis.br.com,HH2026897141305,897141305,MEMPHIS SA INDUSTRIAL,Brazil,24+
5f4f804d55673dedc30819968204ba71,MERCY CORPS UGANDA,Uganda,Subsidiary,www.mercycorps.org,HH2026134170547,559915935,MERCY CORPS UGANDA,Uganda,
0642949567fb03ebfa320a48528c5ae3,MERITOR HEAVY VEHICLE SYSTEMS CAMERI SPA IN BREVE MERITOR HVS CAMERI SPA,Italy,Subsidiary,www.meritor.com,HH2026006415160,429043144,MERITOR HEAVY VEHICLE SYSTEMS CAMERI SPA IN BREVE MERITOR HVS CAMERI SPA,Italy,2000+
807d6c8290987f7379292ffb9a213ade,METHACTON SCHOOL DISTRICT,USA,Parent,www.methacton.org,HH2026075487660,75487660,METHACTON SCHOOL DISTRICT,USA,2000+
c46c5e225c070b645c55ae5a0f2fbb88,METRO BANK PLC,United Kingdom,Subsidiary,www.metrobankonline.co.uk,HH2026229565491,210976828,METRO BANK PLC,United Kingdom,6
8b4fe0f21a24414b99cc261d4c0f4b72,"METSL, LLC",USA,Subsidiary,www.methodisthealthsystem.org,HH2026023238544,80321617,"METSL, LLC",USA,600+
fd4aead8818c255b83fb705f25372c01,"MI-TECH Services, Inc.",USA,Subsidiary,www.mi-tech.us,HH2026078607184,602072357,"MI-TECH Services, Inc.",USA,600+
9b025298aef270d7015fea059fb0526e,MICHAEL KORS INC,USA,Independent,www.michaelkors.com,HH2026861151251,861151251,MICHAEL KORS INC,USA,10+
0801c41fda17b02e6dd07429e7d137fd,MICHaeL KORS JAPAN LIMITED LIABILITY COMPANY,Japan,Subsidiary,www.michaelkors.jp,HH2026865439447,691049029,マイケル・コース　ジャパン株式会社,Japan,500+
25c8c17380b90e34c824c449689ddd73,MIELE DOO BEOGRAD,Serbia,Subsidiary,www.miele.rs,HH2026320075575,499476477,MIELE DOO BEOGRAD,Serbia,300+
f6991a89fbc54ca5d63ce9478c4687f3,MIELE GLOBAL SERVICES SP Z O O,Poland,Subsidiary,www.mieleglobalservices.com,HH2026320075575,850999792,MIELE GLOBAL SERVICES SP Z O O,Poland,300+
aa4e9a689ae359faddb7f5c8e3328e6a,MIELE PTE LTD,Singapore,Subsidiary,www.miele.com,HH2026320075575,894731959,MIELE PTE LTD,Singapore,300+
62b922e40934057ae311a1301a3ed956,MIELE SP Z O O,Poland,Subsidiary,www.miele.pl,HH2026320075575,422432245,MIELE SP Z O O,Poland,300+
79b8e76c95874b35861f4b91e2335518,"MILLS LOCACAO, SERVICOS E LOGISTICA S.A.",Brazil,Parent,www.mills.com.br,HH2026905654419,905654419,"MILLS LOCACAO, SERVICOS E LOGISTICA S.A.",Brazil,200+
808c73394c82de3cd9aecdd5cc9c7b95,MIMECAST AUSTRALIA PTY LTD,Australia,Independent,www.mimecast.com,HH2026747580512,747580512,MIMECAST AUSTRALIA PTY LTD,Australia,50+
06779cc421ff99401cf95dcae7ecfd86,MINNESOTA STATE COMMUNITY AND TECHNICAL COLLEGE,USA,,www.minnesota.edu,HH2026064754757,24076361,MINNESOTA STATE COMMUNITY AND TECHNICAL COLLEGE,USA,100+
9c77e75a2b8921a2160f60fe3a70898e,MINOR DAIRY LIMITED,Thailand,Subsidiary,www.minorfood.com,HH2026659739601,660081092,MINOR DAIRY LIMITED,Thailand,1000+
00e202198d8198508a105d9497a3ca18,"MIZUHO BANK, LIMITED BANGKOK BRANCH",Thailand,Subsidiary,www.mizuhobank.com,HH2026698657934,672041206,"MIZUHO BANK, LIMITED BANGKOK BRANCH",Thailand,100+
7e217186589a585172db16927165289,"MIZUHO BANK, LTD.",USA,,www.mizuhobank.co.jp,HH2026742035710,742035710,"MIZUHO BANK, LTD.",USA,100+
c6cc0be8e8396775cca373fd1570eb50,"MIZUHO BUSINEss CHALLENGED CO., LTD.",Japan,Subsidiary,www.mizuhobank.co.jp,HH2026698657934,691741115,みずほビジネス・チャレンジド株式会社,Japan,100+
885be1ead4bccf21fdedf223319b2f7e,"MIZUHO FINANCIAL GROUP, INC.",Japan,Parent,www.mizuho-fg.co.jp,HH2026698657934,698657934,株式会社みずほフィナンシャルグループ,Japan,100+
33bd1d7ddffe181b79bba3fd731ffcc6,MIZUHO INTERNATIONAL PLC,United Kingdom,Subsidiary,www.mizuhogroup.com,HH2026698657934,227019114,MIZUHO INTERNATIONAL PLC,United Kingdom,100+
6ef089be516984d0a5908bb38050a044,MODERNA AUSTRALIA PTY LTD,Australia,Subsidiary,www.modernatx.com,HH2026044042806,750190841,MODERNA AUSTRALIA PTY LTD,Australia,100+
9eaebeabde18c5d8b2fd31cf3d807564,MODERNA INDUSTRIA DE PLASTICOS E MOVEIS LTDA,Brazil,Parent,www.moderna.ind.br,HH2026901196220,901196220,MODERNA INDUSTRIA DE PLASTICOS E MOVEIS LTDA,Brazil,100+
99311d1de5955bfd83b1306e50fae9f3,MOELIS & COMPANY UK LLP,United Kingdom,Parent,www.moelis.com,HH2026211363321,211363321,MOELIS & COMPANY UK LLP,United Kingdom,45+
f7f7ad3a8b0e727d18d617dcced067fd,MOLEX B.V.,United Kingdom,Subsidiary,www.molexces.com,HH2026119316570,230238342,MOLEX B.V.,United Kingdom,500+
ee971032618e2a10989a0b272ca9c17c,MOMENTIVE PERFORMANCE MATERIALS INDUSTRIA DE SILICONES LTDA,Brazil,Independent,www.momentive.com,HH2026908750073,908750073,MOMENTIVE PERFORMANCE MATERIALS INDUSTRIA DE SILICONES LTDA,Brazil,50+
209d0914d39ceb359ec6a74fee4f44e3,MOMENTUM STRATEGIC INVESTMENTS (PTY) LTD,South Africa,Subsidiary,www.momentummetropolitan.co.za,HH2026653620053,538692075,MOMENTUM STRATEGIC INVESTMENTS (PTY) LTD,South Africa,1000+
d4fdef895728367a23eb9dc03c526815,MONDAY.COM LTD,Israel,Parent,www.monday.com,HH2026600313931,600313931,MONDAY.COM LTD,Israel,
d5edf20118ee3a88ce2b7f8be21790dd,MONDI LIMITED LTD,South Africa,Subsidiary,www.mondigroup.com,HH2026856159132,538579900,MONDI LIMITED LTD,Czech Republic,100+
df8d76df9c3d3864195899437ede7586,MONDI PLC,United Kingdom,Parent,www.mondigroup.com,HH2026856159132,856159132,MONDI PLC,United Kingdom,100+
26e4616fb29919e86823060ccab55c92,MONDI SOLEC SP Z O O,Poland,Subsidiary,www.mondigroup.com,HH2026856159132,422166355,MONDI SOLEC SP Z O O,Poland,100+
d4938b9f2ebc0f8e5733c8253ac94306,MONY GROUP PLC,United Kingdom,Parent,www.moneysupermarket.com,HH2026219792822,219792822,MONY GROUP PLC,United Kingdom,7
1db7512ac488c2b797b3236fc30e95f,MONZO BANK EUROPE DESIGNATED ACTIVITY COMPANY,Ireland,,www.monzo.com,HH2026230523220,763960314,MONZO BANK EUROPE DESIGNATED ACTIVITY COMPANY,Ireland,50+
403a4042d399e2296880a3765f64b82d,MONZO BANK LIMITED,United Kingdom,Subsidiary,www.monzo.com,HH2026230523220,220677299,MONZO BANK LIMITED,United Kingdom,50+
ce82f67693de8931099d2c81fd3c11bc,MOO PRINT LIMITED,United Kingdom,Parent,www.moo.com,HH2026738671085,738671085,MOO PRINT LIMITED,United Kingdom,10+
7d13b79a9a93659005e2d2deacee17d,MOOG CONTROLS LIMITED,United Kingdom,,www.moog.com,HH2026002103166,217295633,MOOG CONTROLS LIMITED,United Kingdom,400+
e2dd466786181a7f922852f38039c20f,MOOG WOLVERHAMPTON LIMITED,United Kingdom,Subsidiary,www.moog.co.uk,HH2026002103166,211779643,MOOG WOLVERHAMPTON LIMITED,United Kingdom,400+
ac7b800b5b12884055315209ffd14d80,MOONBUG ENTERTAINMENT LIMITED,United Kingdom,Subsidiary,www.moonbug.com,HH2026229791357,223676282,MOONBUG ENTERTAINMENT LIMITED,United Kingdom,24+
4004ab27f468fe4a1a8432321b46e725,MOORE KINGSTON SMITH LLP,United Kingdom,Parent,www.mooreks.co.uk,HH2026348847232,348847232,MOORE KINGSTON SMITH LLP,United Kingdom,20+
e6652ac1360a0bfcec46c085cb3e3ed3,MORRIS SITE MACHINERY LIMITED,United Kingdom,Subsidiary,www.morrismachinery.co.uk,HH2026737843982,227592805,MORRIS SITE MACHINERY LIMITED,United Kingdom,30+
02f9c73857c030d52622904abced26af,MORSON HUMAN RESOURCES LIMITED,United Kingdom,Subsidiary,www.morson.com,HH2026231203193,772700431,MORSON HUMAN RESOURCES LIMITED,United Kingdom,300+
8277d343dac759aa39b4066f03ec31a6,MORSON WYNNWITH LIMITED,United Kingdom,Subsidiary,www.morson.com,HH2026231203193,216732423,MORSON WYNNWITH LIMITED,United Kingdom,300+
4e6d827e5ab5039d854f1ded4df467e9,MOSAIC FERTILIZANTES DO BRASIL LTDA.,Brazil,Subsidiary,www.mosaicco.com,HH2026138316656,897008603,MOSAIC FERTILIZANTES DO BRASIL LTDA.,Brazil,100+
6ae201f77b422ecf69ea2e001b106be1,MOSAIC FERTILIZANTES P&K LTDA.,Brazil,Subsidiary,www.mosaicco.com.br,HH2026492336840,899964886,MOSAIC FERTILIZANTES P&K LTDA.,Brazil,100+
40b7bd3c853c28d4f5561307ea9bba90,MOTHERSON DRSC AUTOMOTIVE POLAND SP Z O O,Poland,Subsidiary,www.motherson.com,HH2026650106917,522040591,MOTHERSON DRSC AUTOMOTIVE POLAND SP Z O O,Poland,300+
aa1ba28000ecde1800b7cb0174a17216,MOTHERSON MOLDS AND DIECASTING LIMITED,India,Parent,www.motherson.com,HH2026676373218,676373218,MOTHERSON MOLDS AND DIECASTING LIMITED,India,300+
a139f309a14c57c0a62ee016617e4ae2,MOTHERSON SAS AUTOMOTIVE MODULES AND SERVICES ARGENTINA S.A.,Argentina,Subsidiary,www.motherson.com,HH2026650106917,976620716,MOTHERSON SAS AUTOMOTIVE MODULES AND SERVICES ARGENTINA S.A.,Argentina,300+
83952a7e63dc29e29024f13c305c8f09,MOTOROLA SOLUTIONS AUSTRALIA PTY. LIMITED,Australia,Subsidiary,www.motorolasolutions.com,HH2026228274164,753380922,MOTOROLA SOLUTIONS AUSTRALIA PTY. LIMITED,Australia,500+
25e20a093c3046c368a2383de7e41b46,MOTOROLA SOLUTIONS HELLAS S.A.,Greece,Subsidiary,www.motorolasolutions.com,HH2026001325463,499560824,MOTOROLA SOLUTIONS HELLAS S.A.,Greece,500+
beac0e2f844edd19c726145d32aa0e30,MOTOROLA SOLUTIONS ISRaeL LTD,Israel,Subsidiary,www.motorolasolutions.com,HH2026228274164,600020978,MOTOROLA SOLUTIONS ISRAEL LTD,Israel,500+
ab43c1b1e91ba9c5b9ee8c197b95ddbd,MOTOROLA SOLUTIONS KODIAK NETWORKS INDIA PRIVATE LIMITED,India,Subsidiary,www.motorolasolutions.com,HH2026001325463,918536884,MOTOROLA SOLUTIONS KODIAK NETWORKS INDIA PRIVATE LIMITED,India,500+
94ab07f3b53aa16420a2072c93c550f0,MOTOROLA SOLUTIONS MALAYSIA SDN. BHD.,Malaysia,Subsidiary,www.motorolasolutions.com,HH2026001325463,652017229,MOTOROLA SOLUTIONS MALAYSIA SDN. BHD.,Malaysia,500+
db88849e107e4ad13e7fbff78d482366,MOTOROLA SOLUTIONS SINGAPORE PTE. LTD.,Singapore,Subsidiary,www.motorolasolutions.com,HH2026228274164,595117326,MOTOROLA SOLUTIONS SINGAPORE PTE. LTD.,Singapore,500+
cb3858a06eea9a68cfe9cd48ec3777df,"MSG Entertainment Holdings, LLC",USA,Subsidiary,www.msg.com,HH2026079940571,117297136,"MSG Entertainment Holdings, LLC",USA,100+
296824c8be0067777bef3603f8740035,MSK FARM MACHINERY CORPORATION,Japan,Subsidiary,www.mskfm.co.jp,HH2026690546460,690689377,エム・エス・ケー農業機械株式会社,Japan,100+
c1aaf57002341a41167813923ce41823,MSKCC,USA,Independent,www.mskcc.org,HH2026033794465,33794465,MSKCC,USA,100+
65915ff8fd904e504899ab0d345dc4a0,MTU aero Engines AG,Germany,Parent,www.mtu.de,HH2026332626956,332626956,MTU Aero Engines AG,Germany,50+
e66e21b1b17af73ea4cf521139f07a97,MUFG SECURITIES EMEA PLC,United Kingdom,Subsidiary,www.mufgemea.com,HH2026691751148,227236536,MUFG SECURITIES EMEA PLC,United Kingdom,600+
3496fe2bd48fb89bef3eebd52502200b,MULLER UK & IRELAND GROUP LLP,United Kingdom,Independent,www.muller.co.uk,HH2026219405643,219405643,MULLER UK & IRELAND GROUP LLP,Austria,24+
2a06e46141b07cacd16e36e0e4d9e373,MULTIVERSE GROUP LIMITED,United Kingdom,Parent,www.multiverse.io,HH2026221595292,221595292,MULTIVERSE GROUP LIMITED,United Kingdom,20+
6a38deff7fd98faae96814928411d49e,MUNCHENER RUCKVERSICHERUNGS-GESELLSCHAFT (MUNICH REINSURANCE COMPANY),Australia,Parent,www.munichre.com,HH2026746862374,746862374,MUNCHENER RUCKVERSICHERUNGS-GESELLSCHAFT (MUNICH REINSURANCE COMPANY),Australia,35+
ca7848a93dd04c518418ce413be65b2b,MVTec Software GmbH,Germany,Parent,www.mvtec.com,HH2026498130038,498130038,MVTec Software GmbH,Germany,8
ea6fde9caa503f55ef270cf6cf5c0b18,Magirus GmbH,Germany,Subsidiary,www.magirusgroup.com,HH2026312781439,321877581,Magirus GmbH,Germany,30+
2e1cd6381095b2ef8b03d1fa3c47b431,"Maloney Properties, Inc.",USA,Parent,www.maloneyproperties.com,HH2026067733121,67733121,"Maloney Properties, Inc.",USA,10+
99f047bf7e002c45ed11d74001ad994c,Mapfre U.S.A. Corp.,USA,Subsidiary,www.mapfreinsurance.com,HH2026562954636,105831531,Mapfre U.S.A. Corp.,USA,24+
53984e3ae80ee23498a5b93ba139de6d,Marathon Equipment Company (Delaware),USA,Subsidiary,www.marathonequipment.com,HH2026003245271,624873139,Marathon Equipment Company (Delaware),USA,200+
e4ab482eb95dc37864341fdd0dea1d61,"Marathon Health, LLC",USA,Parent,www.marathon-health.com,HH2026604370135,604370135,"Marathon Health, LLC",USA,500+
eafa6c6533301ce15b5ddaac25122e8b,Marcum LLP,USA,Subsidiary,www.marcumwealth.com,HH2026965738701,64749864,Marcum LLP,USA,45+
d0cb522100615c11d981d74f6d312ad7,Maritz Holdings Inc.,USA,Parent,www.maritz.com,HH2026006967921,6967921,Maritz Holdings Inc.,USA,15+
c6789980ba2d919e3e600f9b95dfd1f7,Markel Group Inc.,USA,Parent,www.markel.com,HH2026003134582,3134582,Markel Group Inc.,USA,100+
3573c28a9913f4d7f0d8040a33c4dd34,Markel Insurance Co Of Ca,Canada,Independent,www.markel.ca,HH2026249520953,249520953,Markel Insurance Co Of Ca,Canada,100+
72e676dbacef9d9ad43d86b8b7bf30ff,Markel Surety Corporation,USA,Subsidiary,www.markel.com,HH2026003134582,39179598,Markel Surety Corporation,USA,100+
3856e749ae76074ebbb4c074c5c0421e,Marmon/ Keystone Canada Inc,Canada,Subsidiary,www.marmonkeystone.com,HH2026001024314,249919028,Marmon/ Keystone Canada Inc,Canada,500+
670b746aa53bb4c597a2b26ee04ed663,Marmon/Keystone LLC,USA,Subsidiary,www.marmonkeystone.com,HH2026001024314,7910052,Marmon/Keystone LLC,USA,500+
fe606a6cdfd0e4fd3dd77041f229c90d,"Marqeta, Inc.",USA,Parent,www.marqeta.com,HH2026005036828,5036828,"Marqeta, Inc.",USA,35+
ba6e59bb4a9b5ad0f75863981711aded,"Martin Marietta Magnesia Specialties, LLC",USA,Subsidiary,www.martinmarietta.com,HH2026809750912,196497184,"Martin Marietta Magnesia Specialties, LLC",USA,200+
a6de39150e9d17614eccf00f6a14e7a,"Martin's Point Health Care, Inc.",USA,,www.martinspoint.org,HH2026002354637,2354637,"Martin's Point Health Care, Inc.",USA,30+
288737ce1c085d00bef9ae1b1b9c2330,Marvell Israel (M.I.S.L) Ltd,Israel,Subsidiary,www.marvell.com,HH2026875666034,600382774,Marvell Israel (M.I.S.L) Ltd,Israel,100+
08b08065e909d3a8859410f8e24383a,Marvell Netherlands B.V.,Netherlands,,www.marvell.com,HH2026875666034,386055847,Marvell Netherlands B.V.,Netherlands,100+
b115963044b41f06efc94a8c3f12c3ae,"Marvell Semiconductor, Inc.",USA,Subsidiary,www.marvell.com,HH2026117983182,958819906,"Marvell Semiconductor, Inc.",Taiwan,100+
82677dbb857277b0193ed5dd7d9602e,Maskinstyring AS,Norway,,www.maskinstyring.com,HH2026348155395,346384095,Maskinstyring AS,Norway,2000+
938a6c0be48535545eb72213dc1eb345,Massachusetts Port Authority,USA,Parent,www.massport.com,HH2026001766328,1766328,Massachusetts Port Authority,USA,20+
cad4bf8e2d398ba5ff2c59ba8e19d63c,Mastercard Brasil Solucoes de Pagamento Ltda,Brazil,Subsidiary,www.mastercard.com.br,HH2026118569339,914577528,Mastercard Brasil Solucoes de Pagamento Ltda,Brazil,1000+
9d1fd36a641c38e51430a4aaa8815ec,Mastercard Incorporated,USA,,www.mastercard.us,HH2026118569339,118569339,Mastercard Incorporated,USA,1000+
429dcd11788c1030f160c5b80200689d,Materion Advanced Materials Technologies and Services Inc.,USA,Subsidiary,www.materion.com,HH2026622913080,2104875,Materion Advanced Materials Technologies and Services Inc.,USA,100+
cea4b067f5771cc66b84f84d7e62d773,Matrix42 Oy,Finland,Parent,www.matrix42.com,HH2026369043919,369043919,Matrix42 Oy,Finland,35+
92a9fa280c7470c6da9c16f966b8e2d9,Mcneil Denmark ApS,Denmark,Subsidiary,www.mcneil.dk,HH2026118846754,310904896,Mcneil Denmark ApS,Denmark,100+
6ce34240de27346b38d2bd65a8b2c54e,Medavie Inc,Canada,Parent,www.medavie.ca,HH2026207434333,207434333,Medavie Inc,Canada,50+
db8073a345f2d21c92ba7c9b898e061b,"MediaMath Holdings, Inc.",USA,Subsidiary,www.mediamath.com,HH2026119038183,81313648,"MediaMath Holdings, Inc.",USA,9
6a6ec76e7ed280860569315dd5bc9fc3,"Mediamath, Inc.",USA,Subsidiary,www.mediamath.com,HH2026119038183,807747220,"Mediamath, Inc.",USA,8
713e8294d1165ec1c4cf0be7f6e2f01a,Medical Mart Supplies Limited,Canada,Subsidiary,www.medimart.com,HH2026252748363,241226091,Medical Mart Supplies Limited,Canada,500+
4aa09adef6bd2ee4c3dd40ed1bdca36a,"Medidata Solutions, Inc.",USA,Subsidiary,www.medidata.com,HH2026269913802,840371087,"Medidata Solutions, Inc.",USA,35+
48c4dbd6cc3497e0b62aea7c3de77d87,Medisolution (2009) Inc.,Canada,Subsidiary,www.medisolution.com,HH2026253970487,243908238,Médisolution (2009) Inc.,Canada,200+
d5323559c86bf34630e188a3a3e756c,Medline Stellar Germany GmbH,Germany,,www.medline.eu,HH2026139529280,341897573,Medline Stellar Germany GmbH,Germany,500+
93f4b1f44f50df73e5c31fbb7438b920,Medtronic Belgium,Belgium,Subsidiary,www.medtronic.be,HH2026985596906,283196178,Medtronic Belgium,Belgium,1000+
5c73b3e5a21b8547bcf316d0713f1304,Medtronic Czechia s.r.o.,Czech Republic,Subsidiary,www.medtronic.com,HH2026985596906,495945164,Medtronic Czechia s.r.o.,Czech Republic,1000+
a74528876a023c666c5e6b2bc13a6553,Mercy Corps,USA,Parent,www.mercycorps.org,HH2026134170547,134170547,Mercy Corps,USA,35+
af237940923e86fba8a6bafb9c15fcf2,Mercy Health,USA,Parent,www.mercy.net,HH2026077118982,77118982,Mercy Health,USA,2000+
e253ab2fdea5fdc67d8957dbf978a6c1,Mercy Hospital Berryville,USA,Parent,www.mercy.net,HH2026091690727,91690727,Mercy Hospital Berryville,USA,2000+
d5853a3d1d57aeb316d0ea12c31df264,Mercy Hospital Carthage,USA,Independent,www.mercy.net,HH2026116985345,116985345,Mercy Hospital Carthage,USA,2000+
3b017683be77cc980ac5f07789b0af0,Mercy Hospital Lebanon,USA,,www.mercy.net,HH2026040127953,40127953,Mercy Hospital Lebanon,USA,2000+
6b2addfb15402488cdc6fcedf176688f,Mercy Hospital Rogers,USA,Parent,www.mercy.net,HH2026075668418,75668418,Mercy Hospital Rogers,USA,2000+
7e53b9c0a9aae3c0ce817d4e08b0150b,Mercy Hospital South,USA,Parent,www.mercy.net,HH2026110909186,110909186,Mercy Hospital South,USA,2000+
e89ac50fb0c6e28c8a20779308b42a93,Methodist Health System,USA,Subsidiary,www.methodisthealthsystem.org,HH2026080005830,78532725,Methodist Health System,USA,500+
fcfbdb9b6122bd01e2c7da37de3201df,Michels Corporation,USA,Parent,www.michels.us,HH2026005809868,5809868,Michels Corporation,USA,600+
e6c36da6873f884477124c2184934621,Midkent College,United Kingdom,Parent,www.midkent.ac.uk,HH2026231964610,231964610,Midkent College,United Kingdom,6
09e5e4b6bc85ffa5d16a82c20b0c0647,Miele AG,Switzerland,Subsidiary,www.miele.ch,HH2026320075575,480392299,Miele AG,Switzerland,300+
024a70668d294c4df5617f9f70827f2c,Miele Gesellschaft m.b.H.,Austria,Subsidiary,www.miele.at,HH2026320075575,300503919,Miele Gesellschaft m.b.H.,Austria,300+
bdb7b8caff59e147048904a9f246283c,Miele Kereskedelmi Korlatolt Felelossegu Tarsasag,Hungary,Subsidiary,www.miele.hu,HH2026320075575,425007569,Miele Kereskedelmi Korlátolt Felelősségű Társaság,Hungary,300+
0b892babbbc40a68b4b84c2ff7459113,Miele Korea Limited.,Korea,Subsidiary,www.miele.co.kr,HH2026320075575,687965095,밀레 코리아,Korea,300+
5e32700dc137201833a570722efe4d7,Miele Limited,Canada,,www.miele.ca,HH2026315206441,248168700,Miele Limited,Canada,300+
0ec1f92ea831c88ae680bf1d379aaf89,Miele Nederland B.V.,Netherlands,Subsidiary,www.miele.nl,HH2026320075575,405252883,Miele Nederland B.V.,Netherlands,300+
4ab419dcdcc06224135120ce880a2f92,Miele s.r.o.,Slovakia,Subsidiary,www.miele.sk,HH2026320075575,817670792,Miele s.r.o.,Slovakia,300+
9bfaad177e5f466f630278c3c4e7764f,"Miele, Incorporated",USA,Subsidiary,www.mieleusa.com,HH2026315206441,115348054,"Miele, Incorporated",USA,
a11d701760000e203a634a64a51d5c8e,"Miele, S.A. de C.V.",Mexico,Subsidiary,www.miele.com.mx,HH2026320075575,812671571,"Miele, S.A. de C.V.",Mexico,300+
7baf761a1f3a4fb1814d3e9d38f3ff2c,"Milford Regional Medical Center, Inc.",USA,Subsidiary,www.milfordregional.org,HH2026048689637,75346940,"Milford Regional Medical Center, Inc.",USA,1000+
496b3074c34451d576888dd3baafd1d7,"Millennium Physician Group, LLC",USA,Parent,www.millenniumphysician.com,HH2026021902891,21902891,"Millennium Physician Group, LLC",USA,200+
9e09d6e7e26361a5ad75024936ad1e9,"Mingledorff's, LLC",USA,,www.mingledorffs.com,HH2026072271711,33545054,"Mingledorff's, LLC",USA,20+
0a36233f56eef03533fb68e5a1c98061,"Ministry Health Care, Inc.",USA,Subsidiary,www.ministryhealth.org,HH2026078693230,157316381,"Ministry Health Care, Inc.",USA,400+
a23d0d9641f9fcc65d41ccde78388f59,Mizuho Bank Europe N.V.,Netherlands,Subsidiary,www.mizuhogroup.com,HH2026698657934,406814285,Mizuho Bank Europe N.V.,Germany,100+
695befcbc58a73d8711b6f6c349dadab,"Moderna Korea Co., Ltd.",Korea,Independent,www.modernatx.com,HH2026695407186,695407186,"Moderna Korea Co., Ltd.",Korea,100+
854fa466bdabdf749dc4b4b16cf4d30a,Moderna Switzerland GmbH,Switzerland,Subsidiary,www.modernatx.com,HH2026044042806,480472288,Moderna Switzerland GmbH,Switzerland,100+
c0223b9ff4cc58629729b931934f1b56,Moelis & Company,USA,Parent,www.moelis.com,HH2026079369610,79369610,Moelis & Company,USA,35+
c34a7ef39ccfb77ad86f52100fdfbed3,"Momentum-Na, Inc.",USA,Subsidiary,www.momentumww.com,HH2026147857429,108024191,"Momentum-Na, Inc.",USA,1000+
2004e44cc2bb37455ff8b8e09b4579fc,Monday.com Inc.,USA,Subsidiary,www.monday.com,HH2026600313931,81170095,Monday.com Inc.,USA,
b737b8b61e988fdb3711b557b3d2913,Mondi AG,Austria,,www.mondigroup.com,HH2026856159132,300256716,Mondi AG,Austria,100+
4af88494033dbd56bdf7f3ec36ccdc78,Mondi Consumer Packaging GmbH,Austria,Subsidiary,www.mondigroup.com,HH2026856159132,300386708,Mondi Consumer Packaging GmbH,Austria,100+
e9a8efd92c09ca1590d3b7af33473453,Mondi Jackson LLC,USA,Subsidiary,www.mondigroup.com,HH2026856159132,611626524,Mondi Jackson LLC,USA,100+
f3a74d4b86b9b05f2aad28240cd9971,Mondi Romeoville LLC,USA,,www.mondigroup.com,HH2026856159132,13121335,Mondi Romeoville LLC,USA,100+
2ff2b075ef72f18071731e5456f23b48,Mondi Trebsen GmbH,Germany,Subsidiary,www.mondigroup.com,HH2026343558599,330810235,Mondi Trebsen GmbH,Germany,100+
94e35e7b6e92afcb6b3bda6b9de3d02e,Monmouth University Inc,USA,Independent,www.monmouth.edu,HH2026361867088,361867088,Monmouth University Inc,USA,1000+
6135d5890d8ad6421cd7ae1b5dfef551,Montclair State University,USA,Parent,www.montclair.edu,HH2026053506184,53506184,Montclair State University,USA,
690bebe7a847d78e8ccfdcf91876764a,Montefiore Mount Vernon Hospital,USA,Subsidiary,www.montefiorehealthsystem.org,HH2026788776685,79230100,Montefiore Mount Vernon Hospital,USA,400+
87ff6c3d9ff57f1ef8ba393615b81e48,Montefiore New Rochelle Hospital,USA,Subsidiary,www.montefiorenewrochelle.org,HH2026788776685,79230105,Montefiore New Rochelle Hospital,USA,400+
0b3c81b6b117a3091f6ac19b12b94010,Moody's Corporation,USA,Parent,www.moodys.com,HH2026049977473,49977473,Moody's Corporation,USA,15+
3565bde65d840b9b8bba09387944b376,Moravian University,USA,Parent,www.moravian.edu,HH2026073619405,73619405,Moravian University,USA,24+
b3760d151a424993359871b3c599c18,Morgan Advanced Materials Canada Inc,Canada,,www.morganadvancedmaterials.com,HH2026202865770,202865770,Morgan Advanced Materials Canada Inc,Canada,15+
0badea2ce09db7707d2a39d939e0cbfe,"Morris Group, Inc.",USA,Parent,www.morrisgroupinc.com,HH2026801177523,801177523,"Morris Group, Inc.",USA,10
4258e361210f4a3bfcc10284bac0f8fd,Morrow-Meadows Corporation,USA,Parent,www.morrow-meadows.com,HH2026009694779,9694779,Morrow-Meadows Corporation,USA,24+
8fceedf8bf249b8efe2b443f14a65bba,"Mosaic Fertilizer, LLC",USA,,www.mosaicco.com,HH2026969553820,25310991,"Mosaic Fertilizer, LLC",USA,100+
3fdf8713c579aa52fd3c081939ad7432,Moss Maritime AS,Norway,Subsidiary,www.mossww.com,HH2026429116809,517788043,Moss Maritime AS,Norway,2000+
a81d2c8caf71f85c03642005fd7aaa3d,Motherson Electroplating US LLC,USA,Subsidiary,www.motherson.com,HH2026650106917,119194289,Motherson Electroplating US LLC,USA,300+
20d2fffed29ba0754226fdf3c7a0e6c4,Motherson Sequencing and Assembly Services Global Group GmbH,Germany,Subsidiary,www.motherson.com,HH2026650106917,314972332,Motherson Sequencing and Assembly Services Global Group GmbH,Germany,300+
d828b63600b9bfb24506a651c3d89653,Motorola Solutions Ltda,Brazil,Subsidiary,www.motorolasoluitons.com.br,HH2026001325463,914653691,MOTOROLA SOLUTIONS LTDA,Brazil,500+
ca74fcfbcc4daae752f3f289824b1763,"Motorola Solutions, Inc.",USA,Parent,www.motorolasolutions.com,HH2026001325463,1325463,"Motorola Solutions, Inc.",USA,500+
45bf5e0034ac2f76c69fcc8a0c16dc24,"MultiCare Connected Care, LLC",USA,Subsidiary,www.multicare.org,HH2026195128640,80754269,"MultiCare Connected Care, LLC",USA,1000+
5ec08edd9bb6103a3cdc132434913f2c,Multiverse US Inc.,USA,Subsidiary,www.multiverse.io,HH2026221595292,118528336,Multiverse US Inc.,USA,20+
c20f4e8938eb30fdc1c3853b00a1ad92,Munson Healthcare Cadillac,USA,Subsidiary,www.munsonhealthcare.org,HH2026151930278,79771656,Munson Healthcare Cadillac,USA,50+
a2ab798c3b02279fb19508e3af8517df,N26 SE,Germany,Parent,www.n26.com,HH2026312872412,312872412,N26 SE,Germany,50+
bfeb18261be7287cbe95ec7768e3dc15,NAGARRO ENTERPRISE SERVICES PRIVATE LIMITED,India,Subsidiary,www.nagarro.com,HH2026343099587,870098123,NAGARRO ENTERPRISE SERVICES PRIVATE LIMITED,India,500+
3124a8972f64a8d911737310eaae4397,NASDAQ CORPORATE SOLUTIONS (INDIA) PRIVATE LIMITED,India,Subsidiary,www.nasdaq.com,HH2026126554732,874147897,NASDAQ CORPORATE SOLUTIONS (INDIA) PRIVATE LIMITED,India,100+
325054aff2decda5cb59c1412d4e097d,"NASDAQ VILNIUS SERVICES, UAB",Lithuania,Subsidiary,www.nasdaq.com,HH2026126554732,520214111,"NASDAQ VILNIUS SERVICES, UAB",Lithuania,100+
2ea37987630b385896c4ca57301cb38f,NATIONAL LIBRARY ST. ST. KIRIL I METODIY,Bulgaria,Subsidiary,www.nationallibrary.bg,HH2026552642316,523650277,NATIONAL LIBRARY ST. ST. KIRIL I METODIY,Bulgaria,50+
b4d498c60d97de7f6c3e3025e472d9e2,NATIONAL THEATRE PRODUCTIONS LIMITED,United Kingdom,Subsidiary,www.nationaltheatre.org.uk,HH2026235056512,291677417,NATIONAL THEATRE PRODUCTIONS LIMITED,United Kingdom,15+
2239db9f233c910121e1c2a17acfdda0,NCR (CYPRUS) LTD,Cyprus,Subsidiary,www.ncr.com,HH2026119079347,367130846,NCR (CYPRUS) LTD,Cyprus,100+
43058755208600d212ff728e577c504b,NEOENERGIA MORRO DO CHAPEU TRANSMIssAO E ENERGIA SA,Brazil,Parent,www.neoenergia.com,HH2026944729059,944729059,NEOENERGIA MORRO DO CHAPEU TRANSMISSAO E ENERGIA SA,Brazil,200+
2bad6b5b2c26e8b30a31bcc29073c996,NEOENERGIA RENOVAVEIS S.A.,Brazil,Parent,www.neoenergia.com,HH2026914746821,914746821,NEOENERGIA RENOVAVEIS S.A.,Brazil,200+
2e3f081b54498c53998f67928e415b50,NESTLE BURKINA FASO,Burkina Faso,Subsidiary,www.nestle-cwa.com,HH2026480708874,558543332,NESTLE BURKINA FASO,Burkina Faso,500+
26bd86203bb5c98a300751c04457695a,NESTLE SINGAPORE (PTE) LTD,Singapore,Subsidiary,www.nestle.com.sg,HH2026480708874,595116963,NESTLE SINGAPORE (PTE) LTD,Singapore,500+
d6b0888f5fdf9353815bebb8bb432bc0,NETAPP AUSTRALIA PTY LTD,Australia,Subsidiary,www.netapp.com,HH2026802054742,759821432,NETAPP AUSTRALIA PTY LTD,Australia,30+
300ea545432844f064e74d49c03f62ae,NETAPP INDIA MARKETING AND SERVICES PRIVATE LIMITED,India,Subsidiary,www.netapp.com,HH2026802054742,872196234,NETAPP INDIA MARKETING AND SERVICES PRIVATE LIMITED,India,30+
298675f6ad8bc51a93c9de6d87512b98,NETAPP IRELAND UNLIMITED COMPANY,Ireland,Subsidiary,www.netapp.com,HH2026802054742,986101540,NETAPP IRELAND UNLIMITED COMPANY,Ireland,30+
c7b8f76d414844cb426845904758c845,NETAPP ISRaeL R & D LTD,Israel,Subsidiary,www.netapp.com,HH2026802054742,532858339,NETAPP ISRAEL R & D LTD,Israel,35+
0a1396339688f461c496a5a3cc76b3aa,NETAPP SINGAPORE PTE. LTD.,Singapore,Subsidiary,www.netapp.com,HH2026802054742,628496671,NETAPP SINGAPORE PTE. LTD.,Singapore,35+
a2aad07e01d297836bebc5c91e590aa3,NETAPP SPAIN SALES S.L.U.,Spain,Subsidiary,www.netapp.com,HH2026802054742,463729389,NETAPP SPAIN SALES S.L.U.,Spain,35+
75b7119588f5cd65a5a6a7b8c0a1a959,NETAPP UK LTD,United Kingdom,Subsidiary,www.netapp.com,HH2026802054742,775478134,NETAPP UK LTD,United Kingdom,35+
3773592269d71fc9980e450a8bb30aa2,NETCOMPANY UK LIMITED,United Kingdom,Subsidiary,www.netcompany.com,HH2026305970143,219473693,NETCOMPANY UK LIMITED,United Kingdom,100+
8ed386e20938a8b3f389c61971c1956a,NETCOMPANY VIET NAM COMPANY LIMITED,Vietnam,Subsidiary,www.netcompany.com,HH2026305970143,556416319,NETCOMPANY VIET NAM COMPANY LIMITED,Vietnam,100+
927871edcd9d748a203ad2f4177244c2,NETGEAR INTERNATIONAL LIMITED,Ireland,Subsidiary,www.netgear.com,HH2026945766863,896208795,NETGEAR INTERNATIONAL LIMITED,Ireland,50+
49ad294ef18b6affd4fca7d0526647c6,NETGEAR RESEARCH INDIA PRIVATE LIMITED,India,Independent,www.netgear.com,HH2026874094697,874094697,NETGEAR RESEARCH INDIA PRIVATE LIMITED,India,50+
0d26a61076535808d38424c35bfa0c18,NETRADYNE TECHNOLOGY INDIA PRIVATE LIMITED,India,Subsidiary,www.netradyne.com,HH2026080499823,860276339,NETRADYNE TECHNOLOGY INDIA PRIVATE LIMITED,India,20+
e739b6b31e55f512a49dc96512a0d5d4,NEWELL BRANDS BRASIL LTDA,Brazil,Subsidiary,www.newellco.com,HH2026161403852,899221501,NEWELL BRANDS BRASIL LTDA,Brazil,200+
7390ba3684444690836f092b262f315f,NEXPERIA B.V.,Japan,Independent,www.nexperia.com,HH2026693381011,693381011,Nexperia B.V,Korea,200+
7b9d77adf0cc22c10162f6f42fa259d6,NEXPERIA MALAYSIA SDN. BHD.,Malaysia,Independent,www.nexperia.com,HH2026652155979,652155979,NEXPERIA MALAYSIA SDN. BHD.,Malaysia,200+
adddcefd4af0899b5c5d60886b39f75b,"NEXTERA ENERGY RESOURCES, LLC",USA,Subsidiary,www.nexteraenergy.com,HH2026122723174,59006937,"NEXTERA ENERGY RESOURCES, LLC",USA,100+
3c7fe74626f8d554438f86f3a08b3338,NEXTLANE FRANCE,France,Parent,www.nextlane.com,HH2026273226763,273226763,NEXTLANE FRANCE,France,30+
d042bc0296642459b431ae54cce67295,NFL Properties LLC,USA,Parent,www.nfl.com,HH2026081664849,81664849,NFL Properties LLC,USA,45+
645efd93eec83fcb5d218956ad795861,NICE JAPAN LTD.,Japan,Subsidiary,www.nice.com,HH2026600183149,710544037,ナイスジャパン株式会社,Japan,100+
cd5a284b6fa6f9da2a01adb1635a5ed8,NICE SYSTEMS TECHNOLOGIES BRASIL LTDA,Brazil,Parent,www.nice.com,HH2026900216872,900216872,NICE SYSTEMS TECHNOLOGIES BRASIL LTDA,Brazil,100+
7f9b256cb635dffd50325e51ed586026,NICE SYSTEMS UK LIMITED,United Kingdom,Subsidiary,www.nice.com,HH2026600183149,520366212,NICE SYSTEMS UK LIMITED,United Kingdom,100+
9bc7894acfba146c49d691c86d76a12,"NIELSENIQ PHILIPPINES, INC.",Philippines,,www.nielsen.com,HH2026372190805,718708449,"NIELSENIQ PHILIPPINES, INC.",Philippines,100+
5c8d6d97d453a15ae0a5ca0222012e4,NIUM INDIA PRIVATE LIMITED,India,,www.nium.com,HH2026659249002,876759558,NIUM INDIA PRIVATE LIMITED,India,35+
d08d10eefae1d132c5d4398d4d8da29,NOKIA IRELAND LIMITED,Ireland,,www.nokia.com,HH2026368400438,985035617,NOKIA IRELAND LIMITED,Ireland,20+
3332a94fe0a29ae16fb84e5521ffbd15,NOKIA SOLUTIONS AND NETWORKS TANZANIA LIMITED,Tanzania,Subsidiary,www.nokia.com,HH2026368400438,851737102,NOKIA SOLUTIONS AND NETWORKS TANZANIA LIMITED,Tanzania,50+
53be4ad520bc856cbbfbae3a9945dac8,NOKIA SOUTH AFRICA (PTY) LTD,South Africa,Subsidiary,www.nokia.com,HH2026368400438,637036331,NOKIA SOUTH AFRICA (PTY) LTD,South Africa,50+
f4a9f9343adc9f45051d31831885195d,NOKIA UK LIMITED,United Kingdom,Subsidiary,www.nokia.com,HH2026368400438,769961541,NOKIA UK LIMITED,United Kingdom,50+
8fc22d8d011c66dc802ce0b0b97f28fe,NOMURA FINANCIAL ADVISORY AND SECURITIES (INDIA) PRIVATE LIMITED,India,Subsidiary,www.nomura.com,HH2026690592571,916127216,NOMURA FINANCIAL ADVISORY AND SECURITIES (INDIA) PRIVATE LIMITED,India,100+
a07ef3a60702647642a0e1e1b2a80643,NORD ANGLIA EDUCATION (IRELAND) LIMITED,Ireland,Subsidiary,www.nordangliaeducation.com,HH2026080337839,985696411,NORD ANGLIA EDUCATION (IRELAND) LIMITED,Ireland,100+
f111b2831b6a45458815462651cd8a09,NORDEX FRANCE,France,Parent,www.nordex-online.fr,HH2026571985865,571985865,NORDEX FRANCE,France,100+
b38eac8729d87e68982e763b8fc48e2d,NORTONLIFELOCK INDIA PRIVATE LIMITED,India,Subsidiary,www.nortonlifelock.com,HH2026064696941,916144721,NORTONLIFELOCK INDIA PRIVATE LIMITED,India,100+
98b2263147f1ad3c790046d4d7435911,NORTONLIFELOCK UK LIMITED,United Kingdom,Subsidiary,www.nortonlifelock.com,HH2026987936788,220750188,NORTONLIFELOCK UK LIMITED,United Kingdom,100+
ff1015e24e25be6e05d8f9719b0ebe80,NOURYON PULP AND PERFORMANCE INDUSTRIA QUIMICA LTDA,Brazil,Subsidiary,www.nouryon.com,HH2026492604379,898694690,NOURYON PULP AND PERFORMANCE INDUSTRIA QUIMICA LTDA,Brazil,50+
afad905135ddc9a1913dc8e038622294,NOVARTIS (HELLAS) ANONYMI EMPORIKI KAI VIOMICHANIKI ETAIREIA,Greece,Subsidiary,www.novartis.gr,HH2026485609796,728482881,NOVARTIS (HELLAS) ANONYMI EMPORIKI KAI VIOMICHANIKI ETAIREIA,Greece,500+
b5c73b529eaad0b6bfa5ddbd04792570,NOVARTIS ARGENTINA S.A.,Argentina,,www.novartis.com.ar,HH2026485609796,970004396,NOVARTIS ARGENTINA S.A.,Argentina,500+
87d4a2c0b99b30fa755c73c41db494ab,NOVARTIS BIOCIENCIAS SA,Brazil,Subsidiary,www.novartis.com.br,HH2026485609796,898198353,NOVARTIS BIOCIENCIAS SA,Brazil,500+
38a6ad55facf0ae1a94d82cea68a8664,"NOVARTIS FARMA - PRODUTOS FARMACÊUTICOS, S.A.",Portugal,Subsidiary,www.novartis.pt,HH2026485609796,449001155,"NOVARTIS FARMA - PRODUTOS FARMACÊUTICOS, S.A.",Portugal,1000+
b9e2d3b235152863be5fe95faf8e3c7e,NOVARTIS FARMACEUTICA SAU,Spain,,www.novartis.com,HH2026485609796,460026214,NOVARTIS FARMACEUTICA SAU,Spain,500+
09fe6f019d38a437074f603633a0794b,"NOVARTIS HEALTHCARE PHILIPPINES, INC.",Philippines,Subsidiary,www.novartis.com,HH2026485609796,718813249,"NOVARTIS HEALTHCARE PHILIPPINES, INC.",Philippines,500+
7ec50dbc2d7b69992c9b04dd800673b,NOVARTIS HEALTHCARE PRIVATE LIMITED,India,,www.novartis.com,HH2026485609796,916445443,NOVARTIS HEALTHCARE PRIVATE LIMITED,India,50+
8b7b5f054e6c958d4b0a3b99c0881328,NOVARTIS PHARAMA MAROC SA,Morocco,Subsidiary,www.novartis.com,HH2026485609796,558049027,NOVARTIS PHARAMA MAROC SA,Morocco,500+
defc603521543cfd05e21639cf6de2b0,NOVARTIS PHARMA K.K.,Japan,Subsidiary,www.novartis.com,HH2026485609796,690820303,ノバルティスファーマ株式会社,Japan,500+
687d42ee873c46202e08f19d13adb0c5,NOVARTIS PHARMA SAS,France,,www.novartis.com,HH2026485609796,263159719,NOVARTIS PHARMA SAS,France,500+
889e563ab9389eaaa59046d1850c1c4a,NOVARTIS PHARMA SERVICES INC. Podruznica v Sloveniji,Slovenia,Independent,www.novartis.com,HH2026499685295,499685295,NOVARTIS PHARMA SERVICES INC. Podruznica v Sloveniji,Slovenia,500+
28248b3161e9eee5e1b816df5e9b5539,NOVARTIS PHARMA SERVICES ROMANIA SRL,Romania,Subsidiary,www.novartis.com,HH2026485609796,500927237,NOVARTIS PHARMA SERVICES ROMANIA SRL,Romania,500+
b69e609b7b7500a60a94f1a9df042e15,NOVARTIS PHARMACEUTICALS AUSTRALIA PTY LIMITED,Australia,Subsidiary,www.novartis.com.au,HH2026485609796,750648081,NOVARTIS PHARMACEUTICALS AUSTRALIA PTY LIMITED,Australia,500+
420ce74bb8dacd720970d064c8ddfd9d,NOVARTIS POLAND SP Z O O,Poland,Subsidiary,www.novartis.com,HH2026485609796,422188967,NOVARTIS POLAND SP Z O O,Poland,500+
957632f2a9d30050e917cc455943ebdc,NOVARTIS SOUTH AFRICA (PTY) LTD,South Africa,Subsidiary,www.novartis.com,HH2026485609796,538525213,NOVARTIS SOUTH AFRICA (PTY) LTD,South Africa,500+
5418d3d553a79fc7fddcb2bda867f50c,NTT DATA BRASIL OPERACOES LTDA.,Brazil,Subsidiary,www.nttdata.com,HH2026678646980,914582325,NTT DATA BRASIL OPERACOES LTDA.,Japan,200+
b6fcc00297545133419e5fe331b91900,NTT DATA BUSINESS SOLUTIONS LIMITED,United Kingdom,Subsidiary,www.nttdata-solutions.com,HH2026690626718,236941402,NTT DATA BUSINESS SOLUTIONS LIMITED,United Kingdom,200+
4769ee50dd9b5d32676172daf9cfebc7,NTT DATA MALAYSIA SDN. BHD.,Malaysia,Subsidiary,www.nttdata.com,HH2026690626718,865775949,NTT DATA MALAYSIA SDN. BHD.,Malaysia,200+
557a417f8720f390c7a930c59034f2df,NVIDIA CORPORATION LIMITED,India,,www.nvidia.in,HH2026859177203,859177203,NVIDIA CORPORATION LIMITED,India,2000+
6fc9ba2ef91b284dbd130b3d2cc0d888,NVIDIA Corporation,USA,Parent,www.nvidia.com,HH2026806724555,806724555,NVIDIA Corporation,Switzerland,2000+
471d75748ddeb4f0275d12440a044b62,NVIDIA POLAND SP Z O O,Poland,Subsidiary,www.nvidia.com,HH2026806724555,421781805,NVIDIA POLAND SP Z O O,Poland,2000+
7ef64143e573aee21a5996c4bd647597,NYC Taxi & Limousine Commission,USA,Independent,www.nyc.gov,HH2026020157583,20157583,NYC Taxi & Limousine Commission,USA,1000+
7315dfc8f737b02168c649de7827e923,Nasdaq Technology AB,Sweden,Subsidiary,www.nasdaqomxnordic.com,HH2026126554732,355904954,Nasdaq Technology AB,Sweden,100+
badda4db3afcedd1db6381a62784c6b5,National Geographic Society,USA,Parent,www.nationalgeographic.com,HH2026003247756,3247756,National Geographic Society,USA,50+
42befd00c8db4b43b6400e4f29f28858,National Life Holding Company,USA,Parent,www.nationallife.com,HH2026176410939,176410939,National Life Holding Company,USA,50+
97370553b9ca9c0038e40aa146791c01,Nebraska Department of Agriculture,USA,Subsidiary,www.nebraska.gov,HH2026007496631,808820344,Nebraska Department of Agriculture,USA,200+
5fe8fd00f3932a36094834ec5dfb0b54,Nebraska Medicine,USA,Parent,www.nebraskamed.com,HH2026032796746,32796746,Nebraska Medicine,USA,200+
adea552c90a3353184b5741522ff93d9,Nebraska Western Iowa Healthcare System,USA,Independent,www.nebraska.va.gov,HH2026858426737,858426737,Nebraska Western Iowa Healthcare System,USA,200+
701b55012a66a1aac718dedf16b8c2dd,"Nelnet, Inc.",USA,Parent,www.nelnet.com,HH2026134960447,134960447,"Nelnet, Inc.",USA,50+
3c894d39444de982dd7180d2c6644949,"NeoGenomics, Inc.",USA,Parent,www.neogenomics.com,HH2026113007301,113007301,"NeoGenomics, Inc.",USA,50+
790582d69c8981d637b25c36d8119743,NetApp Austria GmbH,Austria,Subsidiary,www.netapp.com,HH2026802054742,303759310,NetApp Austria GmbH,Austria,35+
99d830b9e0a4434feba1559c173477c8,NetApp B.V.,Netherlands,,www.netapp.com,HH2026802054742,552667875,NetApp B.V.,Netherlands,30+
71c42c748ae29e2aa99ee5da33094a62,NetApp Deutschland GmbH,Germany,Subsidiary,www.netapp.com,HH2026802054742,388113771,NetApp Deutschland GmbH,Germany,30+
b294138151288405904b7f67b28b7a3d,NetApp Switzerland GmbH,Switzerland,Subsidiary,www.netapp.com,HH2026802054742,480220370,NetApp Switzerland GmbH,Switzerland,30+
9cf9b9a7949463cb3191c941ad3774a9,"NetApp VTC, Inc",Canada,Subsidiary,www.netapp.com,HH2026802054742,248030079,"NetApp VTC, Inc",Canada,35+
a319cdeada62a9e3347baec7ad31ac11,Nevada System Of Higher Education,USA,Subsidiary,www.nevada.edu,HH2026067808063,41654195,Nevada System Of Higher Education,USA,10+
3ab607d988369bcf0cbf1a4e3cd038f,New Frontier Materials LLC,USA,,www.newfrontiermaterials.com,HH2026118193803,118193803,New Frontier Materials LLC,USA,300+
c0640598708f4e49b5dc772ed7d8e841,Newport Corporation,USA,Subsidiary,www.newport.com,HH2026001053982,9145814,Newport Corporation,USA,100+
4f58f7b2390791ce320cbd8fd1e2f476,Newport Television LLC,USA,Parent,www.newporttv.com,HH2026014185499,14185499,Newport Television LLC,USA,100+
5f9016f5679585f4b8e59f03d27e938c,Nexperia Germany GmbH,Germany,Independent,www.nexperia.com,HH2026312633150,312633150,Nexperia Germany GmbH,Germany,200+
2b23c40de3573747000604f41d50cacd,"Nexstar Media Group, Inc.",USA,Parent,www.nexstar.tv,HH2026058168001,58168001,"Nexstar Media Group, Inc.",USA,600+
5bd91a75365e4219e9daf5bf629ed350,Nobia Denmark A/S,Denmark,Subsidiary,www.nobia.com,HH2026509508123,305772444,Nobia Denmark A/S,Denmark,9
3fd9b70a890d231a0c4a758229b4c9c5,Nokia Solutions and Networks Kft.,Hungary,Subsidiary,www.nokia.com,HH2026368400438,860691278,Nokia Solutions and Networks Kft.,Hungary,50+
be93a97cfd4d17433ca7ac5f034e0ed4,Nokia Solutions and Networks Korea Ltd.,Korea,Subsidiary,www.nokia.com,HH2026368400438,557804433,Nokia Solutions and Networks Korea Ltd.,Korea,50+
8342ae3bc7ee5a401563a403aee38d9d,Nokia Solutions and Networks Oy,Finland,,www.nokia.com,HH2026368400438,539825666,Nokia Solutions and Networks Oy,Finland,50+
956dffea18afe0fc85c1a31c547351e,Nokia of America Corporation,USA,,www.nokia.com,HH2026368400438,933503385,Nokia of America Corporation,USA,50+
f9004ee838b46f7df9aeacc1425f9d19,Nordzucker Holding AG,Germany,Parent,www.nordzucker.com,HH2026313317609,313317609,Nordzucker Holding AG,Germany,24+
7d8c72c6546d210452ce4138ca48af70,Norlys Group A/S,Denmark,Subsidiary,www.norlys.dk,HH2026307577721,306759676,Norlys Group A/S,Denmark,10
4918ded70bab8ab979eeb40a02e9cc8e,"Northeast Parent and Child Society, Inc.",USA,Parent,www.northernrivers.org,HH2026089113047,89113047,"Northeast Parent and Child Society, Inc.",USA,300+
82161450d66cadfc674fcdfd9256624f,Northeastern Local School District,USA,Parent,www.northeastern.k12.oh.us,HH2026100062355,100062355,Northeastern Local School District,USA,300+
79f6764bfca596513fadb22bffa1c74c,Northeastern University,USA,Parent,www.northeastern.edu,HH2026001423631,1423631,Northeastern University,USA,300+
b7954ef70e3c5c67be8e61e6056d4072,"Northland Securities, Inc.",USA,Subsidiary,www.northlandsecurities.com,HH2026084621325,555475107,"Northland Securities, Inc.",USA,6
ddaad1fb5cb3267c0f0a64ec64b317a6,Northwest Local School District,USA,Parent,www.northwest.sparcc.org,HH2026080147044,80147044,Northwest Local School District,USA,100+
35a50f4e12845d616f3515f5e57974de,Northwest Medical Center-Bentonville Auxiliary,USA,Independent,www.northwesthealth.com,HH2026965766061,965766061,Northwest Medical Center-Bentonville Auxiliary,USA,500+
a2400ef9745b6a1d4a88ce1aa3c49342,"Nouryon Chemicals, S.A. de C.V.",Mexico,Subsidiary,www.nouryon.com,HH2026492604379,810325019,"Nouryon Chemicals, S.A. de C.V.",Mexico,100+
3dcc60f87ed7666c72eebe1209989572,Novartis,United Arab Emirates,,www.novartis.com,HH2026559455025,559455025,Novartis,United Arab Emirates,500+
1313a97a6f625df9dcb7d09111d42a9,Novartis Healthcare A/S,Denmark,,www.novartis.com,HH2026485609796,586144446,Novartis Healthcare A/S,Denmark,500+
8857e66e0b0a25adc921904752b9e113,"Novartis Institutes for Biomedical Research, Inc.",USA,Subsidiary,www.novartis.com,HH2026485609796,144379653,"Novartis Institutes for Biomedical Research, Inc.",USA,1000+
2775a914d99f1fef7c0e18b634f7f83a,Novartis Korea Limited,Korea,Subsidiary,www.novartis.com,HH2026485609796,689276004,Novartis Korea Limited,Korea,500+
9ec932a2cc8c6495caee94078da0a1c3,Novartis Manufacturing,Belgium,Subsidiary,www.novartis.com,HH2026485609796,370205429,Novartis Manufacturing,Belgium,500+
a7744da7b6394e320930f20a6ac4233f,Novartis Norge AS,Norway,Subsidiary,www.novartis.no,HH2026485609796,518735998,Novartis Norge AS,Norway,500+
b79a5429c50b8cb80bcb560e129a5269,Novartis Pharma,Belgium,Subsidiary,www.novartis.com,HH2026485609796,375711306,Novartis Pharma,Portugal,1000+
c619820deb58c7efa65674d9814603bb,Novartis Pharma B.V.,Netherlands,Subsidiary,www.novartis.com,HH2026485609796,402056485,Novartis Pharma B.V.,Netherlands,600+
2a80fb36a95d3b4f5e5d7a782a18c680,Novartis Pharma GmbH,Germany,Subsidiary,www.novartis.com,HH2026485609796,317524569,Novartis Pharma GmbH,Austria,500+
caacdca7845591630244fdd1d448c1be,Novartis Pharmaceuticals Corporation,USA,Subsidiary,www.novartis.com,HH2026485609796,2147023,Novartis Pharmaceuticals Corporation,USA,500+
a4d2eeae561fa0d71934d4972cbe3d4,"Novartis Services, Inc.",USA,,www.novartis.com,HH2026485609796,78726294,"Novartis Services, Inc.",USA,500+
5e28ba975afc90908f400b5d590e81ce,Novartis Sverige AB,Sweden,Subsidiary,www.novartis.se,HH2026485609796,354064545,Novartis Sverige AB,Sweden,500+
5b6b84766e562b3012d836b8fa165fe3,Novenco Building & Industry A/S,Denmark,Subsidiary,www.novenco-building.com,HH2026343482195,310624028,Novenco Building & Industry A/S,Denmark,15+
3f22f37651af4a2698ec635cb9d988e1,Nuneaton & Bedworth Borough Council,United Kingdom,Parent,www.nuneatonandbedworth.gov.uk,HH2026232600494,232600494,Nuneaton & Bedworth Borough Council,United Kingdom,
3dbfe8e102fcbddccfafe44a442c00f0,Nutraceutical Wellness Inc.,USA,Subsidiary,www.nutrafol.com,HH2026210300901,17517663,Nutraceutical Wellness Inc.,USA,10+
d779f85330f312abe006a4df8ec894b2,Nvidia Inc,Canada,Independent,www.nvidia.com,HH2026247091791,247091791,Nvidia Inc,Canada,2000+
aaf0c618605ecd82b154177cdb9bd31f,"Nynas, Inc.",USA,Subsidiary,www.nynas.com,HH2026353981863,131397791,"Nynas, Inc.",USA,5
bfbe5fdf14f5af98264826f4a6b2cde2,Nypro Inc.,USA,Subsidiary,www.nypromold.com,HH2026041810979,46131678,Nypro Inc.,USA,1000+
6f40a0392d156940cbb6dc4f8d01798b,OAKNORTH BANK PLC,United Kingdom,Subsidiary,www.oaknorth.co.uk,HH2026221472197,219508620,OAKNORTH BANK PLC,United Kingdom,20+
cebf869cbbe20de6490d790290ff2568,OAKTREE CAPITAL MANAGEMENT (UK) LLP,United Kingdom,Independent,www.oaktreecapital.com,HH2026217232280,217232280,OAKTREE CAPITAL MANAGEMENT (UK) LLP,United Kingdom,50+
4642b09e213ac925c43efa0b953dd021,OANDA INDIA PRIVATE LIMITED,India,Parent,www.oanda.com,HH2026874118645,874118645,OANDA INDIA PRIVATE LIMITED,India,24+
928f972bfcd9b20dcc6f7edc4b17c9ee,OCBC Bank (Hong Kong) Limited,Hong Kong,Subsidiary,www.ocbcwhhk.com,HH2026595112749,686156050,OCBC Bank (Hong Kong) Limited,Hong Kong,1000+
e58fa26c9f2cf1c0ed798267e78ce650,"ODL, INCORPORATED",USA,Parent,www.odl.com,HH2026006410781,6410781,"ODL, INCORPORATED",USA,24+
ac9c1af5f359119d087943defb209d0b,OLIVER WYMAN LIMITED,India,Subsidiary,www.oliverwyman.com,HH2026041564378,871721401,OLIVER WYMAN LIMITED,India,1000+
018a1b48b3e73ee852ed7a4506491422,OLIVER WYMAN SP Z O O,Poland,Subsidiary,www.oliverwyman.com,HH2026041564378,366139477,OLIVER WYMAN SP Z O O,Poland,1000+
6b5cb1da68270027cbfcb3405567f68b,OMERS INFRASTRUCTURE AUSTRALIA PTY LIMITED,Australia,Parent,www.omersinfrastructure.com,HH2026748214772,748214772,OMERS INFRASTRUCTURE AUSTRALIA PTY LIMITED,Australia,50+
530630c3523edf8165b22db0b4c211fb,OMYA NEW ZEALAND LIMITED,New Zealand,Subsidiary,www.omya.com,HH2026480002724,590150637,OMYA NEW ZEALAND LIMITED,New Zealand,100+
738538b8f528c545ff0f182d43186745,OMYA SAS,France,Subsidiary,www.omya.com,HH2026480002724,275370773,OMYA SAS,France,100+
f0121ce08860d1026f5eccb5e45b0813,"ONDEMAND AGILITY SOLUTIONS, INC.",USA,Independent,www.ondemandagility.com,HH2026079195668,79195668,"ONDEMAND AGILITY SOLUTIONS, INC.",USA,50+
a70a83ac01fba66c6ddb9be87d69872b,ONPROCEss TECHNOLOGY INDIA PRIVATE LIMITED,India,Subsidiary,www.onprocess.com,HH2026985015354,874131408,ONPROCESS TECHNOLOGY INDIA PRIVATE LIMITED,India,1000+
c5c14e368f7f99f6d31a790122581993,OPTION CARE,USA,Independent,www.optioncarehealth.com,HH2026084987969,84987969,OPTION CARE,USA,300+
f6a42889764066727093b9f6522aab2c,OPTIONS GROUP STRATEGIC CONSULTING (INDIA) PRIVATE LIMITED,India,Subsidiary,www.optionsgroup.com,HH2026804697068,650379600,OPTIONS GROUP STRATEGIC CONSULTING (INDIA) PRIVATE LIMITED,India,30+
97f1d629929d2179763a94c2e9cdd986,"OPW Fuel Management Systems, Inc.",USA,Subsidiary,www.opwglobal.com,HH2026003245271,796937118,"OPW Fuel Management Systems, Inc.",USA,50+
954b51efcfcf8f689a9b2f978c0fae34,ORCHID ORTHOPEDIC SOLUTIONS LTD,United Kingdom,Subsidiary,www.orchid-ortho.com,HH2026080059155,218234704,ORCHID ORTHOPEDIC SOLUTIONS LTD,United Kingdom,24+
2fa9c3300f0b76840ae0708929e1233b,ORDIX AG Aktiengesellschaft fur Softwareentwicklung Schulung Beratung und Systemintegration,Germany,Parent,www.ordix.de,HH2026328097464,328097464,ORDIX AG Aktiengesellschaft für Softwareentwicklung Schulung Beratung und Systemintegration,Germany,
69a94b543eb1d5085744ab6e1c0ee0cd,"OREGON TOOL, INC.",USA,Parent,www.oregontool.com,HH2026058638040,58638040,"OREGON TOOL, INC.",USA,10+
44ba36973b14889debc33298a3bd9a10,ORICA BRASIL LTDA,Brazil,Subsidiary,www.orica.com,HH2026740807383,899717359,ORICA BRASIL LTDA,Brazil,35+
8a56df643803c8aaf40dcc6d816a3f61,ORIX AUTO CORPORATION,Japan,Subsidiary,www.orix.co.jp,HH2026690573472,691014419,オリックス自動車株式会社,Japan,15+
910710aca4177b20b706d57f0b2e3c77,ORIX HOTEL MANAGEMENT CORPORATION,Japan,Subsidiary,www.orix-realestate.co.jp,HH2026690573472,696382188,オリックス・ホテルマネジメント株式会社,Japan,15+
710fec1d286c84633573ba9271e08198,ORTEC B.V.,Netherlands,Subsidiary,www.ortec.com,HH2026494943737,415531768,ORTEC B.V.,Netherlands,10+
0d3539103aa9235561a5ce22b8833ab8,OSCO Group Services Limited,Canada,Parent,www.oscoconstructiongroup.com,HH2026204192988,204192988,OSCO Group Services Limited,Canada,24+
50988c8f5d961cb5af5bf5996d8a3fbf,OSOTSPA PUBLIC COMPANY LIMITED,Thailand,Parent,www.osotspa.com,HH2026659769541,659769541,OSOTSPA PUBLIC COMPANY LIMITED,Thailand,20+
3bd3b0a76036721766d06b891561f42b,OTIS (PTY) LTD,South Africa,Parent,www.otisworldwide.com,HH2026538581781,538581781,OTIS (PTY) LTD,South Africa,1000+
f010090635406ae94fe708bdcfeba1f6,OTIS ELEVATOR COMPANY (S) PTE LTD,Singapore,Subsidiary,www.otis.com,HH2026080825583,595112806,OTIS ELEVATOR COMPANY (S) PTE LTD,Singapore,1000+
361118cf80ee97ff94db920181961de2,OTIS ELEVATOR VIETNAM COMPANY LIMITED,Vietnam,Parent,www.otis.com,HH2026555341761,555341761,OTIS ELEVATOR VIETNAM COMPANY LIMITED,Vietnam,1000+
644d2da224482a9b9fcb57c5254cbb6,OXG Glasfaser Beteiligungs-GmbH,Germany,,www.oxg.de,HH2026344341618,344341618,OXG Glasfaser Beteiligungs-GmbH,Germany,
dfea156364c2a63402dc728df10ea379,"Oaktree Capital Management, L.P.",USA,Subsidiary,www.oaktreecapital.com,HH2026205271935,879944569,"Oaktree Capital Management, L.P.",USA,50+
a78fbb166fa01e6e514b1418b1edf359,"Oaktree Power Opportunities Fund IV, L.P.",USA,Subsidiary,www.oaktreecapital.com,HH2026205271935,80964675,"Oaktree Power Opportunities Fund IV, L.P.",USA,50+
7f5937e642b69d5120b2d3125e9bf5b7,Oanda (Canada) Corporation ULC,Canada,Subsidiary,www.oanda.com,HH2026126195218,243738486,Oanda (Canada) Corporation ULC,Canada,24+
3b9ea1a87c19376916524af0e55c32fb,Ocean Mental Health Services Inc,USA,Parent,www.oceanmhs.org,HH2026080950041,80950041,Ocean Mental Health Services Inc,USA,300+
2c26b39d9081e0d411dd528db75ae829,"Ocean Optics, Inc.",USA,Subsidiary,www.oceaninsight.com,HH2026210968798,603010513,"Ocean Optics, Inc.",USA,100+
b4fdc98894829ce715ea9f540fdcc0df,"Odoo, Inc.",USA,Subsidiary,www.odoo.com,HH2026372441183,18021465,"Odoo, Inc.",USA,300+
9e49703dc688be0d605d7288cab8dd47,Oestergaard A/S,Denmark,Subsidiary,www.oestergaard-as.dk,HH2026305107252,305816799,Oestergaard A/S,Denmark,20+
f267390b021527dcf9cc132ea213df9a,Ohio Department of Mental Health and Addiction Services,USA,Subsidiary,www.ohio988.org,HH2026004305215,808847669,OhioMHAS,USA,2000+
edfab5a13b6dd7f8cae3d4dd1acb6094,Ohiohealth Corporation,USA,Parent,www.ohiohealth.com,HH2026071643589,71643589,Ohiohealth Corporation,USA,1000+
c21701baaa9ceeabcddf94e54904e89b,Okanagan College,Canada,Parent,www.okanagan.bc.ca,HH2026209937572,209937572,Okanagan College,Canada,35+
fc50baae216ed75312d266056b4a2c02,Oklahoma Office of Homeland Security,USA,Subsidiary,www.oklahoma.gov,HH2026043440601,139241645,Oklahoma Office of Homeland Security,Belgium,500+
d5a7b3e626f5a83789acd6dfe8c03c31,Oliver Wyman B.V.,Netherlands,Subsidiary,www.oliverwyman.com,HH2026041564378,409754835,Oliver Wyman B.V.,Netherlands,1000+
06449ff78928670ff7749afc38442197,"Oliver Wyman, S. de R.L. de C.V.",Mexico,Subsidiary,www.oliverwyman.com,HH2026041564378,813004660,"Oliver Wyman, S. de R.L. de C.V.",Mexico,1000+
389b8015c3b103fa26a6a0a82229b780,Omya AG,Switzerland,Parent,www.omya.com,HH2026480002724,480002724,Omya AG,Switzerland,100+
3169d193f7f2583173dfbd980bde5251,Omya GmbH,Austria,Subsidiary,www.omya.com,HH2026480002724,300236262,Omya GmbH,Austria,100+
e33f2503427341aa8c312fb2a26922ac,Omya Inc.,USA,Subsidiary,www.omya.com,HH2026480002724,2069136,Omya Inc.,USA,100+
3f5417362f248aed8e7e5cc8e576c52f,"One Call Medical, Inc.",USA,Parent,www.onecallcm.com,HH2026807198064,807198064,"One Call Medical, Inc.",USA,24+
beb11d0acce1a364d395c32882a67139,One.Com A/S,Denmark,Subsidiary,www.one.com,HH2026230283071,310973388,One.Com A/S,Denmark,50+
2a98fa42701ad621e19e7b796d27d634,OneAZ Credit Union,USA,Parent,www.oneazcu.com,HH2026089305890,89305890,OneAZ Credit Union,USA,24+
60479660ce07ea75e507208d0b98595,Onni Property Management Services Ltd,Canada,,www.onni.com,HH2026203520015,203520015,Onni Property Management Services Ltd,Canada,100+
a15aa88af5d99b608829800ee3c5a53,"OpenGov, Inc.",USA,,www.opengov.com,HH2026046901799,944067441,"OpenGov, Inc.",USA,50+
0c90a470c446560729e4d176b5a7d1e1,"Option Care Infusion Services, LLC",USA,,www.optioncarehealth.com,HH2026957126931,17652431,"Option Care Infusion Services, LLC",USA,300+
361c47af9ebe49eba8e4f780186ef11d,Orchard Community Primary School PA,United Kingdom,Independent,www.orchardprimary.org,HH2026224805959,224805959,Orchard Community Primary School PA,United Kingdom,1000+
3d5e907dfca4c61c8251342953c91a05,Oregon Department of Justice,USA,Subsidiary,www.oregon.gov,HH2026043008317,809790223,Oregon Department of Justice,USA,200+
b8cfcbf036526e3e76eb3df30b7e8799,Otis A/S,Denmark,Subsidiary,www.otis.com,HH2026080825583,305871782,Otis A/S,Denmark,1000+
2d364d6d9b6061823609de0e43a7987,Otis AB,Sweden,,www.otis.com,HH2026080825583,354421364,Otis AB,Sweden,1000+
774188e455fd2d9ae60807264afd0874,Otis Elevator Company,USA,Subsidiary,www.otis.com,HH2026080825583,1534676,Otis Elevator Company,USA,1000+
4d97614ee040ea4358852d5180940f88,Otis SA,Switzerland,Subsidiary,www.otis.com,HH2026080825583,480597301,Otis SA,Switzerland,1000+
4d35c082a2b2f5b39b15859b2ef98a55,Oura Health Oy,Finland,Parent,www.ouraring.com,HH2026368161450,368161450,Oura Health Oy,Finland,100+
2a61fb37b6bdb2df7b75285dbebd82de,PACIFIC LIFE RE SERVICES LIMITED,United Kingdom,Independent,www.pacificlifere.com,HH2026397022518,397022518,PACIFIC LIFE RE SERVICES LIMITED,United Kingdom,30+
ebfe2e30bea34525bc7e65b154c571c3,PAGONXT MERCHANT SOLUTIONS INDIA PRIVATE LIMITED,India,Parent,www.pagonxt.com,HH2026878241045,878241045,PAGONXT MERCHANT SOLUTIONS INDIA PRIVATE LIMITED,India,500+
566d16a30a3d052f0b8d9068ced109fc,PALSGAARD CANDON SA,Brazil,Subsidiary,www.palsgaard.com,HH2026306148784,899423959,PALSGAARD CANDON SA,Brazil,15+
76ba68bfc3111803842b9fcf69e2605b,PAREXEL INTERNATIONAL (INDIA) PRIVATE LIMITED,India,Subsidiary,www.parexel.com,HH2026080918239,676115930,PAREXEL INTERNATIONAL (INDIA) PRIVATE LIMITED,Taiwan,100+
c9fad2ab56b8507ea101db8bac3c5a89,PAREXEL INTERNATIONAL (MALAYSIA) SDN. BHD.,Malaysia,Subsidiary,www.parexel.com,HH2026080918239,865761274,PAREXEL INTERNATIONAL (MALAYSIA) SDN. BHD.,Malaysia,100+
e0decbd4ee3e724159c79c6d57568d2b,PAREXEL INTERNATIONAL (SINGAPORE) PTE. LTD.,Singapore,Subsidiary,www.parexel.com,HH2026080918239,894849256,PAREXEL INTERNATIONAL (SINGAPORE) PTE. LTD.,Singapore,100+
87cf1f4f8d81c6846218e4d8b9d9a6d1,PAREXEL INTERNATIONAL CLINICAL RESEARCH (ISRaeL) LTD,Israel,Subsidiary,www.parexel.com,HH2026080918239,514693688,PAREXEL INTERNATIONAL CLINICAL RESEARCH (ISRAEL) LTD,Israel,50+
f3bfb70ae6567438888ee4c7b24909ce,PAREXEL INTERNATIONAL LIMITED,United Kingdom,Subsidiary,www.parexel.com,HH2026080918239,501367544,PAREXEL INTERNATIONAL LIMITED,United Kingdom,100+
e9e97ca2538bd6c9fc96e3a2d0cf7f2e,PAREXEL INTERNATIONAL S.A.,Argentina,Subsidiary,www.parexel.com,HH2026080918239,971308051,PAREXEL INTERNATIONAL S.A.,Argentina,100+
62c2ff935ae1041de0c3a3a2a25406cf,PAREXEL INTERNATIONAL SL,Spain,Subsidiary,www.parexel.com,HH2026080918239,564520153,PAREXEL INTERNATIONAL SL,Spain,100+
c8815e73d0e47c89c6a45f26f373550d,PAREXEL INTERNATIONAL SRL,Italy,Subsidiary,www.parexel.com,HH2026080918239,630139152,PAREXEL INTERNATIONAL SRL,Italy,100+
94b970b1c63ae47914dac263263d9c1e,PAREXEL Nederland B.V.,Netherlands,Subsidiary,www.parexel.com,HH2026080918239,412123937,PAREXEL Nederland B.V.,Netherlands,100+
30cfeb2cab4ddae0464c38df6bacf077,PATRIARCHE,France,Subsidiary,www.patriarche.fr,HH2026271885107,347147837,PATRIARCHE,France,20+
4cc0a52ab10d2240e660b8d4d3b3c8d8,PAYHAWK EOOD,Bulgaria,Subsidiary,www.payhawk.com,HH2026224610793,524371991,PAYHAWK EOOD,Bulgaria,100+
226f9ebda6b1af70a7bf67b1f2d77fec,PAYONEER (VIETNAM) COMPANY LIMITED,Vietnam,Subsidiary,www.payoneer.com,HH2026664134471,626079074,PAYONEER (VIETNAM) COMPANY LIMITED,Vietnam,100+
2dd749594cff8d6d3b1ea2e9060d971b,PAYU DIGITAL LABS PRIVATE LIMITED,India,Parent,www.payu.in,HH2026863750148,863750148,PAYU DIGITAL LABS PRIVATE LIMITED,India,24+
26f7ceacb9d488133c42c30b0a7566c,PENTA AUTO EQUIPMENTS PRIVATE LIMITED,India,,www.pentaindia.com,HH2026650065373,650065373,PENTA AUTO EQUIPMENTS PRIVATE LIMITED,India,9
fd1c9c46d2141c997279b5f7625ad962,PEPPERL & FUCHS (INDIA) PRIVATE LIMITED,India,Subsidiary,www.pepperl-fuchs.com,HH2026324166248,862167905,PEPPERL & FUCHS (INDIA) PRIVATE LIMITED,India,100+
b4c02641215a9ae19b2931a3c9b9615f,PERI LIMITED,United Kingdom,Parent,www.peri.ltd.uk,HH2026503970154,503970154,PERI LIMITED,United Kingdom,24+
ee20027684c57c9d835a77426df1ab18,PERI Sverige AB,Sweden,Subsidiary,www.peri.se,HH2026315544387,354249500,PERI Sverige AB,Sweden,24+
018f9548e08e7c36096fcbcb716f1595,PERKIN ELMER SDN. BHD.,Malaysia,Subsidiary,www.perkinelmer.com,HH2026118909786,597726819,PERKIN ELMER SDN. BHD.,Malaysia,200+
7548c3d9b10bc426503e425a09fece95,PERKINELMER SCIENTIFIC (THAILAND) COMPANY LIMITED,Thailand,Independent,www.perkinelmer.com,HH2026662713634,662713634,PERKINELMER SCIENTIFIC (THAILAND) COMPANY LIMITED,Thailand,200+
eaac057f16542da79b77e2049e7b7e1f,"PERNO RIKAR KAZAKHSTAN, TOO",Kazakhstan,Subsidiary,www.pernod-ricard.com,HH2026275642270,685488555,"PERNO RIKAR KAZAKHSTAN, TOO",Kazakhstan,200+
c3ed4cb7b403675538159d7a81eab86b,PERNOD RICARD BRASIL INDUSTRIA E COMERCIO LTDA,Brazil,Subsidiary,www.pernod-ricard.com.br,HH2026275642270,899017677,PERNOD RICARD BRASIL INDUSTRIA E COMERCIO LTDA,Brazil,200+
95c13364bb0bd0f012ac311728765e3b,PERNOD RICARD JAPAN K.K.,Japan,Subsidiary,www.pernod-ricard-japan.com,HH2026275642270,691187785,ペルノ・リカール・ジャパン株式会社,Japan,200+
fbb147a27a3c3e13b1a6a1fdbc0b23e9,PERNOD RICARD PACIFIC HOLDING PTY LTD,Australia,Subsidiary,www.pernod-ricard-australia.com,HH2026275642270,756231593,PERNOD RICARD PACIFIC HOLDING PTY LTD,Australia,200+
71420e6be083653e3f3c6084e1aef204,PERNOD RICARD URUGUAY S.A.,Uruguay,Subsidiary,www.pernod-ricard.com,HH2026275642270,966003837,PERNOD RICARD URUGUAY S.A.,Uruguay,200+
be144af8f19e5bb87e45fe7c2e2c8df4,PERSIMMON HOLDINGS LIMITED,United Kingdom,Subsidiary,www.persimmonhomes.com,HH2026228137451,220992999,PERSIMMON HOLDINGS LIMITED,United Kingdom,30+
72f78ba8be22a5e3edb0ed47a647cce9,PET Recycling Team GmbH,Austria,Subsidiary,www.petrecyclingteam.com,HH2026303652283,301341215,PET Recycling Team GmbH,Austria,300+
f8636d361526f10f2f3a92579d8dee87,PFIZER (MALAYSIA) SDN. BHD,Malaysia,Subsidiary,www.pfizer.com.my,HH2026402167592,652104621,PFIZER (MALAYSIA) SDN. BHD,Malaysia,500+
05b51aa929ca4fd67159d9cca782754c,PFIZER EGYPT S.A.E,Egypt,Parent,www.pfizer.com,HH2026643584535,643584535,PFIZER EGYPT S.A.E,Egypt,500+
88139b3a67dbd5f30d9f976f9da427ec,PFIZER HEALTHCARE INDIA PRIVATE LIMITED,India,Subsidiary,www.pfizer.com,HH2026402167592,650490399,PFIZER HEALTHCARE INDIA PRIVATE LIMITED,India,500+
4b518506a3132f222dcf89d69ccc99a,PFIZER LABORATORIES LIMITED,Kenya,,www.pfizer.com,HH2026001326495,364704010,PFIZER LABORATORIES LIMITED,Kenya,500+
dda318d8a0d5c935b9645c1358fd57a5,PFIZER LUXEMBOURG SARL BRANCH BULGARIA KCHT,Bulgaria,Subsidiary,www.pfizer.com,HH2026402167592,565730053,PFIZER LUXEMBOURG SARL BRANCH BULGARIA KCHT,Bulgaria,500+
50ebe3eebc02a4b2d01451163c132896,PFIZER LUXEMBOURG SARL FILIALE LATVIJA AKF,Latvia,Subsidiary,www.pfizer.com,HH2026402167592,365544797,PFIZER LUXEMBOURG SARL FILIALE LATVIJA AKF,Latvia,500+
a0599a8559a70102d856dd9a8ad43f64,"PHOEBE NORTH, INC.",USA,Independent,www.phoebehealth.com,HH2026106561787,106561787,"PHOEBE NORTH, INC.",USA,200+
af45455964a0dc1848a2608affc5dbc2,PIERRE FABRE DERMO-COSMETIQUE HONG-KONG LIMITED,Hong Kong,Subsidiary,www.pierre-fabre.com,HH2026396628336,664329295,PIERRE FABRE DERMO-COSMETIQUE HONG-KONG LIMITED,Portugal,200+
9386c5b0f03a5771cca5dd7b0f1b5186,PIERRE FABRE IBERICA SA,Spain,Subsidiary,www.pierre-fabre.com,HH2026396628336,460020605,PIERRE FABRE IBERICA SA,Spain,200+
a64364f7d35406e70639decf3011dab,PIERRE FABRE SA,France,,www.pierre-fabre.com,HH2026396628336,393192638,PIERRE FABRE SA,France,200+
2b608313c5b4082ee953da6a111ab4c,"PIERRE FABRE VIETNAM CO., LTD",Vietnam,,www.pierre-fabre.com,HH2026396628336,673457726,"PIERRE FABRE VIETNAM CO., LTD",Vietnam,200+
f9add87666368afaeb8b631a13a32ebc,PIPER SANDLER LTD.,United Kingdom,Independent,www.pipersandler.com,HH2026238551951,238551951,PIPER SANDLER LTD.,United Kingdom,50+
a792bee611bc971408f62235e05492ea,PJT PARTNERS (UK) LIMITED,United Kingdom,Independent,www.pjtpartners.com,HH2026220636506,220636506,PJT PARTNERS (UK) LIMITED,United Kingdom,50+
7f71c1f8e07596c3d8e07efbc86590cb,PJT Partners Inc.,USA,Parent,www.pjtpartners.com,HH2026079955461,79955461,PJT Partners Inc.,USA,50+
e8c661b21b8538b4d117a17875cfd289,PKC GROUP POLAND SP Z O O,Poland,Subsidiary,www.pkcgroup.com,HH2026353259005,422215868,PKC GROUP POLAND SP Z O O,Poland,300+
a74b4340e2a8c82afb70af3e4d4de35c,PKC Group USA Inc.,USA,Subsidiary,www.pkcgroup.com,HH2026650106917,40501087,PKC Group USA Inc.,USA,300+
50ece24a0e50c614911b7a906587a414,PKC SEGU Systemelektrik GmbH,Germany,Subsidiary,www.pkcgroup.com,HH2026650106917,332352921,PKC SEGU Systemelektrik GmbH,Germany,300+
0cc27fd1c7c20b2c07010be3262ee21d,PLANNED PARENTHOOD CALIFORNIA CENTRAL COAST,USA,Parent,www.plannedparenthood.org,HH2026078801818,78801818,PLANNED PARENTHOOD CALIFORNIA CENTRAL COAST,USA,15+
bf461f20db8c29bb2e1702bc37e03701,"PLANNED PARENTHOOD GREAT NORTHWEST, HAWAI'I, ALASKA, INDIANA, AND KENTUCKY",USA,Parent,www.plannedparenthood.org,HH2026071850515,71850515,"PLANNED PARENTHOOD GREAT NORTHWEST, HAWAI'I, ALASKA, INDIANA, AND KENTUCKY",USA,10+
e4522f2e0ba7b2b0846ba51cfc7587bf,PLANNED PARENTHOOD GREAT RIVERS-MIssOURI,USA,Parent,www.plannedparenthood.org,HH2026020370599,20370599,PLANNED PARENTHOOD GREAT RIVERS-MISSOURI,USA,10+
c0b0b8820d7ccf523dba15d3521f6d08,"PLANNED PARENTHOOD OF CENTRAL AND WESTERN NEW YORK, INC.",USA,Independent,www.plannedparenthood.org,HH2026962546581,962546581,"PLANNED PARENTHOOD OF CENTRAL AND WESTERN NEW YORK, INC.",USA,10+
078c99904cc6612ef72d5d29883c5e52,"PLANNED PARENTHOOD OF THE COLUMBIA WILLAMETTE, INC.",USA,Parent,www.plannedparenthood.org,HH2026030799795,30799795,"PLANNED PARENTHOOD OF THE COLUMBIA WILLAMETTE, INC.",USA,10+
a992be1196bfc2b1df28417c8b97a43c,PRECISELY SOFTWARE LIMITED,United Kingdom,Subsidiary,www.precisely.com,HH2026072700198,289046021,PRECISELY SOFTWARE LIMITED,United Kingdom,
3a603cb5230c58f4248af0c6a2982314,PREH ROMANIA SRL,Romania,Subsidiary,www.preh.com,HH2026421342800,565400052,PREH ROMANIA SRL,Romania,24+
d902dbd8a46536cfbf5c8b6f8b123cb2,"PREMISE HEALTH TRIBAL SOLUTIONS, LLC",USA,Subsidiary,www.premisehealth.com,HH2026244116752,5482382,"PREMISE HEALTH TRIBAL SOLUTIONS, LLC",USA,100+
d332fff6038553d510743ff9c071cb69,PRINCES GROUP PLC,United Kingdom,Subsidiary,www.princesgroup.com,HH2026482717972,501506315,PRINCES GROUP PLC,United Kingdom,300+
f7bf0e8d2cdeba167c2617c59f685924,PROMEDICA PATRIMONIAL SA - PROPAT EM RECUPERACAO JUDICIAL,Brazil,Subsidiary,www.promedica.com.br,HH2026905742102,898660519,PROMEDICA PATRIMONIAL SA - PROPAT EM RECUPERACAO JUDICIAL,Brazil,500+
e79dd676eaee8d988b0ddf3a5d5bdf4d,PROOFPOINT LIMITED,United Kingdom,Subsidiary,www.proofpoint.com,HH2026118777273,738315196,PROOFPOINT LIMITED,United Kingdom,100+
cc26a39b7ccf8868badbe71eca91c69d,PROPHARMA GROUP MIS HOLDINGS LIMITED,United Kingdom,Subsidiary,www.propharmagroup.com,HH2026118803213,219730971,PROPHARMA GROUP MIS HOLDINGS LIMITED,United Kingdom,50+
079d431a24ab616347cd5c56912e72f2,PROPHARMA GROUP MIS LIMITED,United Kingdom,Subsidiary,www.propharmagroup.com,HH2026118803213,236769704,PROPHARMA GROUP MIS LIMITED,United Kingdom,50+
9fe0a3f352cd380b5c4e9e8213bf518e,PROSPEROWARE KOSOVO SH.P.K.,Kosovo,Subsidiary,www.prosperoware.com,HH2026078299574,499426121,PROSPEROWARE KOSOVO SH.P.K.,Kosovo,45+
5fb29b36c01fb6d5bd2159348b759539,PROTIVITI CONSULTING PRIVATE LIMITED,India,Subsidiary,www.protiviti.co.in,HH2026043256403,650295970,PROTIVITI CONSULTING PRIVATE LIMITED,India,200+
5b7773e40bf288c3bda3b59827fb95b8,PROTIVITI INDIA MEMBER PRIVATE LIMITED,India,Subsidiary,www.protiviti.com,HH2026557950590,872176780,PROTIVITI INDIA MEMBER PRIVATE LIMITED,India,100+
b3dca029b95641b187ca0b521ff79232,PROTIVITI LIMITED,United Kingdom,Subsidiary,www.protiviti.com,HH2026043256403,640789140,PROTIVITI LIMITED,United Kingdom,200+
680c190374e57028d11f81f34e6845e4,PROTIVITI PTE. LTD.,Singapore,Subsidiary,www.protiviti.com,HH2026043256403,894840037,PROTIVITI PTE. LTD.,Singapore,200+
8612a4c770d16d8db0735116b3abec15,PROTIVITI SRL,Italy,Subsidiary,www.protiviti.com,HH2026043256403,560904729,PROTIVITI SRL,Italy,200+
a6965d230baae1d11b32ccda5f575f79,"PRUDENTIAL HOLDINGS OF JAPAN, INC.",Japan,Subsidiary,www.pru-holding.co.jp,HH2026018300884,697018831,プルデンシャル・ホールディング・オブ・ジャパン株式会社,Japan,100+
fcc21592ee677457a6baad6acf33d210,PRUDENTIAL IP SERVICES LIMITED,United Kingdom,Subsidiary,www.pru.co.uk,HH2026211628409,239241875,PRUDENTIAL IP SERVICES LIMITED,United Kingdom,50+
475876c4b7935f03cbadffedb43fecc1,PTC Inc.,USA,Parent,www.ptc.com,HH2026175749431,175749431,PTC Inc.,USA,100+
737370c2b9d78875a5f98b9f5322ba4b,PTC SOFTWARE (INDIA) PRIVATE LIMITED,India,Subsidiary,www.ptc.com,HH2026175749431,915347574,PTC SOFTWARE (INDIA) PRIVATE LIMITED,India,100+
01c93c48a4c0087103073827d91baf31,PacifiCorp,USA,Subsidiary,www.pacificorp.com,HH2026001024314,7909013,PacifiCorp,USA,50+
6ed2cc5ad7df756e1b38c04ad792a109,Pacific Life Insurance Company,USA,Subsidiary,www.pacificlife.com,HH2026175964881,6908495,Pacific Life Insurance Company,USA,100+
381491906dfb9a947f8ec5f7e3ad327,Packer Collegiate Institute (Inc),USA,,www.packer.edu,HH2026078182375,78182375,Packer Collegiate Institute (Inc),USA,6
94ceede96eb7a7cd0ec7c2a6b7e8ebe4,Pact Kenya,Kenya,Independent,www.pactkenya.org,HH2026850477902,850477902,Pact Kenya,Kenya,24+
048c524be866f53178738b7e1149abbb,Palestine Regional Medical Center,USA,Subsidiary,www.palestineregional.com,HH2026363912093,789592201,Palestine Regional Medical Center,USA,2000+
5c8c18a811a008c0329f462f09c08f42,Palfinger Marine Norway AS,Norway,Subsidiary,www.palfinger.com,HH2026303536460,518037163,Palfinger Marine Norway AS,Norway,200+
b10d0e4d8455a851b26ba1448cf85475,"Pathward, National Association",USA,Subsidiary,www.pathward.com,HH2026827350943,72903990,"Pathward, National Association",USA,35+
c51f82b178af3a02614176f1035c178b,Pathways Health and Community Support LLC,USA,Parent,www.pathways.com,HH2026088561930,88561930,Pathways Health and Community Support LLC,USA,500+
d66bfb90f4edfefeaecfa5e8a2968941,"Paula's Choice, LLC",USA,Subsidiary,www.paulaschoice.com,HH2026210300901,29583981,"Paula's Choice, LLC",USA,7
314835e1950dacaf5b05d5023446efca,Payoneer Global Inc.,USA,Parent,www.payoneer.com,HH2026118163985,118163985,Payoneer Global Inc.,USA,100+
8267ea6acdc4aa4bca643abb3c80811b,Payoneer Hong Kong Limited,Hong Kong,Parent,www.payoneer.com,HH2026664134471,664134471,Payoneer Hong Kong Limited,Hong Kong,100+
8739635b66536fa03afe7de68bfc4e39,Peace Health Medical Center,USA,Independent,www.peacehealth.org,HH2026077412019,77412019,Peace Health Medical Center,USA,10+
46e978c22ae5897bfb8976b0a155144d,"Pendo.Io, Inc.",USA,Parent,www.pendo.io,HH2026929576952,929576952,"Pendo.Io, Inc.",USA,20+
f5cbe817e6d03a90c79a46eb38e24aae,Pennsbury School District,USA,Parent,www.pennsburysd.org,HH2026077082071,77082071,Pennsbury School District,USA,500+
cf398d472a95b12a3c77d1b98c2ffee1,"Penumbra, Inc.",USA,Parent,www.penumbrainc.com,HH2026191077671,191077671,"Penumbra, Inc.",USA,50+
32df6627175d43338aae543b0c1ad952,People Corporation,Canada,Parent,www.peoplecorporation.com,HH2026243513962,243513962,People Corporation,Canada,50+
05ebd04b9308ec6a12e73c582762f989,Peralta Community College District,USA,Parent,www.peralta.edu,HH2026076567718,76567718,Peralta Community College District,USA,1000+
4c111e75ccca6310b87f9369827ab8ba,Performance Food Group Company,USA,Parent,www.performancefoodservice.com,HH2026079525714,79525714,Performance Food Group Company,USA,1000+
b548934320d43b63029f41b786de9c97,"Pernod Ricard Venezuela, C.A.",Venezuela,Subsidiary,www.pernod-ricard.com,HH2026275642270,886742329,"Pernod Ricard Venezuela, C.A.",Venezuela,200+
96be90681102b37da8699d8697b01f00,"Perry Homes, LLC",USA,Parent,www.perryhomes.com,HH2026824605906,824605906,"Perry Homes, LLC",USA,100+
f0821fb29182770cb32003d47091a73a,Peter-Lacke GmbH,Germany,Subsidiary,www.peter-lacke.com,HH2026317820942,313503791,Peter-Lacke GmbH,Germany,9
ffddb51b6fb8d4bd1094acf77437f8ef,Pfizer ApS,Denmark,Subsidiary,www.pfizer.dk,HH2026402167592,305078339,Pfizer ApS,Denmark,500+
2deaaac02adbbcc8651e71d14bfe7893,Pfizer B.V.,Netherlands,Subsidiary,www.pfizer.com,HH2026402167592,406634055,Pfizer B.V.,Netherlands,500+
7dae902393766351c07fe4a763881d09,Pfizer Inc.,USA,Parent,www.pfizer.com,HH2026001326495,1326495,Pfizer Inc.,USA,500+
da4fe6ee00366d5ed1e8be4a30a9488f,Pfizer Manufacturing Austria GmbH,Austria,Subsidiary,www.pfizer.at,HH2026402167592,300453240,Pfizer Manufacturing Austria GmbH,Austria,500+
7e8054d01dd9dbf1e5fd0abc9b039ecb,Pharmacyclics LLC,USA,Subsidiary,www.pharmacyclics.com,HH2026078458370,79857498,Pharmacyclics LLC,USA,100+
bbbf391c5eaae9bebdb12854b89eea3f,Pharming Group N.V.,Netherlands,Parent,www.pharming.com,HH2026412176158,412176158,Pharming Group N.V.,Netherlands,15+
2e65ca7960de95c587c87cd7583a9b7c,Piano Software GmbH,Germany,Subsidiary,www.piano.io,HH2026080844846,342644462,Piano Software GmbH,Germany,15+
31714b22dedea9ba0d6e2232a12f1550,Pilot Corporation,USA,Parent,www.pilotflyingj.com,HH2026049976186,49976186,Pilot Corporation,USA,1000+
4bd2e9a40f324e0e44a7821fd808b27,"Pitney Bowes Bank, Inc., The",USA,,www.pitneybowes.com,HH2026001161793,21212332,"Pitney Bowes Bank, Inc., The",USA,50+
2ca72e0bc5a3e6d8443ec942ca0a55bb,Pitney Bowes Inc.,USA,Parent,www.pitneybowes.com,HH2026001161793,1161793,Pitney Bowes Inc.,USA,50+
273a9cc23259345ef8e76817a76b49b4,Pitney Bowes of Canada Ltd,Canada,Subsidiary,www.pitneybowes.com,HH2026001161793,201731197,Pitney Bowes of Canada Ltd,Canada,50+
4764b3779f363c01bbe8ce13b89aa143,"Planned Parenthood Federation Of America, Inc.",USA,Parent,www.plannedparenthood.org,HH2026075203943,75203943,"Planned Parenthood Federation Of America, Inc.",USA,15+
754b785124c249f6916687274aa09378,"Planned Parenthood League Of Massachusetts, Inc.",USA,Parent,www.plannedparenthood.org,HH2026030812648,30812648,"Planned Parenthood League Of Massachusetts, Inc.",USA,10+
36d857ac166ef600b1cf29ce242c86ab,"Planned Parenthood Minnesota, North Dakota, South Dakota",USA,Parent,www.plannedparenthood.org,HH2026040965196,40965196,"Planned Parenthood Minnesota, North Dakota, South Dakota",USA,10+
6e335d19a0ecbf4baed4de6d7fe03a92,Planned Parenthood Of Greater Texas Family Planning And Preventative Health Services,USA,Independent,www.plannedparenthood.org,HH2026031669625,31669625,Planned Parenthood Of Greater Texas Family Planning And Preventative Health Services,USA,15+
6251d6fb6cdb93bfbee2734fbfec408,Planned Parenthood Of Greater Washington And North Idaho,USA,,www.plannedparenthood.org,HH2026135959641,135959641,Planned Parenthood Of Greater Washington And North Idaho,USA,10+
d213ea56767958bee0a62412963a205a,Planned Parenthood Of Metropolitan New Jersey Inc,USA,Parent,www.plannedparenthood.org,HH2026096877030,96877030,Planned Parenthood Of Metropolitan New Jersey Inc,USA,10+
dc0436602fae8c219b687cd5bd6cebfd,"Planned Parenthood Of South Florida And The Treasure Coast, Inc.",USA,Parent,www.plannedparenthood.org,HH2026966848280,966848280,"Planned Parenthood Of South Florida And The Treasure Coast, Inc.",USA,10+
e5de671dc99825ff2183a83ae407fcf5,Planned Parenthood Of Southwestern Oregon,USA,Parent,www.plannedparenthood.org,HH2026010732337,10732337,Planned Parenthood Of Southwestern Oregon,USA,10+
9a4254cda77ceb99671f67eb7909934,Planned Parenthood South Atlantic,USA,,www.plannedparenthood.org,HH2026110314622,110314622,Planned Parenthood South Atlantic,USA,15+
e41075c50a782bfc634054f94c6113f3,"Planned Parenthood Southeast, Inc.",USA,Parent,www.plannedparenthood.org,HH2026042797191,42797191,"Planned Parenthood Southeast, Inc.",USA,10+
7b9ceef53f44abc6febfde6b0c65b826,Planned Parenthood Southeastern Pennsylvania Advocates,USA,Parent,www.plannedparenthood.org,HH2026069891497,69891497,Planned Parenthood Southeastern Pennsylvania Advocates,USA,10+
a33cab466d1a40a3e4c21f7899bce10f,Planned Parenthood of Delaware Inc,USA,Parent,www.plannedparenthood.org,HH2026030308282,30308282,Planned Parenthood of Delaware Inc,USA,10+
4a04465499890d71641ae61774a51c8c,Planned Parenthood of Illinois,USA,Parent,www.plannedparenthood.org,HH2026067459347,67459347,Planned Parenthood of Illinois,USA,10+
524a83e40bd12b93fadab9a51ae9e646,"Planned Parenthood of Northern New England, Inc.",USA,Parent,www.plannedparenthood.org,HH2026020664637,20664637,"Planned Parenthood of Northern New England, Inc.",USA,15+
b192b69f1cae98f32ddb2197cfd9df3b,"Planned Parenthood of Northern, Central and Southern New Jersey, Inc.",USA,Parent,www.plannedparenthood.org,HH2026082987058,82987058,"Planned Parenthood of Northern, Central and Southern New Jersey, Inc.",USA,10+
bc4f48c488f5b052ceab4b1101003c05,"Planned Parenthood of Southern New England, Inc.",USA,Parent,www.plannedparenthood.org,HH2026072132368,72132368,"Planned Parenthood of Southern New England, Inc.",USA,15+
3653404a6631fb92f3be36c0c3b96ea0,Planned Parenthood of The Inland Northwest,USA,Parent,www.plannedparenthood.org,HH2026151462603,151462603,Planned Parenthood of The Inland Northwest,USA,10+
8ff828011547e36d7a8ae53d3b09ef23,Planned Parenthood of The Pacific Southwest,USA,Parent,www.plannedparenthood.org,HH2026072498686,72498686,Planned Parenthood of The Pacific Southwest,USA,15+
dfdfce404f8ceb421cc7ae85e61e9d0a,"Planned Parenthood: Shasta-diablo, Inc.",USA,Parent,www.plannedparenthood.org,HH2026051779304,51779304,"Planned Parenthood: Shasta-diablo, Inc.",USA,15+
ba899c977330ccf8b122c5e12d57fb41,"Platinum Performance, Inc.",USA,Subsidiary,www.platinumperformance.com,HH2026078579659,613345375,"Platinum Performance, Inc.",USA,100+
6ae8ae02b495e36435243c477deb7bed,Pluxee Deutschland GmbH,Germany,Subsidiary,www.pluxee.de,HH2026260184148,317257764,Pluxee Deutschland GmbH,Germany,100+
64f5496139036cd9365b85ee32f410d8,Point Loma Nazarene University,USA,Parent,www.pointloma.edu,HH2026078726247,78726247,Point Loma Nazarene University,USA,
b17ff683b1afc526b60bd912f1d3ce74,PointClickCare Corp,Canada,Parent,www.pointclickcare.com,HH2026243930281,243930281,PointClickCare Corp,Canada,50+
6bbc82b70b083f1d280915f8e3cf2fa,Port of Houston Authority,USA,,www.porthouston.com,HH2026008107914,8107914,Port of Houston Authority,USA,24+
54a6ebc99b75e7a244aead047ae3ad15,"PowerFleet, Inc.",USA,Parent,www.powerfleet.com,HH2026117156234,117156234,"PowerFleet, Inc.",USA,20+
2b9f189e18a6bfc4d6086db9b15652d2,Ppi Management Inc.,Canada,Parent,www.ppi.ca,HH2026203701599,203701599,Ppi Management Inc.,Canada,50+
88251fbd48dc4dd79167c7829a319438,"Prairie Lakes Health Care System, Inc.",USA,Parent,www.prairielakes.com,HH2026151590668,151590668,"Prairie Lakes Health Care System, Inc.",USA,20+
fae2864113651dfd17cdb3e5cc070951,"Premier Bankcard Holdings, LLC",USA,Subsidiary,www.premierbankcard.com,HH2026800765828,831808998,"Premier Bankcard Holdings, LLC",USA,24+
5076411b8c0b52f414eca1b21753eef8,"Premier Trailer Leasing, Inc.",USA,Subsidiary,www.premiertrailerleasing.com,HH2026020855314,602201290,"Premier Trailer Leasing, Inc.",USA,15+
ec007fc145f59bd05ebfbe32c9c84e07,"Premise Health, Inc.",USA,Independent,www.premisehealth.com,HH2026079718497,79718497,"Premise Health, Inc.",USA,100+
d14c78aa60ca029a30282dfda601bb7d,"PrimeSport, LLC",USA,Subsidiary,www.primesport.com,HH2026117081770,968017934,"PrimeSport, LLC",USA,24+
81abd8f345ecdb737b76844031eb21e4,Primoris Services Corporation,USA,,www.prim.com,HH2026606886054,80761894,Primoris Services Corporation,USA,500+
2e062987fd96466028e5505f5dde4e0d,Proact Deutschland GmbH,Germany,Subsidiary,www.proact.de,HH2026508395720,330877569,Proact Deutschland GmbH,Germany,20+
034b4bab13c9bb36dec815c384dc0e10,"Proofpoint, Inc.",USA,Subsidiary,www.proofpoint.com,HH2026118777273,135720063,"Proofpoint, Inc.",USA,100+
06234e2b0f4e0f858812b23819ac4cf5,"Prosper Marketplace, Inc.",USA,Parent,www.prosper.com,HH2026623441883,623441883,"Prosper Marketplace, Inc.",USA,10+
7d7e45bf199c3b8528682cccd8e1330c,Protiviti B.V.,Netherlands,Subsidiary,www.protiviti.com,HH2026043256403,414236955,Protiviti B.V.,Netherlands,100+
424e944c5e0206605bfad4e1b3dc743d,Protiviti GmbH,Germany,Subsidiary,www.protiviti.com,HH2026043256403,333482003,Protiviti GmbH,Germany,100+
8fbbba8ff95b1f19a9c78d375374a67c,"Prudential Financial, Inc.",USA,Parent,www.prudential.com,HH2026018300884,18300884,"Prudential Financial, Inc.",USA,100+
021145638eb52cf2627e4e8c8316452e,QAD (THAILAND) LIMITED,Thailand,Subsidiary,www.qad.com,HH2026118492613,660727223,QAD (THAILAND) LIMITED,Thailand,50+
8b5f4db05f67987c3af19792f9a396e9,QAD AUSTRALIA PTY LIMITED,Australia,Subsidiary,www.qad.com,HH2026118492613,752051078,QAD AUSTRALIA PTY LIMITED,Australia,50+
b709e8cd26000785331a01b7cafb7bcc,QAD INDIA PRIVATE LIMITED,India,Parent,www.qad.com,HH2026676115948,676115948,QAD INDIA PRIVATE LIMITED,India,50+
5feb6bf748d051e5a8b07ac9040efdf,QAD Inc.,USA,,www.qad.com,HH2026118492613,39561725,QAD Inc.,USA,50+
221da723429d9ba8a6838c946aab3ffd,QONTO SERVICES SA,France,Subsidiary,www.qonto.com,HH2026268037154,273844516,QONTO SERVICES SA,France,45+
939e98f4b83561c76b737c6196d2e363,QuadReal HK Services Limited,Hong Kong,Subsidiary,www.quadreal.com,HH2026251723813,664720921,QuadReal HK Services Limited,Hong Kong,45+
fab37b410303735edac60367f8d4f847,Quest Industrial LLC,USA,Subsidiary,www.questindustrial.com,HH2026616805719,785543823,Quest Industrial LLC,USA,200+
551743901efdac33c38cca548a009b42,RAC,India,Independent,www.rac.com,HH2026861135799,861135799,RAC,India,200+
2217eab8aaba3fe99435a87c06d86054,RAGE FRAMEWORKS INDIA PRIVATE LIMITED,India,Subsidiary,www.rageframeworks.com,HH2026875669538,915921983,RAGE FRAMEWORKS INDIA PRIVATE LIMITED,Japan,2000+
6d02f1afdad3ed2975b7296ed2cf3e77,"RAKUTEN CARD USA, INC.",USA,Subsidiary,www.rakuten.com,HH2026693928991,79868341,"RAKUTEN CARD USA, INC.",USA,15+
426208fe5f9abe8c2d0329f99166c5e5,RAKUTEN MARKETING BRAZIL LTDA.,Brazil,Independent,www.rakuten.com,HH2026902685008,902685008,RAKUTEN MARKETING BRAZIL LTDA.,Brazil,15+
500407bc27459aca9fbfdae46dac116c,RAMBOLL INDIA PRIVATE LIMITED,India,Subsidiary,www.ramboll.com,HH2026305444812,869481404,RAMBOLL INDIA PRIVATE LIMITED,Japan,1000+
821d36ed0ff4e44b7d83503b0d041028,RANDSTAD LIMITED,New Zealand,Subsidiary,www.randstad.co.nz,HH2026413860701,760963884,RANDSTAD LIMITED,New Zealand,45+
8711d69263ebff7b5845f52bdc43028,RATHBONES INVESTMENT MANAGEMENT LIMITED,United Kingdom,,www.rathbones.com,HH2026227060472,289163826,RATHBONES INVESTMENT MANAGEMENT LIMITED,United Kingdom,
85fc44fe6c5a36ba3ec9d056388eda52,RAYMARINE UK LIMITED,United Kingdom,Subsidiary,www.raymarine.com,HH2026112358432,733046366,RAYMARINE UK LIMITED,United Kingdom,600+
406529991c5d27f85dcd5d21731e907a,REA GROUP LTD,Australia,Parent,www.rea-group.com,HH2026751835109,751835109,REA GROUP LTD,Australia,24+
ecf8741fb284832baa8033941d4756d,RECKITT BENCKISER LIMITED,Mexico,,www.reckitt.com,HH2026215576498,212150593,RECKITT BENCKISER LIMITED,Mexico,100+
c44215d0951fa501d465761f8bf924f6,"RED ASIA-PACIFIC DESIGN SERVICES, INC.",Philippines,Independent,www.red-eng.com,HH2026721918118,721918118,"RED ASIA-PACIFIC DESIGN SERVICES, INC.",Philippines,50+
52d7b41f340d07aede61603b90d9e18c,REFINITIV MALAYSIA SDN. BHD.,Malaysia,Subsidiary,www.refinitiv.com,HH2026345594209,894135805,REFINITIV MALAYSIA SDN. BHD.,Malaysia,500+
97f9a4cb901f54c09d9377ab72337cf6,RELIABLE SOFTWARE SYSTEMS PRIVATE LIMITED,India,Parent,www.reliable.co.in,HH2026918583881,918583881,RELIABLE SOFTWARE SYSTEMS PRIVATE LIMITED,India,50+
5b560555066e4c967da157f3d35899fd,RELX INDIA PRIVATE LIMITED,India,Subsidiary,www.relx.com,HH2026210244596,918604211,RELX INDIA PRIVATE LIMITED,India,500+
7faaad1ee740b1a550b9f0490a4bcd3f,"RENAISSANCE NETWORK, INC.",USA,Independent,www.ren-network.com,HH2026948869961,948869961,"RENAISSANCE NETWORK, INC.",USA,15+
dc39e8f0b8797afd340c92d76f6cc9cb,"RENESAS SEMICONDUCTOR MANUFACTURING CO., LTD.",Japan,Subsidiary,www.renesas.com,HH2026698576225,691094122,ルネサス セミコンダクタ マニュファクチュアリング株式会社,Japan,
e5bd757108fb0b26fcc88c646a20878c,REPTON SCHOOL,United Kingdom,Independent,www.repton.org.uk,HH2026424025745,424025745,REPTON SCHOOL,United Kingdom,9
ee54e48a75c6dfe626401aa16d8a9f99,RESENE PAINTS LIMITED,New Zealand,Parent,www.resene.co.nz,HH2026590135976,590135976,RESENE PAINTS LIMITED,New Zealand,5000+
22a23a54467df553c3b24813089db9ab,RESOLUTION LIFE NEW ZEALAND LIMITED,New Zealand,Independent,www.resolutionlife.co.nz,HH2026748629769,748629769,RESOLUTION LIFE NEW ZEALAND LIMITED,New Zealand,10
a03f48e49181d6ebedba5fb6cb281ebf,RINGCENTRAL FRANCE,France,Subsidiary,www.ringcentral.com,HH2026149215928,272626384,RINGCENTRAL FRANCE,France,50+
44af970eb8e4a794cf674739ff42bd1b,RMIT UNIVERSITY VIETNAM LLC,Vietnam,Subsidiary,www.rmit.edu.vn,HH2026748381220,556413163,RMIT UNIVERSITY VIETNAM LLC,Vietnam,50+
679f765acf5c820ba564583699328bbc,ROADSURFER SPAIN SL.,Spain,Subsidiary,www.roadsurfer.com,HH2026314139203,469731461,ROADSURFER SPAIN SL.,Spain,100+
aa592cf08cb1cd2be04bfbefe6c9c9f9,ROBERT HALF LIMITED,Spain,,www.roberthalf.co.uk,HH2026043256403,212921238,ROBERT HALF LIMITED,Spain,100+
3a925278e970379815a82254474db6ec,ROOFTOP HOMES LIMITED,United Kingdom,Independent,www.rooftopgroup.org,HH2026211217912,211217912,ROOFTOP HOMES LIMITED,United Kingdom,1
e343e8832b2d3f1acd47621c7856e9ee,ROOFTOP HOUSING GROUP LIMITED,United Kingdom,Parent,www.rooftopgroup.org,HH2026234020753,234020753,ROOFTOP HOUSING GROUP LIMITED,United Kingdom,2
6d79da306c11c11cdc4237d4c207cc6e,ROOJAI COMPANY LIMITED,Thailand,Subsidiary,www.roojai.com,HH2026662104479,662249801,ROOJAI COMPANY LIMITED,Thailand,100+
bb8c0b160373fdfbd94ba7e800e7d7d4,ROXBURY PREPARATORY CHARTER SCHOOL,USA,Parent,www.roxburyprep.uncommonschools.org,HH2026039414714,39414714,ROXBURY PREPARATORY CHARTER SCHOOL,USA,100+
c73e2b2fd867ab3a5f834e413f1b85c4,"RSM US Canada, ULC",Canada,Independent,www.rsmcanada.com,HH2026203735159,203735159,"RSM US Canada, ULC",Canada,500+
97d2fcedb82bd247890861c2139f5209,Raiffeisen-IT GmbH,Germany,Parent,www.raiffeisen-it.com,HH2026326982337,326982337,Raiffeisen-IT GmbH,Germany,50+
23b32f2198cb24e764ff712939319733,Rain and Hail Insurance Service Inc,Canada,Subsidiary,www.rainhail.com,HH2026484799395,247182090,Rain and Hail Insurance Service Inc,Canada,24+
f3880101a3f25fb588c94c2a21017919,Rakuten Commerce LLC,USA,Subsidiary,www.rakuten.com,HH2026693928991,179299045,Rakuten Commerce LLC,USA,15+
a6e2bd9a8a62b4169d3196a3e676dad2,Ramboll Holding GmbH,Germany,Subsidiary,www.ramboll.com,HH2026305444812,342742345,Ramboll Holding GmbH,Germany,1000+
9930f6928ac9842286f401ff99213d4a,"Rave Wireless, Inc.",USA,Subsidiary,www.ravemobilesafety.com,HH2026001325463,784380144,"Rave Wireless, Inc.",USA,500+
8f972ce2f5cd8566f3d082430d4eb742,Reed City Area Public Schools,USA,Parent,www.reedcityschools.org,HH2026085899185,85899185,Reed City Area Public Schools,USA,2000+
f967167ecdc4dc635ed11f31508b6a88,"Regional Municipality of Waterloo, The",Canada,Parent,www.regionofwaterloo.ca,HH2026245122916,245122916,"Regional Municipality of Waterloo, The",Canada,24+
8ffd32ec4688b1761879a29c88b0c1c8,Reich Insurance,United Kingdom,Independent,www.reichinsurance.co.uk,HH2026228430823,228430823,Reich Insurance,United Kingdom,200+
fafc34eca7d747b9311e0cae93f72974,Repligen Corporation,USA,Parent,www.repligen.com,HH2026013308119,13308119,Repligen Corporation,USA,50+
e5edf8149a5af4d0b5599645bbfffe3b,Republic Indemnity Company of America,USA,Subsidiary,www.republicindemnity.com,HH2026799939913,188582977,Republic Indemnity Company of America,USA,
76f3ed4b5379a23f50eaceda9cf20d2b,"Republic National Industries of Texas, LP",USA,Subsidiary,www.republicelite.com,HH2026171992787,196820104,"Republic National Industries of Texas, LP",USA,2000+
9ceb23a106052a1d74d0852cd20b0b3a,"Richemont North America, Inc.",USA,Subsidiary,www.richemont.com,HH2026482040540,111058181,"Richemont North America, Inc.",USA,1000+
764003883a07f3e473bcc0597c4cd65,Richmond Community Schools,USA,,www.richmond.k12.mi.us,HH2026021087911,21087911,Richmond Community Schools,USA,1
0222deb7eb30935ae5515e7ae2e5ce70,Richmond R-xvi School District,USA,Parent,www.richmondspartans.org,HH2026034192096,34192096,Richmond R-xvi School District,USA,2
5c57ecbd3f2f637cd53914f9de9b31f7,"RingCentral, Inc.",USA,Parent,www.ringcentral.com,HH2026149215928,149215928,"RingCentral, Inc.",USA,50+
b03b38abb2907210c61260abffeb07f8,Riverside Physician Services Inc,USA,Parent,www.riversideonline.com,HH2026847992963,847992963,Riverside Physician Services Inc,USA,600+
bce105f6df422f8d1ac98a52de4932a,Roadsurfer GmbH,Germany,,www.roadsurfer.com,HH2026314139203,314139203,Roadsurfer GmbH,Germany,100+
2fdc6cec9d779a2107b6df2f578e1c36,Robert Half Office Team,United Kingdom,Independent,www.roberthalf.com,HH2026210324322,210324322,Robert Half Office Team,United Kingdom,50+
bd96c1dddf8625e390a2a48c4b05634,Rochester Community Unit School District 3a,USA,,www.rochester3a.net,HH2026193220282,193220282,Rochester Community Unit School District 3a,USA,1000+
4b417cfec8cfa9f481d504bf567f0bf4,Rogers School District #30,USA,Parent,www.rogersschools.net,HH2026030416895,30416895,Rogers School District #30,USA,9
6b225cf584025497984ac51091edc463,"Roofers Supply, Inc.",USA,Subsidiary,www.roofersutah.com,HH2026072271711,825938467,"Roofers Supply, Inc.",USA,200+
5ceae289fb983784e0a6dd25bd3b987f,"Rose International, Inc.",USA,Parent,www.roseint.com,HH2026803041466,803041466,"Rose International, Inc.",USA,100+
8c60892b61a6334b79771645a320b735,"Roskam Baking Company, LLC",USA,Parent,www.roskamfoods.com,HH2026006023162,6023162,"Roskam Baking Company, LLC",USA,100+
6dc049a51a3e2d1230cdccb5e9ede5f5,Roswell Park Alliance Foundation,USA,Independent,www.roswellpark.org,HH2026933086225,933086225,Roswell Park Alliance Foundation,USA,100+
2182c7543fd83dbc3e40d4b5d09e4e97,"Ryan Companies US, Inc.",USA,Parent,www.ryancompanies.com,HH2026068163195,68163195,"Ryan Companies US, Inc.",USA,200+
2c32e867e960ddd698731223c3de52cf,"Ryan, LLC",USA,Parent,www.ryan.com,HH2026788880441,788880441,"Ryan, LLC",USA,100+
3234b19b4cd7b7c289e63ceedd2c10be,S-Communication Services GmbH,Germany,Subsidiary,www.s-communication.de,HH2026315819045,328935981,S-Communication Services GmbH,Germany,35+
62f6b17dc85048d6d35a5ca4449a4d29,SABRE ZENON CYPRUS LIMITED,Cyprus,Subsidiary,www.sabre.com,HH2026370203732,357134852,SABRE ZENON CYPRUS LIMITED,Cyprus,100+
660049b89616df76c7652517105ff4ca,SACRED HEART COLLEGE,Australia,Independent,www.sacredheart.wa.edu.au,HH2026750076676,750076676,SACRED HEART COLLEGE,Australia,1
4d0eaccc3d433e8564241de79c307583,SAFE Sicherheitsunternehmen in Sachsen GmbH,Germany,Subsidiary,www.safe-sicherheit.de,HH2026317075980,312739337,SAFE Sicherheitsunternehmen in Sachsen GmbH,Germany,2000+
952fac0f0e16ce041d52aa5e45c92280,SAGE PUBLICATIONS INDIA PRIVATE LIMITED,India,Subsidiary,www.sagepub.com,HH2026009683194,915832442,SAGE PUBLICATIONS INDIA PRIVATE LIMITED,India,24+
0c892e25bb21b07df0fa20a2bdc489bd,SAILPOINT TECHNOLOGIES INDIA PRIVATE LIMITED,India,Subsidiary,www.sailpoint.com,HH2026080956628,874086532,SAILPOINT TECHNOLOGIES INDIA PRIVATE LIMITED,India,
919bc8e99b9a62d08273a3b7d34c547b,"SAINT LEO UNIVERSITY, INCORPORATED",USA,Parent,www.saintleo.edu,HH2026020987020,20987020,"SAINT LEO UNIVERSITY, INCORPORATED",USA,50+
036b1dabc6e29b17e2ba2ec7e057575f,SAINT LUKE'S COMMUNITY HOSPITAL - OLATHE,USA,Independent,www.saintlukeskc.org,HH2026031892095,31892095,SAINT LUKE'S COMMUNITY HOSPITAL - OLATHE,USA,500+
228bb0b631fb43425c55631aab5c94b0,SALESFORCE.COM INDIA PRIVATE LIMITED,India,Subsidiary,www.salesforce.com,HH2026493326304,677335807,SALESFORCE.COM INDIA PRIVATE LIMITED,India,20+
9f6168096f5a251ef96c46b39a12f7b,SAMSUNG ELECTRONICS (UK) LIMITED,Israel,,www.samsung.com,HH2026687967554,514459804,SAMSUNG ELECTRONICS (UK) LIMITED,Israel,600+
def1f03c4e50af969612457f27295f7b,SAMSUNG ELECTRONICS AUSTRALIA PTY LTD,Australia,Subsidiary,www.samsung.com.au,HH2026687967554,750236283,SAMSUNG ELECTRONICS AUSTRALIA PTY LTD,Australia,600+
879a2915e8a94a60b55fc8c9a8e2bdb9,SAMSUNG ELECTRONICS ITALIA SPA,Italy,Subsidiary,www.samsung.com,HH2026687967554,440065779,SAMSUNG ELECTRONICS ITALIA SPA,Italy,600+
83d396c27f8cfce6564bc8a553911210,SAMSUNG ELECTRONICS LIMITED,Israel,Subsidiary,www.samsung.com,HH2026687967554,514720002,SAMSUNG ELECTRONICS LIMITED,Israel,600+
6893f4a8d41bbac2c78a5f216cb36e4a,SAMSUNG ELECTRONICS WEST AFRICA LIMITED,Nigeria,Independent,www.samsung.com,HH2026561347791,561347791,SAMSUNG ELECTRONICS WEST AFRICA LIMITED,Nigeria,600+
76324fb9b5ef049b8ee9ebf4fc4d40a2,SANDISK INDIA DEVICE DESIGN CENTRE PRIVATE LIMITED,India,Subsidiary,www.sandisk.com,HH2026119242842,675926552,SANDISK INDIA DEVICE DESIGN CENTRE PRIVATE LIMITED,India,200+
5b359825d1b6492fa8a794fc41583416,SANDVIK AUSTRALIA PTY LTD,Australia,Subsidiary,www.sandvik.com,HH2026353937758,750473670,SANDVIK AUSTRALIA PTY LTD,Australia,400+
3c57ec496e300638c918e153592d4586,SANOFI - AVENTIS URUGUAY S.A.,Uruguay,Independent,www.sanofi.com.uy,HH2026966014532,966014532,SANOFI - AVENTIS URUGUAY S.A.,Uruguay,500+
652e8910be57d02f48dd0d1a56ed404d,SANOFI AVENTIS SA,Spain,Subsidiary,www.sanofi.com,HH2026739980787,462118043,SANOFI AVENTIS SA,Spain,100+
8dd76f21eb246f7cf37e696a45e353b2,SANOFI ISRaeL LTD,Israel,Subsidiary,www.sanofi.com,HH2026739980787,600047369,SANOFI ISRAEL LTD,Israel,100+
b639d3c099a15d168864695542f6239b,"SANOFI PASTEUR, INC.",Philippines,Subsidiary,www.sanofi.ph,HH2026739980787,718819717,"SANOFI PASTEUR, INC.",Philippines,24+
0e5d237d1cdc0a6256982fbfe50574f8,SANOFI SRL,Italy,Subsidiary,www.sanofi.com,HH2026739980787,438084196,SANOFI SRL,Italy,100+
cb15c59f56a15bc0950ed6586834a987,SANOFI WINTHROP INDUSTRIE,France,Subsidiary,www.sanofi.fr,HH2026739980787,380788398,SANOFI WINTHROP INDUSTRIE,France,500+
d1f92b278455c1350847f0409072a344,SANOFI-AVENTIS (MALAYSIA) SDN. BHD.,Malaysia,Subsidiary,www.sanofi.com.my,HH2026739980787,597036359,SANOFI-AVENTIS (MALAYSIA) SDN. BHD.,Malaysia,200+
7632e651abd83340e07038e07debab74,SANOFI-AVENTIS ARGENTINA S.A..,Argentina,Subsidiary,www.sanofi.com.ar,HH2026739980787,970007381,SANOFI-AVENTIS ARGENTINA S.A..,Argentina,100+
468f533c8f0fb8ec28064b20db51a0ff,SANOFI-AVENTIS GROUPE,United Arab Emirates,Independent,www.sanofi.com,HH2026561614442,561614442,SANOFI-AVENTIS GROUPE,United Arab Emirates,45+
248801479eae2c3ab0f833def59596e1,SANOFI-AVENTIS GmbH,Austria,Subsidiary,www.sanofi.com,HH2026739980787,303393961,SANOFI-AVENTIS GmbH,Austria,100+
6821acce4d0b918d050f71d8704decc5,SANOFI-AVENTIS MAROC,Morocco,Subsidiary,www.sanofi-aventis.com,HH2026739980787,557736044,SANOFI-AVENTIS MAROC,Morocco,24+
7f749016a50da4915a3f27f24b054f55,SANOFI-AVENTIS NEW ZEALAND LIMITED,New Zealand,Subsidiary,www.sanofi.com,HH2026739980787,590223723,SANOFI-AVENTIS NEW ZEALAND LIMITED,New Zealand,100+
4b0ed9d88656b6e5600da52821d31a1c,SANOFI-AVENTIS SINGAPORE PTE. LTD.,Singapore,Subsidiary,www.sanofi.com.sg,HH2026739980787,894630953,SANOFI-AVENTIS SINGAPORE PTE. LTD.,Singapore,24+
6ed865895d2d7b809b646ced31493a48,SANOFI-AVENTIS UKRAINA TOV,Ukraine,Subsidiary,www.sanofi.ua,HH2026739980787,365150611,SANOFI-AVENTIS UKRAINA TOV,Ukraine,500+
249d2416f0df93084925789ac8874361,SANTANDER CONSUMER BANK SPA,Italy,Subsidiary,www.santanderconsumer.it,HH2026461094070,437292568,SANTANDER CONSUMER BANK SPA,Italy,500+
801a07e420c3316f8bb2cfbff30730f6,SANTANDER GLOBAL TECHNOLOGY AND OPERATIONS SLU,Spain,Subsidiary,www.santanderglobaltech.com,HH2026461094070,862892366,SANTANDER GLOBAL TECHNOLOGY AND OPERATIONS SLU,Spain,500+
bd8301cc0077c3d6fae279e1f9928dd1,SANTANDER UK OPERATIONS LIMITED,United Kingdom,Subsidiary,www.santander.co.uk,HH2026461094070,221184893,SANTANDER UK OPERATIONS LIMITED,United Kingdom,500+
dc98260d7b443bf5557bc5827795152b,SAP (UK) LIMITED,United Kingdom,,www.sap.com,HH2026316268655,396951675,SAP (UK) LIMITED,United Kingdom,50+
4d797cc274b7050b44b1b809a24e1c70,SAP ARGENTINA S.A.,Argentina,Subsidiary,www.sap.com,HH2026316268655,971300009,SAP ARGENTINA S.A.,Argentina,50+
8181bdee8ef704346e70c3f7c1549bf3,"SAP Andina y del Caribe, C.A.",Venezuela,Subsidiary,www.sap.com,HH2026316268655,886713148,"SAP Andina y del Caribe, C.A.",Venezuela,50+
958e2891912340c91e72fcadb33942a4,SAP Az MMC,Azerbaijan,Subsidiary,www.sap.com,HH2026316268655,506866063,SAP Az MMC,Azerbaijan,50+
50bab2458de98e6c00d242f90e1e9db1,SAP Fioneer GmbH,Germany,Subsidiary,www.sapfioneer.com,HH2026343495809,340572576,SAP Fioneer GmbH,Germany,50+
37f539629c40c1fa7305bc778c66607f,SAP HELLAS MONOPROSOPI ANONYMI ETAIREIA SYSTIMATON EFARMOGON KAI PROIONTON PLIROFORIKIS,Greece,,www.sap.com,HH2026316268655,728536694,SAP HELLAS MONOPROSOPI ANONYMI ETAIREIA SYSTIMATON EFARMOGON KAI PROIONTON PLIROFORIKIS,Greece,50+
a81e94fea204cd56c1e2987e8507da28,SAP Nederland B.V.,Netherlands,Subsidiary,www.sap.com,HH2026316268655,410810758,SAP Nederland B.V.,Netherlands,50+
863059a4de9066b6b99f36a0468efe78,SAP SAUDI ARABIA SOFTWARE SERVICES LIMITED COMPANY,Saudi Arabia,,www.sap.com,HH2026316268655,557718256,SAP SAUDI ARABIA SOFTWARE SERVICES LIMITED COMPANY,Saudi Arabia,50+
4d9adbf3938e6382736266aa9f9ce39a,SAP d.o.o.,Slovenia,Subsidiary,www.sap.si,HH2026316268655,534419502,SAP d.o.o.,Croatia,50+
e09f15a2a9c4278d714c05118033b3ba,SAP osterreich GmbH,Austria,Subsidiary,www.sap.at,HH2026316268655,300779907,SAP Österreich GmbH,Austria,50+
308a8418efce2ef4e1c641a127838c79,SAPUTO DAIRY AUSTRALIA PTY LTD,Australia,,www.saputo.com,HH2026249462144,748623159,SAPUTO DAIRY AUSTRALIA PTY LTD,Australia,200+
6262679aeafe4f4749d55732c47c9cd2,SATAIR UK LIMITED,United Kingdom,Subsidiary,www.satair.com,HH2026403284867,494266166,SATAIR UK LIMITED,United Kingdom,2000+
7a9bcda339fd82addf2bf22511074318,SCANIA ARGENTINA S.A.U.,Argentina,Subsidiary,www.scania.com.ar,HH2026315016295,970243317,SCANIA ARGENTINA S.A.U.,Argentina,15+
724809151e759eace1a90fcd15ed4a01,SCANIA SLOVENIJA d.o.o.,Slovenia,Subsidiary,www.scania.si,HH2026315016295,552219123,SCANIA SLOVENIJA d.o.o.,Slovenia,15+
cbf27ccb22e125d90870d2164f6f86e2,SCHRODER INVESTMENT MANAGEMENT AUSTRALIA LIMITED,Australia,Subsidiary,www.schroders.com.au,HH2026239196673,750996837,SCHRODER INVESTMENT MANAGEMENT AUSTRALIA LIMITED,Australia,15+
57c9bd5adce625a664603089fd1bdfe4,SCHRODER INVESTMENT MANAGEMENT NORTH AMERICA LIMITED,United Kingdom,Subsidiary,www.schroders.com,HH2026239196673,769041963,SCHRODER INVESTMENT MANAGEMENT NORTH AMERICA LIMITED,United Kingdom,15+
79381b362c1ec146a48baef3f5504a35,SCHRODER PENSION TRUSTEE LIMITED,United Kingdom,Subsidiary,www.schroders.com,HH2026239196673,288316144,SCHRODER PENSION TRUSTEE LIMITED,United Kingdom,24+
22af9760f8e34766ecba4ecefa136e0f,SCO Family of Services,USA,Parent,www.sco.org,HH2026139269617,139269617,SCO Family of Services,USA,2000+
f38cac956a399d437352caf799d0698d,SCOR SERVICES ASIA-PACIFIC PTE. LTD.,Singapore,Subsidiary,www.scor.com,HH2026275359362,595305882,SCOR SERVICES ASIA-PACIFIC PTE. LTD.,Singapore,15+
3132811997d5c61ecdad631c8f4787a1,SCYNE ADVISORY PTY LTD,Australia,Subsidiary,www.scyne.com.au,HH2026756887068,744034960,SCYNE ADVISORY PTY LTD,Australia,24+
40b7104a4f98a9e5ccd8987a7a74bae4,SEC ONE d.o.o.,Bosnia and Herzegovina,Parent,www.securitas.com,HH2026672805210,672805210,SEC ONE d.o.o.,Bosnia and Herzegovina,35+
067e8dc029a17a1f69d9dc06ac29fab,SECURITAS SA HOLDINGS (PTY) LTD,South Africa,,www.securitas-rsa.co.za,HH2026355790924,652867314,SECURITAS SA HOLDINGS (PTY) LTD,South Africa,20+
e18dd5dea548b8a0888695b69aabcf8b,SECURITAS TECHNOLOGY IRELAND LIMITED,Ireland,Subsidiary,www.securitastechnology.com,HH2026355790924,988022778,SECURITAS TECHNOLOGY IRELAND LIMITED,Ireland,35+
04a7c3ef82475e51673eb6492ff78ffa,SENSUS USA INC.,USA,Subsidiary,www.sensus.com,HH2026968848734,620664599,SENSUS USA INC.,USA,500+
c5b5cdabd8d5b57a29cc31d9edf73449,SEQIRUS PTY LTD,Australia,Subsidiary,www.seqirus.com.au,HH2026753243823,747286735,SEQIRUS PTY LTD,Australia,1000+
7950ad0fc2b27e48debd31c22a4ae774,SEVERN TRENT WATER LIMITED,United Kingdom,Subsidiary,www.severntrent.com,HH2026237760236,769319310,SEVERN TRENT WATER LIMITED,United Kingdom,30+
3ac205ea860b31423b13de479e94ddbb,SGG INDIA OVERSEAS PRIVATE LIMITED,India,Parent,www.sgggroup.com,HH2026874198464,874198464,SGG INDIA OVERSEAS PRIVATE LIMITED,India,10+
8d3df49934535be752939000a1ee3118,SHARP BUSINEss SYSTEMS FRANCE,France,Subsidiary,www.sharp.fr,HH2026690536925,380366153,SHARP BUSINESS SYSTEMS FRANCE,France,50+
c6be62083dde02b98b05f211f48d100e,SHARP CORPORATION OF AUSTRALIA PTY LTD,Australia,Subsidiary,www.sharp.net.au,HH2026690536925,750604100,SHARP CORPORATION OF AUSTRALIA PTY LTD,Australia,2000+
9a610ace2e8aa2954cbed77e218a77a7,SIBELCO AUSTRALIA PTY LTD,Australia,Subsidiary,www.sibelco.com.au,HH2026740505037,750857369,SIBELCO AUSTRALIA PTY LTD,Australia,100+
f94515981ceb11930707656cb755ad2b,SIBELCO FRANCE,France,Subsidiary,www.sibelco.com,HH2026370145732,276925880,SIBELCO FRANCE,France,100+
fcdf42fe484259cac9c040a6935d6f70,SIBELCO INDIA MINERALS PRIVATE LIMITED,India,Subsidiary,www.sibelco.com,HH2026370145732,863362541,SIBELCO INDIA MINERALS PRIVATE LIMITED,India,100+
9efc17965e5a37ae65ea5113bb380621,SIBELCO MINERALS AND CHEMICALS (HOLDINGS) LIMITED,United Kingdom,Subsidiary,www.sibelco.com,HH2026370145732,216808220,SIBELCO MINERALS AND CHEMICALS (HOLDINGS) LIMITED,United Kingdom,100+
36bf2af2a67da89f78ca3a660819328d,SIEMENS (PTY) LTD,South Africa,Subsidiary,www.siemens.com,HH2026316067164,539052963,SIEMENS (PTY) LTD,South Africa,1000+
a106b6fbd559c14d7280a0ce25f0c0f1,SIEMENS BRASIL LTDA,Brazil,Subsidiary,www.siemens.com,HH2026316067164,896912304,SIEMENS BRASIL LTDA,Brazil,1000+
bf7aada6ea816d0bfef6ed11b277f6bf,SIEMENS ELECT. & ELECTRONICS SERVICES K.S.C.C.,Kuwait,Independent,www.siemens.com,HH2026557670752,557670752,SIEMENS ELECT. & ELECTRONICS SERVICES K.S.C.C.,Kuwait,1000+
cd737862dc60bd8eae9feae7b4991a74,SIEMENS ENERGY BRASIL LTDA.,Brazil,Subsidiary,www.siemens-energy.com,HH2026313797467,897007209,SIEMENS ENERGY BRASIL LTDA.,Brazil,2000+
6f16e6811d1935e352850e5417603fc9,SIEMENS ENERGY INDUSTRIAL TURBOMACHINERY INDIA PRIVATE LIMITED,India,Subsidiary,www.siemens-energy.com,HH2026313797467,862257446,SIEMENS ENERGY INDUSTRIAL TURBOMACHINERY INDIA PRIVATE LIMITED,Hungary,2000+
822e5622a29f10776d75a86afcb0d6f8,SIEMENS ENERGY INDUSTRIAL TURBOMACHINERY LE HAVRE S.A.S.,France,,www.siemens-energy.com,HH2026313797467,275367019,SIEMENS ENERGY INDUSTRIAL TURBOMACHINERY LE HAVRE S.A.S.,France,2000+
b8f28966b5af1376ff498754eb38fc5b,SIEMENS ENERGY LIMITED,Thailand,Subsidiary,www.siemens.com,HH2026313797467,659763692,SIEMENS ENERGY LIMITED,Thailand,1000+
9c032de05ebeadb7db3d7166d22b4d85,SIEMENS ENERGY S.A.,Argentina,Subsidiary,www.siemens-energy.com,HH2026313797467,970000576,SIEMENS ENERGY S.A.,Argentina,2000+
7bc2d23ddc233278a20b884d6cf6e539,SIEMENS ENERGY SDN. BHD.,Malaysia,Subsidiary,www.siemens-energy.com,HH2026313797467,659303815,SIEMENS ENERGY SDN. BHD.,Malaysia,2000+
fd7be63199f88377a3fbe141d28e599c,SIEMENS FINANCIAL SERVICES PRIVATE LIMITED,India,Subsidiary,www.siemens.com,HH2026316067164,650541936,SIEMENS FINANCIAL SERVICES PRIVATE LIMITED,India,1000+
f96c402435f87d0ef81190f79855c0bf,SIEMENS GAMESA RENEWABLE ENERGY B.V.,Netherlands,Subsidiary,www.siemensgamesa.com,HH2026313797467,492118409,Siemens Gamesa Renewable Energy B.V.,Netherlands,2000+
fcaa434ad76e4ae9a4032b6878520781,"SIEMENS GAMESA RENEWABLE ENERGY BLADES, S.A.",Portugal,Subsidiary,www.siemensgamesa.com,HH2026313797467,337515505,"SIEMENS GAMESA RENEWABLE ENERGY BLADES, S.A.",Portugal,2000+
bb2e9f1d1ebf5b94a3208d985a037512,SIEMENS GAMESA RENEWABLE ENERGY GMBH & CO. KG,Germany,Subsidiary,www.siemensgamesa.com,HH2026313797467,313793035,Siemens Gamesa Renewable Energy GmbH & Co. KG,Germany,2000+
ae9ff819eab35c6f0cb0766f9a91e71f,SIEMENS GAMESA RENEWABLE ENERGY S.A.S.,France,Subsidiary,www.siemensgamesa.com,HH2026313797467,268334830,SIEMENS GAMESA RENEWABLE ENERGY S.A.S.,France,2000+
3493a10cea22c0a73e8fb08c5491d8db,SIEMENS GAMESA RENEWABLE ENERGY S.R.L.,Uruguay,Subsidiary,www.siemensgamesa.com,HH2026313797467,966023223,SIEMENS GAMESA RENEWABLE ENERGY S.R.L.,Uruguay,2000+
f3ee643b176ff0442e5efe43a81f0b4c,SIEMENS GAMESA RENEWABLE ENERGY WIND SRL,Italy,Subsidiary,www.siemens-energy.com,HH2026313797467,561012621,SIEMENS GAMESA RENEWABLE ENERGY WIND SRL,Italy,2000+
3479511e56147d0d18ce405432ae6db3,SIEMENS HEALTHCARE SAGLIK ANONIM SIRKETI,Turkey,Subsidiary,www.siemens.com,HH2026316067164,533118281,SIEMENS HEALTHCARE SAGLIK ANONIM SIRKETI,Turkey,1000+
437598d196b988ce0397c7b144a997eb,SIEMENS LIMITED,Hong Kong,,www.siemens.co.in,HH2026316067164,863363881,SIEMENS LIMITED,Hong Kong,1000+
66d576e26778c42f5da8730ea5771618,SIEMENS MOBILITY SOLUCOES DE MOBILIDADE LTDA.,Brazil,Parent,www.siemens.com,HH2026945988950,945988950,SIEMENS MOBILITY SOLUCOES DE MOBILIDADE LTDA.,Brazil,1000+
fe200100eff0486079df83f8a33e97a2,SIEMENS S.A.,Argentina,Subsidiary,www.siemens.com,HH2026316067164,973248662,SIEMENS S.A.,Chile,1000+
3d072f255f9125fa7b1bbf1d8dc2c123,SIEMENS S.A.S,France,Subsidiary,www.siemens.com,HH2026316067164,275354322,SIEMENS S.A.S,France,1000+
b27a9c4d02b9741c7c7cdc21206150b8,SIGNIFY AUSTRALIA LIMITED,Australia,Parent,www.signify.com,HH2026743996737,743996737,SIGNIFY AUSTRALIA LIMITED,Australia,200+
9dc8ac2a3e93f130b39ffded66faee20,SIGNIFY EGYPT LLC,Egypt,Subsidiary,www.signify.com,HH2026491893287,813079417,SIGNIFY EGYPT LLC,Egypt,200+
7d35b58b972290763921bc9b960c498d,SIGNIFY HELLAS S.A.,Greece,Subsidiary,www.signify.com,HH2026491893287,523533986,SIGNIFY HELLAS SOCIETE ANONYME,Greece,200+
23a61337b2cbd1f605667e52f47d006f,SIGNIFY IBERIA SL.,Spain,Subsidiary,www.signify.com,HH2026491893287,462016320,SIGNIFY IBERIA SL.,Spain,200+
ee0527689f2aca547c0062f2f14fac82,SIGNIFY ILUMINACAO BRASIL LTDA.,Brazil,Parent,www.signify.com.br,HH2026914771860,914771860,SIGNIFY ILUMINACAO BRASIL LTDA.,Brazil,200+
39e4e25dd8f26d602df1b9fe64d155a,SIGNIFY INNOVATIONS INDIA LIMITED,India,,www.signify.com,HH2026491893287,876752917,SIGNIFY INNOVATIONS INDIA LIMITED,India,200+
c74432766f7db4a1df619d0331b7a12c,SIGNIFY MALAYSIA SDN. BHD.,Malaysia,Subsidiary,www.signify.com,HH2026491893287,534415244,SIGNIFY MALAYSIA SDN. BHD.,Malaysia,200+
3d127e3c4685855b8717b41d123a26b4,SIGNIFY NEW ZEALAND LIMITED,New Zealand,Subsidiary,www.signify.com,HH2026491893287,590122990,SIGNIFY NEW ZEALAND LIMITED,New Zealand,200+
a183fbb55946e95a359d12b14141401d,SIGNIFY NORTH AMERICA CORPORATION,USA,Subsidiary,www.signify.com,HH2026491893287,12702812,SIGNIFY NORTH AMERICA CORPORATION,USA,200+
5314bc8798232ff8c15effcb21139a2a,"SIGNIFY PHILIPPINES, INC.",Philippines,Subsidiary,www.signify.com,HH2026491893287,718681364,"SIGNIFY PHILIPPINES, INC.",Philippines,200+
89b0190bcd73e5170b743b7b3847b2e4,SIGNIFY POLAND SP Z O O,Poland,Subsidiary,www.signify.com,HH2026491893287,366146718,SIGNIFY POLAND SP Z O O,Poland,200+
dd0cf1bd790c147f6996e12ff4d89d7a,"SIGNIFY PORTUGAL, UNIPEssOAL, LDA",Portugal,Subsidiary,www.signify.com,HH2026491893287,338143524,"SIGNIFY PORTUGAL, UNIPESSOAL, LDA",Portugal,200+
0ab2e5135e650a8b415a3e7a17c4f9b8,SIGNIFY VIETNAM LIMITED,Vietnam,Subsidiary,www.signify.com,HH2026491893287,555289354,SIGNIFY VIETNAM LIMITED,Vietnam,200+
6e135b334bf3ffa8ef4cdd0e0a87af97,SIMON & SCHUSTER (UK) LIMITED,United Kingdom,Subsidiary,www.simonandschuster.co.uk,HH2026230878714,216819391,SIMON & SCHUSTER (UK) LIMITED,United Kingdom,100+
bb07f2d53048ac165ce64bc3855ee14d,SIMPSON MILLAR LLP,United Kingdom,Parent,www.simpsonmillar.co.uk,HH2026346894939,346894939,SIMPSON MILLAR LLP,United Kingdom,2000+
85b41133d3b7b49dcf083b16150366e2,SIMPSON STRONG-TIE EUROPE,France,Subsidiary,www.simpson.fr,HH2026009156449,896662558,SIMPSON STRONG-TIE EUROPE,France,100+
0cfc9f41df529aef34897f7b04c9cf6b,SIMS GLOBAL COMMODITIES PTE. LTD.,Singapore,Subsidiary,www.simsltd.com,HH2026753759091,659276091,SIMS GLOBAL COMMODITIES PTE. LTD.,Singapore,24+
68e31aa2a07067f6503db3abc10a1ba6,SIMS LIMITED,Australia,Parent,www.simsltd.com,HH2026753759091,753759091,SIMS LIMITED,Australia,35+
d4bc890ff81519fa4db7cde7f86e389a,SINCLAIR PHARMACEUTICALS LIMITED,United Kingdom,Subsidiary,www.sinclair.com,HH2026654666312,217331370,SINCLAIR PHARMACEUTICALS LIMITED,United Kingdom,35+
9c279cb716626b347ac3d5c9077ac7c4,SINGAPORE HEALTH SERVICES PTE LTD,Singapore,,www.singhealth.com.sg,HH2026595950213,894691005,SINGAPORE HEALTH SERVICES PTE LTD,Singapore,300+
23fdf99bb8b4b00e161cf711bd835d04,SINGHEALTH,Singapore,Subsidiary,www.singhealth.com.sg,HH2026595950213,595248023,SINGHEALTH,Singapore,300+
57caccfb24a009391bf08e3c45f6352e,SINGHEALTH POLYCLINICS,Singapore,Subsidiary,www.singhealth.com.sg,HH2026595950213,894693191,SINGHEALTH POLYCLINICS,Singapore,300+
0e09347802c78ac477da5fb07734b019,SIRIUSPOINT INTERNATIONAL INSURANCE CORPORATION (PUBL),United Kingdom,Subsidiary,www.siriuspt.com,HH2026875675373,230220712,SIRIUSPOINT INTERNATIONAL INSURANCE CORPORATION (PUBL),United Kingdom,24+
214d83a6676ab90df42dd8b7fe746157,SKY AUTOMATION,India,Independent,www.skyautomation.in,HH2026863807902,863807902,SKY AUTOMATION,India,30+
c31155e4a39c260f5cac0502876b1676,SKY CHANNEL PTY. LTD.,Australia,,www.skyracing.com.au,HH2026754362002,750348344,SKY CHANNEL PTY. LTD.,Australia,35+
47e7c7d1998fa53e9a30457bdaab95ec,SKY NETWORK TELEVISION LIMITED,New Zealand,Parent,www.sky.co.nz,HH2026593059231,593059231,SKY NETWORK TELEVISION LIMITED,New Zealand,35+
cfb04af1a5e5e6d2d89ba4988c21296c,SKYCELL,India,Parent,www.skycell.in,HH2026862584925,862584925,SKYCELL,India,15+
55a13c3df0a5dda65ad310a0a176fe7d,SLR CONSULTING AFRICA (PTY) LTD,South Africa,Independent,www.slrconsulting.com,HH2026637169459,637169459,SLR CONSULTING AFRICA (PTY) LTD,South Africa,100+
adbfda47ac10c30dd35e5f3e42fda5d9,SLR CONSULTING AUSTRALIA PTY LTD,Australia,Subsidiary,www.slrconsulting.com,HH2026118996101,751263443,SLR CONSULTING AUSTRALIA PTY LTD,Australia,200+
36d237ceeda78321ef0cd5dd48147dc3,SLR CONSULTING SOUTH AFRICA (PTY) LTD,South Africa,Independent,www.slrconsulting.com,HH2026538423597,538423597,SLR CONSULTING SOUTH AFRICA (PTY) LTD,South Africa,100+
43e8804f538ab6329e00261b88aeff05,SLR Consulting (Canada) Ltd,Canada,Subsidiary,www.slrconsulting.com,HH2026118996101,248818239,SLR Consulting (Canada) Ltd,Canada,100+
76464043ffb1a4dac0f414fb62407115,SLR HOLDINGS NZ LIMITED,New Zealand,Subsidiary,www.slrconsulting.com,HH2026118996101,591199620,SLR HOLDINGS NZ LIMITED,New Zealand,200+
9791a2826d7d309b69fa6486e9389972,SMARTESTENERGY LIMITED,United Kingdom,Subsidiary,www.smartestenergy.com,HH2026690541263,519877612,SMARTESTENERGY LIMITED,United Kingdom,3
cc1410577fe6949956b0fba8345465bf,SMITH & NEPHEW HEALTHCARE PRIVATE LIMITED,India,Subsidiary,www.smith-nephew.com,HH2026210272498,650681836,SMITH & NEPHEW HEALTHCARE PRIVATE LIMITED,India,300+
7cad7e5f250675d9670d86c53e670b30,SMITH & NEPHEW PLC,United Kingdom,Parent,www.smith-nephew.com,HH2026210272498,210272498,SMITH & NEPHEW PLC,United Kingdom,300+
31d0732a1bd8de0c653db26a44910465,SMITH & NEPHEW TRADING GROUP LIMITED,United Kingdom,Subsidiary,www.smith-nephew.com,HH2026210272498,213165046,SMITH & NEPHEW TRADING GROUP LIMITED,United Kingdom,300+
4457f978048534ee72bf53b306afe186,SMR AUTOMOTIVE AUSTRALIA PTY LIMITED,Australia,Subsidiary,www.smr-automotive.com,HH2026650106917,756113478,SMR AUTOMOTIVE AUSTRALIA PTY LIMITED,Australia,300+
5b9cecbef2765c91064a6d169efd8d4b,SMR AUTOMOTIVE MIRRORS UK LIMITED,United Kingdom,Subsidiary,www.smr-automotive.com,HH2026650106917,239138352,SMR AUTOMOTIVE MIRRORS UK LIMITED,United Kingdom,300+
9f8f28a1883cec0356e77492fc99618d,SMR AUTOMOTIVE SYSTEM SOLUTIONS FRANCE SAS,France,Subsidiary,www.smr-automotive.com,HH2026650106917,275510071,SMR AUTOMOTIVE SYSTEM SOLUTIONS FRANCE SAS,France,300+
49131a99f4d6183f855f06405fce361f,SMR AUTOMOTIVE SYSTEMS SPAIN S.A.U,Spain,Subsidiary,www.smr-automotive.com,HH2026650106917,468435664,SMR AUTOMOTIVE SYSTEMS SPAIN S.A.U,Spain,300+
7559154749958d30f4b036282d7810a7,SMR Automotive Systems USA Inc.,USA,Subsidiary,www.smr-automotive.com,HH2026650106917,607557782,SMR Automotive Systems USA Inc.,USA,300+
8354b258d60069c53401fa22cf1364b6,SMRC AUTOMOTIVE INTERIORS SPAIN SL,Spain,Subsidiary,www.smrc-automotive.com,HH2026650106917,461727518,SMRC AUTOMOTIVE INTERIORS SPAIN SL,Spain,300+
226e43329b765f044d6bdaf8341d9315,SMRC AUTOMOTIVE MODULES FRANCE SAS,France,Subsidiary,www.smrc-automotive.com,HH2026650106917,378607543,SMRC AUTOMOTIVE MODULES FRANCE SAS,France,300+
e12d72116ef0a634d71eedaff0bf515b,SMRC AUTOMOTIVE TECH ARGENTINA S.A.,Argentina,Subsidiary,www.smrc-automotive.com,HH2026650106917,979424066,SMRC AUTOMOTIVE TECH ARGENTINA S.A.,Argentina,300+
27e5e31da3babba4ab2e3faafb66ef10,SMRC Automotive Solutions Slovakia s. r. o.,Slovakia,Subsidiary,www.smrc-automotive.com,HH2026650106917,495034794,SMRC Automotive Solutions Slovakia s. r. o.,Slovakia,300+
ac988f8cbe30ef4e2e821f6f36f80d7c,SNOW COMPANIES LLC,USA,Subsidiary,www.snow-companies.com,HH2026147857429,134362420,SNOW COMPANIES LLC,USA,1000+
f4a8113c3351c2b583161a3722252105,SOCIETE GENERALE GLOBAL SOLUTION CENTRE PRIVATE LIMITED,India,Subsidiary,www.societegenerale.com,HH2026275267813,918485095,SOCIETE GENERALE GLOBAL SOLUTION CENTRE PRIVATE LIMITED,India,200+
f9694104e648c130db29fae52378a491,SOCIETE GENERALE S.A.,Ireland,Subsidiary,www.societegenerale.com,HH2026275267813,985106306,SOCIETE GENERALE S.A.,Canada,200+
b721ce02ae816d410d8d7be16dd4abe4,SOLNET SOLUTIONS LIMITED,New Zealand,Subsidiary,www.solnet.co.nz,HH2026985015354,594858714,SOLNET SOLUTIONS LIMITED,New Zealand,1000+
80e45a85509941b645048924d9695c96,SONI POLYMERS PRIVATE LIMITED,India,Parent,www.soniofficemate.com,HH2026725529684,725529684,SONI POLYMERS PRIVATE LIMITED,India,7
a0a93be134bb13b638fabcfac9155cf0,SONY BB LIMITED,United Kingdom,Subsidiary,www.sonymusic.co.uk,HH2026690553649,220379300,SONY BB LIMITED,United Kingdom,10+
f0475564eb7cdfb29044f5b4acb609e6,SOPRA STERIA GROUP SPA,Italy,Subsidiary,www.soprasteria.com,HH2026272786682,443270582,SOPRA STERIA GROUP SPA,Italy,1000+
4384bce65c2bf690d36285764774785f,SOS International Ltd.,USA,Parent,www.sosi.com,HH2026869190355,869190355,SOS International Ltd.,USA,300+
7aae1cdfbc25d906411c45b2f2861df9,SOTI INDIA PRIVATE LIMITED,India,Subsidiary,www.soti.net,HH2026037807749,874192093,SOTI INDIA PRIVATE LIMITED,India,50+
b3fdf7b6525321c2dfc1eaed10621ed3,SOTI IRELAND LIMITED,Ireland,Parent,www.soti.net,HH2026985705949,985705949,SOTI IRELAND LIMITED,Ireland,50+
e4d299f7c48712e3435da3af1e67871b,SOUTHDOWN HOUSING ASSOCIATION LIMITED,United Kingdom,Independent,www.southdown.org,HH2026232065847,232065847,SOUTHDOWN HOUSING ASSOCIATION LIMITED,United Kingdom,10+
801e0f7e6d5a5d960af2ed2d84f1c315,SPACE DC PTE. LTD.,Singapore,Subsidiary,www.spacedc.com,HH2026659541535,659541539,SPACE DC PTE. LTD.,Singapore,30+
a189627af2f4fd8f4468243f674e5147,SPECTRO ANALYTICAL LABS PRIVATE LIMITED,India,Subsidiary,www.spectro.in,HH2026400870870,915839828,SPECTRO ANALYTICAL LABS PRIVATE LIMITED,India,2000+
b3c569efba60348c0901a56204cb6eef,SPS Switzerland AG,Switzerland,Subsidiary,www.spsglobal.com,HH2026224643835,481114986,SPS Switzerland AG,Switzerland,50+
8096664cd201a82a4f0bbe98c754efd2,STANFORD HEALTH CARE,USA,Independent,www.stanfordhealthcare.org,HH2026081226737,81226737,STANFORD HEALTH CARE,USA,400+
57a1e1ef6d60b9664a7fabd6baf63800,STERLING INFORMATION RESOURCES INDIA PRIVATE LIMITED,India,Subsidiary,www.sterlingcheck.com,HH2026123117595,676113097,STERLING INFORMATION RESOURCES INDIA PRIVATE LIMITED,India,50+
79566b9d51e9f194c55237ce03790a58,STERLING PHARMA SOLUTIONS LIMITED,United Kingdom,Subsidiary,www.sterlingpharmasolutions.com,HH2026230384734,349157623,STERLING PHARMA SOLUTIONS LIMITED,United Kingdom,15+
0aa6e68d12fada59dd9a8e3708459cdd,STERLING TOOLS LIMITED,India,Parent,www.sterlingfabory.com,HH2026650224348,650224348,STERLING TOOLS LIMITED,India,50+
4bc19196dfd0e1c02b212706fa1732f1,STIBO SYSTEMS INDIA PRIVATE LIMITED,India,Subsidiary,www.stibosystems.com,HH2026306130444,877394942,STIBO SYSTEMS INDIA PRIVATE LIMITED,India,8
06a45cb0e9592ecf79ce82e4d4623fa1,STONEHAGE FLEMING FINANCIAL SERVICES HOLDINGS LIMITED,United Kingdom,Subsidiary,www.stonehagefleming.com,HH2026229438885,221471249,STONEHAGE FLEMING FINANCIAL SERVICES HOLDINGS LIMITED,United Kingdom,100+
817e8257472a54ad8309c2a3f180f71d,STONEHAGE FLEMING SOUTH AFRICA (PTY) LTD,South Africa,Independent,www.stonehagefleming.com,HH2026652934095,652934095,STONEHAGE FLEMING SOUTH AFRICA (PTY) LTD,South Africa,100+
ddc0c74b9d3292113fc93d49b74512eb,STRYKER AUSTRALIA PTY LTD,Australia,Subsidiary,www.stryker.com,HH2026005373089,751112541,STRYKER AUSTRALIA PTY LTD,Australia,300+
68ed76395a1249c4de89de9cca30201c,STRYKER EUROPEAN OPERATIONS LIMITED,Ireland,Parent,www.stryker.com,HH2026985724161,985724161,STRYKER EUROPEAN OPERATIONS LIMITED,Ireland,300+
7ab15d533f99477ace9922a0cfd6a31,STRYKER INDIA PRIVATE LIMITED,India,,www.stryker.com,HH2026005373089,859659915,STRYKER INDIA PRIVATE LIMITED,India,300+
dd5dfb9a6b0affec2ba011c01829bc6e,STRYKER JAPAN K.K.,Japan,Parent,www.stryker.com,HH2026690576392,690576392,日本ストライカー株式会社,Mexico,300+
40dc235dcbae11c7f525651c0a15312e,STRYKER SPINE,France,Subsidiary,www.stryker.com,HH2026489664186,264351396,STRYKER SPINE,France,300+
9e785c9ee360d108b2fc65ddb46d16dd,SULZER BRASIL S A,Brazil,Subsidiary,www.sulzer.com.br,HH2026480004993,899248868,SULZER BRASIL S A,Brazil,300+
52e1fc9d869fc2508620562626c6c8d8,SUN LIFE GLOBAL SOLUTIONS PRIVATE LIMITED,India,Subsidiary,www.sunlife.com,HH2026259984052,650298073,SUN LIFE GLOBAL SOLUTIONS PRIVATE LIMITED,India,200+
890d006041615848be8e398aadb0205f,SUN LIFE INFORMATION SERVICES IRELAND LIMITED,Ireland,Subsidiary,www.sunlife.ie,HH2026259984052,989586235,SUN LIFE INFORMATION SERVICES IRELAND LIMITED,Ireland,200+
10ca5d8c782ab11c45e5f92b46f6067,SUN LIFE VIETNAM INSURANCE COMPANY LIMITED,Vietnam,,www.sunlife.com.vn,HH2026259984052,555229397,SUN LIFE VIETNAM INSURANCE COMPANY LIMITED,Vietnam,200+
bda22b907f4e6c2a38aef8e4f41140f4,SUNCORP GROUP LIMITED,Australia,Parent,www.suncorpgroup.com.au,HH2026744642687,744642687,SUNCORP GROUP LIMITED,Australia,20+
0e8a3bc3c673fe0c6df439abbd22956f,SWARCO AG,Austria,Subsidiary,www.swarco.com,HH2026301675195,300728610,SWARCO AG,Austria,100+
f2a295ee77d6d6cf36af0e184dbf821f,SWARCO VESTGLAS GmbH,Germany,Subsidiary,www.swarco.com,HH2026301675195,325833127,SWARCO VESTGLAS GmbH,Germany,100+
2a803d2bf1b67b373b17a3e70ebedcbb,SWIssPORT CARGO SERVICES UK LTD,United Kingdom,Subsidiary,www.swissport.com,HH2026372143738,345663942,SWISSPORT CARGO SERVICES UK LTD,United Kingdom,10+
70189ba8e94c696a56916386c8d92276,SWIssPORT KENYA LIMITED,Kenya,Subsidiary,www.swissport.com,HH2026372143738,552639734,SWISSPORT KENYA LIMITED,Kenya,10+
c3c935a000b6b4b4025a79ff4c46e859,SYNCHROGENIX PHILIPPINES INC.,Philippines,Subsidiary,www.synchrogenix.com,HH2026117768310,722335304,SYNCHROGENIX PHILIPPINES INC.,Philippines,15+
042e7731d34a166e6fdd8469327fa6fa,SYNGENTA JAPAN K.K.,Japan,Subsidiary,www.syngenta.co.jp,HH2026699489765,691721435,シンジェンタジャパン株式会社,Japan,400+
0cc34442f2ed51ebb6fe882ad62f1d3e,SYNOPSYS (INDIA) PRIVATE LIMITED,India,Subsidiary,www.synopsys.com,HH2026161499579,915355259,SYNOPSYS (INDIA) PRIVATE LIMITED,Taiwan,15+
ed6cbd06c06a3a0b57cacf50b9f65a36,"Sacred Heart Health System, Inc.",USA,Independent,www.sacred-heart.org,HH2026026675125,26675125,"Sacred Heart Health System, Inc.",USA,400+
0eaa8d18d71c7fdc0ffb3cfeeb2a55d3,"Saint Francis Hospital Muskogee, Inc.",USA,Subsidiary,www.saintfrancis.com,HH2026194613949,80662167,"Saint Francis Hospital Muskogee, Inc.",USA,500+
5102685411234e4692583e06b3bdaf99,Saint Francis Medical Center,USA,Parent,www.saintfrancisgi.org,HH2026071996383,71996383,Saint Francis Medical Center,USA,500+
bb8e6cb43845a249606a2888b3eaffbf,Saint Luke's Northland Home Care,USA,Parent,www.saintlukeskc.org,HH2026076283175,76283175,Saint Luke's Northland Home Care,USA,500+
af66b0e1f00094365063a1f2d24c17af,Salisbury University,USA,Subsidiary,www.salisbury.edu,HH2026003256088,786365437,COMMONS BISTRO,USA,30+
b227c3611c7be3b243f8409ff8fdcdd5,Samsung Denmark Research Center ApS,Denmark,Subsidiary,www.samsung.com,HH2026489236852,305370032,Samsung Denmark Research Center ApS,Denmark,600+
ba42dc8d2dda086b68658ec6e8208bbb,Samsung Electronics Benelux B.V.,Netherlands,Subsidiary,www.samsung.com,HH2026687967554,414888529,Samsung Electronics Benelux B.V.,Netherlands,600+
c9b1d124b0a30e2c5a023f96e36d4823,"Samsung Mexicana, S.A. de C.V.",Mexico,Subsidiary,www.samsung.com,HH2026687967554,811883289,"Samsung Mexicana, S.A. de C.V.",Mexico,600+
de35b09e1fe391d2e20f98e8dd80a5b6,"Samsung Semiconductor, Inc.",USA,Subsidiary,www.samsung.com,HH2026687967554,102108958,"Samsung Semiconductor, Inc.",USA,600+
4979d954fc8ec888e2106b4f3e5debc1,"Sanofi - Aventis de Mexico, S.A. de C.V.",Mexico,Subsidiary,www.sanofi-aventis.com.mx,HH2026739980787,812503303,"Sanofi - Aventis de México, S.A. de C.V.",Mexico,5000+
e1037d0a97583f6c4946d669821c3707,Sanofi A/S,Denmark,Subsidiary,www.sanofi.com,HH2026739980787,587049859,Sanofi A/S,Denmark,100+
4353c1aa31e2e9e6a55eb1de10924cf4,Sanofi AB,Sweden,Subsidiary,www.sanofi.com,HH2026739980787,357069889,Sanofi AB,Sweden,100+
dbc82a76b088801c7eeb1934e031d78d,Sanofi Medley Farmaceutica Ltda,Brazil,Subsidiary,www.sanofi.com,HH2026739980787,914761234,SANOFI MEDLEY FARMACEUTICA LTDA,Brazil,50+
2398528b1dc8daf06ff665679d0ad2b8,Sanofi US Services Inc.,USA,Subsidiary,www.sanofi.com,HH2026739980787,7119555,Sanofi US Services Inc.,USA,24+
8dfcd7c734be59105d54593cce80eb22,Sanofi Vaccines Canada Ltd.,Canada,Subsidiary,www.sanofi.com,HH2026739980787,208206623,Sanofi Pasteur Limited,Canada,24+
c0421ae87de833cf63301c3e28d89830,Sanofi-Aventis (Suisse) SA,Switzerland,Subsidiary,www.sanofi.com,HH2026739980787,482839909,Sanofi-Aventis (Suisse) SA,Switzerland,24+
095eb6a3b307aca06dac6af42f0f149c,Sanofi-Aventis Canada Inc.,Canada,Subsidiary,www.sanofi.com,HH2026739980787,251046934,Sanofi-Aventis Canada Inc.,Canada,24+
9a6526776fa42c18f91b23dc5e031fd6,"Sanofi-Aventis Korea Co., Ltd.",Korea,Subsidiary,www.sanofi.co.kr,HH2026739980787,689389067,(주)사노피-아벤티스코리아,Korea,500+
ff50f9705c609304f6915c2bb9194fed,Sanofi-Aventis Norge AS,Norway,Subsidiary,www.sanofi.com,HH2026739980787,562173674,Sanofi-Aventis Norge AS,Norway,24+
ef75192ea3881cdb7ed188264adffe0e,Sanofi-Aventis del Peru S.A.,Peru,Subsidiary,www.sanofi.com.pe,HH2026739980787,934000142,Sanofi-Aventis del Perú S.A.,Peru,500+
bf66b3b29c8877330c6a25d267fe80bf,SaskEnergy Incorporated,Canada,Subsidiary,www.saskenergy.com,HH2026206122640,247491939,SaskEnergy Incorporated,Canada,8
9c1970681665031aff8d773db17059c6,Sasol Chemicals (USA) LLC,USA,Subsidiary,www.sasol.com,HH2026538580692,102666872,Sasol Chemicals (USA) LLC,USA,24+
545973876b8ba9bb3d02fb5bc5149e9b,Scandit AG,Switzerland,Parent,www.scandit.com,HH2026485377951,485377951,Scandit AG,Switzerland,10
2d1efc3bb602530f956b5af646fbf7fc,Schonfeld Strategic Advisors LLC,USA,Subsidiary,www.schonfeld.com,HH2026963332783,80328815,Schonfeld Strategic Advisors LLC,USA,50+
980b8b40170d8257b1d5ad45dc817993,Schroder Investment Management (Taiwan) Limited,Taiwan,Subsidiary,www.schroders.com.tw,HH2026239196673,658127071,施羅德證券投資信託股份有限公司,Taiwan,24+
f2b8478f1aed9111deb7dbf52587c2e6,Schroder US Holdings Inc.,USA,Subsidiary,www.schroders.com,HH2026239196673,44362564,Schroder US Holdings Inc.,USA,24+
dbaa861104474f4cff91d7b5c17fc54a,"Sciens Building Solutions, LLC",USA,Parent,www.sciensbuildingsolutions.com,HH2026080389934,80389934,"Sciens Building Solutions, LLC",USA,100+
d736c026b16fc4637009a328f495ad43,"Scioto Downs, Inc.",USA,Subsidiary,www.sciotodowns.com,HH2026079563153,63586408,"Scioto Downs, Inc.",USA,
0fbc5a83f9a9b2c83489a112544c4a90,Scotiabank Chile,Chile,Subsidiary,www.scotiabank.cl,HH2026207705989,980308555,Scotiabank Chile,Chile,
fb9b42f39870c7e2c35cf48cc6adbbb9,"Scripps Networks, LLC",USA,Subsidiary,www.scripps.com,HH2026828411897,607817900,"Scripps Networks, LLC",USA,50+
9be5de4804fc613a3ce1ec0bcb0b2650,Seagen Inc.,USA,Subsidiary,www.seagen.com,HH2026001326495,28484371,Seagen Inc.,USA,500+
e5de0639fa8fca930b8f86cca3f06aef,Seam AS,Norway,Subsidiary,www.seam.no,HH2026225550036,729718671,Seam AS,Norway,2000+
e493843f27fcd6c26e9653a261991b03,Seattle University,USA,Parent,www.seattleu.edu,HH2026051241875,51241875,Seattle University,USA,35+
8c2bff62058dabc00c74863e30419fee,Securian Financial Foundation,USA,Subsidiary,www.securian.com,HH2026961552341,786477278,Securian Financial Foundation,USA,24+
fef598a87a957c1f40db6c321695ebea,"Securian Financial Group, Inc.",USA,Subsidiary,www.securian.com,HH2026961552341,825291060,"Securian Financial Group, Inc.",USA,20+
529cc36cc7e7069cb75aebc44be8c688,Securitas Direct Sverige AB,Sweden,Subsidiary,www.securitasdirect.se,HH2026372202113,777464681,Securitas Direct Sverige AB,Sweden,35+
9cad528413f05e2a6c597a0d541f434,"Sedgwick CMS Holdings, Inc.",USA,,www.sedgwick.com,HH2026175406842,610135399,"Sedgwick CMS Holdings, Inc.",USA,500+
e626e590d622e4262c2e14ffd5490ced,Seneca Nation of Indians,USA,Parent,www.senecaniagaracasino.com,HH2026074038266,74038266,Seneca Nation of Indians,USA,100+
958f2ebd16f80874f3c5814cf7c0fbe0,Seniorcorp Inc,USA,Independent,www.seniorcorp.com,HH2026134967046,134967046,Seniorcorp Inc,USA,20+
cf2504ddd64bc84751153f01c63db6bd,Sensus Metering Systems-North America Inc.,USA,Independent,www.sensus.com,HH2026361174139,361174139,Sensus Metering Systems-North America Inc.,USA,500+
030c44fbd2d94691979d2bd3702d2f34,Sentara RMH Medical Center,USA,Subsidiary,www.sentara.com,HH2026101718138,66001892,Sentara RMH Medical Center,USA,2000+
574cfbd2a5f63685f37b080a000caa7e,"ServiceTitan, Inc.",USA,Parent,www.servicetitan.com,HH2026079751362,79751362,"ServiceTitan, Inc.",USA,50+
4fdc152ec84d0a293f2453d9ae91c0a7,Servier FI SA,Switzerland,Subsidiary,www.servier.ch,HH2026412046679,482424843,Servier FI SA,Switzerland,2000+
a39b564fe5123f19118a6ed05aac5c30,Sharp Business Systems Deutschland GmbH,Germany,Subsidiary,www.sharp.de,HH2026690536925,332504229,Sharp Business Systems Deutschland GmbH,Germany,50+
750de5f77769b7e2e7d060ff42725eca,Shepherd University,USA,Parent,www.shepherd.edu,HH2026027784359,27784359,Shepherd University,USA,2000+
4365c21a856ecacebc2286c023cd5d2d,Shriners International,USA,Parent,www.shrinersinternational.org,HH2026044859627,44859627,Shriners International,USA,300+
8b75e63798ef44450eee68048ca29d20,Sibelco Deutschland GmbH,Germany,Subsidiary,www.sibelco.com,HH2026370145732,327908513,Sibelco Deutschland GmbH,Germany,100+
f4ec0307f7cc322d710225e3c6564a66,Sibelco Nederland N.V.,Netherlands,Subsidiary,www.sibelco.com,HH2026370145732,402329403,Sibelco Nederland N.V.,Netherlands,100+
03e17666bdffdde2211b2f9e64fd08b6,Sibelco Nordic AS,Norway,Subsidiary,www.sibelco.com,HH2026370145732,518539408,Sibelco Nordic AS,Norway,100+
630d2f4b23fa7ff40be7d9dcbce32bbd,Siegfried Holding AG,Switzerland,Parent,www.siegfried.ch,HH2026480004571,480004571,Siegfried Holding AG,Switzerland,
740e24b8ec3cfc2879772355ed000939,Siemens AB,Sweden,Subsidiary,www.siemens.com,HH2026316067164,353941594,Siemens AB,Sweden,1000+
e0dfc58f99527d1829ecc647c2d5b4fc,Siemens Energy AB,Sweden,Subsidiary,www.siemens-energy.com,HH2026313797467,632869942,Siemens Energy AB,Sweden,2000+
5aae4f8efdde549c0ee9fa25f2dc3b8,Siemens Energy Austria GmbH,Austria,,www.siemens-energy.com,HH2026313797467,300595077,Siemens Energy Austria GmbH,Austria,2000+
78446835c8d9599ecf0277ed838ad7d0,Siemens Energy Global GmbH & Co. KG,Germany,Subsidiary,www.siemens-energy.com,HH2026313797467,342957496,Siemens Energy Global GmbH & Co. KG,Germany,2000+
2d6250d9b585b70e605523a0c21f7371,Siemens Energy S.A.C.,Peru,Subsidiary,www.siemens.com,HH2026316067164,934828252,Siemens Energy S.A.C.,Finland,1000+
7eb803ad25fc65dc13afade7bbb7d273,"Siemens Energy, Inc.",USA,Subsidiary,www.siemensgamesa.com,HH2026313797467,153977632,"Siemens Energy, Inc.",USA,2000+
bff5f6b518c15d96212e01b8b7eb5f0c,"Siemens Financial Services, Inc.",USA,Subsidiary,www.siemens.com,HH2026316067164,132213638,"Siemens Financial Services, Inc.",USA,1000+
7b92f330fd51c6d6feef6debd917a478,Siemens Gamesa Renewable Energy A/S,Denmark,Subsidiary,www.siemensgamesa.com,HH2026313797467,306232471,Siemens Gamesa Renewable Energy A/S,Denmark,2000+
0dae83e0ea759b116698e06d9cd88a1e,Siemens Gamesa Renewable Energy AS,Norway,Subsidiary,www.siemensgamesa.com,HH2026313797467,345456481,Siemens Gamesa Renewable Energy AS,Norway,2000+
ed88aab50b31615144dc0d0576ba7d53,"Siemens Gamesa Renewable Energy Aktiebolag, sivuliike Suomessa",Finland,Subsidiary,www.siemensgamesa.com,HH2026313797467,368490142,"Siemens Gamesa Renewable Energy Aktiebolag, sivuliike Suomessa",Finland,1000+
7d8d75dc0ed1304c6665b5b8b38424a2,Siemens Gamesa Renewable Energy Limited,Korea,Subsidiary,www.siemensgamesa.com,HH2026313797467,694830994,Siemens Gamesa Renewable Energy Limited,Ireland,2000+
5375789a981433e3b3bf9686daf774ab,Siemens Gamesa Renewable Energy Service GmbH,Germany,Subsidiary,www.siemensgamesa.com,HH2026313797467,341399573,Siemens Gamesa Renewable Energy Service GmbH,Germany,2000+
3767aafddeef110ce95d55691d7d5324,"Siemens Gamesa Renewable Energy USA, Inc.",USA,Subsidiary,www.siemensgamesa.com,HH2026313797467,602455839,"Siemens Gamesa Renewable Energy USA, Inc.",USA,2000+
eefd2900b73ba7f0304226fd80bbe874,Siemens Mobility GmbH,Germany,Subsidiary,www.siemens.com,HH2026316067164,314601657,Siemens Mobility GmbH,Germany,1000+
8b57791bd606548508e3d0deb62b8d2a,Siemens Nederland N.V.,Netherlands,Subsidiary,www.siemens.com,HH2026316067164,405754334,Siemens Nederland N.V.,Netherlands,1000+
0940c087b32907dbaf566e6b85a5b027,Siemens Osakeyhtiö,Finland,Subsidiary,www.siemens.com,HH2026316067164,368417879,Siemens Osakeyhtiö,Finland,1000+
363a8ee3de613fb7a140a99f61e1531e,Siemens S.A.C.,Peru,Subsidiary,www.siemens.com,HH2026316067164,664791417,Siemens S.A.C.,Peru,1000+
ac15b4e345207cc750525f197393a85a,Siemens Schweiz AG,Switzerland,,www.siemens.ch,HH2026316067164,480007871,Siemens Schweiz AG,Switzerland,1000+
6bb482ed8c13179b8849a9934a2bd50d,Siemens d.d.,Croatia,Subsidiary,www.siemens.com,HH2026316067164,645239013,Siemens d.d.,Croatia,1000+
68f9ae96ab6108bd22c74d09c40f3370,Sierra Bancorp,USA,Parent,www.sierrabancorp.com,HH2026049444511,49444511,Sierra Bancorp,USA,200+
df139fd9b166a5bef32da90855d79d99,"Sierra Vista Hospital, Inc.",USA,Independent,www.sierravistahospital.com,HH2026107963212,107963212,"Sierra Vista Hospital, Inc.",USA,200+
05a7043b97562443e6b16fdf0e437cde,Signify Canada Ltd,Canada,Subsidiary,www.signify.com,HH2026491893287,203287532,Signify Canada Ltd,Canada,200+
dd5879bdeed3de50a362d0a940d4d9fa,Signify Finland Oy,Finland,Subsidiary,www.signify.com,HH2026491893287,368402119,Signify Finland Oy,Finland,200+
e0e67b497bbdab921c206813338eb9aa,Signify GmbH,Germany,Subsidiary,www.signify.com,HH2026491893287,498146323,Signify GmbH,Germany,200+
0a6f56ae215b6fe60815016e417a4098,Signify N.V.,Netherlands,Parent,www.signify.com,HH2026491893287,491893287,Signify N.V.,Netherlands,200+
5df15b13c4fb994791ef7b0667c3ce32,Signify Slovakia s.r.o.,Slovakia,Subsidiary,www.signify.com,HH2026491893287,360554237,Signify Slovakia s.r.o.,Slovakia,200+
78662e223120c1c733d9590ad504cd12,Signify Switzerland AG,Switzerland,Subsidiary,www.signify.com,HH2026491893287,482521866,Signify Switzerland AG,Switzerland,200+
7c545662e3b61e37df428eb0862d3bdc,Signify Taiwan Limited,Taiwan,Subsidiary,www.signify.com,HH2026491893287,656303793,台灣昕諾飛股份有限公司,Taiwan,200+
0840c0b2eef4af5b7ae50e58e37c055b,"Silfex, Inc.",USA,Subsidiary,www.silfex.com,HH2026038137956,964004662,"Silfex, Inc.",USA,50+
6dd386c9867d56be931d21a8f6e68b6a,Simmons University,USA,Parent,www.simmons.edu,HH2026079522819,79522819,Simmons University,USA,
05593fe4080ab91bda459678b38c6970,"Simon Property Group (Illinois), L.P.",USA,Subsidiary,www.simon.com,HH2026808359012,117316421,"Simon Property Group (Illinois), L.P.",Brazil,100+
ba3827582110e138fbe4d593e2f31437,Sims Crane & Equipment Co.,USA,Parent,www.simscrane.com,HH2026053532065,53532065,Sims Crane & Equipment Co.,USA,300+
536aebee5427af690b6698ef898496e7,Singing River Gulfport,USA,Independent,www.singingriverhealthsystem.com,HH2026117767641,117767641,Singing River Gulfport,USA,400+
6a5ec9eb182041764747d1ada314859c,Singing River Health System Foundation,USA,Parent,www.singingriverhealthsystem.com,HH2026075051706,75051706,Singing River Health System Foundation,USA,400+
f5d537a329ce9690745055764a82fcb5,"SingleStore, Inc.",USA,Parent,www.singlestore.com,HH2026078385287,78385287,"SingleStore, Inc.",USA,35+
462706973ea30e304d6385272961fbdf,SitusAMC Holdings Corporation,USA,Parent,www.situsamc.com,HH2026117131611,117131611,SitusAMC Holdings Corporation,USA,50+
472696e0215a674cec78f09c1edce853,Sky Dancer Hotel & Casino Inc,USA,Independent,www.skydancercasino.com,HH2026155483188,155483188,Sky Dancer Hotel & Casino Inc,USA,30+
3d4d93a9b1d9cf9c134c02cc8b17a5c4,Sky Deutschland Service Center GmbH,Germany,Subsidiary,www.sky.de,HH2026329716781,329489145,Sky Deutschland Service Center GmbH,Germany,24+
7c5e89c9e54a95dbd96569f0dd4a4c0b,"Skyward Specialty Insurance Group, Inc.",USA,Parent,www.skywardinsurance.com,HH2026831749671,831749671,"Skyward Specialty Insurance Group, Inc.",USA,7
00f2b2df3e464eb7ca16e85862166b72,Smartly.io Holding Oy,Finland,Subsidiary,www.smartly.io,HH2026067651782,368174372,Smartly.io Holding Oy,Finland,50+
7046922c9e97d100c6c544f9f717a5ff,"Smith & Nephew, S.A. de C.V.",Mexico,Subsidiary,www.smith-nephew.com,HH2026210272498,811970516,"Smith & Nephew, S.A. de C.V.",Mexico,300+
60a4b1cb52915153300d047c269e2977,"Smithfield Foods, Inc.",USA,Subsidiary,www.smithfieldfoods.com,HH2026815553181,43205053,"Smithfield Foods, Inc.",USA,400+
ce168303f04e4d9058ca514c021f322f,Smithfield Public Schools,USA,Parent,www.smithfield-ps.org,HH2026079799257,79799257,Smithfield Public Schools,USA,400+
829f69acbb03e20a6f4fd745fcdbdf86,Soft-Lite L.L.C.,USA,Subsidiary,www.soft-lite.com,HH2026080405368,4177895,Soft-Lite L.L.C.,USA,500+
0c46aa982ac4606de126c43a041770b1,Sonepar Canada Inc,Canada,,www.soneparcanada.com,HH2026275940476,243012252,Sonepar Canada Inc,Canada,50+
5e5f7a6a4f1bf70ff775118c595a7120,"Sonic Healthcare USA, Inc.",USA,Subsidiary,www.sonichealthcareusa.com,HH2026751659442,941727344,"Sonic Healthcare USA, Inc.",USA,200+
6c7ffb71c9e6e0ebe4f419428283ebac,Sotheby's Nederland B.V.,Netherlands,Parent,www.sothebys.com,HH2026406823195,406823195,Sotheby's Nederland B.V.,Netherlands,
ec9b2d3d1d9ee925f04cb0accdd0dac6,Soti Inc,Canada,Subsidiary,www.soti.net,HH2026243378192,240790779,Soti Inc,Canada,50+
aa6c43b069a30ea3a4f2fca605743bc7,"Southern Veterinary Partners, LLC",USA,Parent,www.southernvetpartnersllc.com,HH2026023948592,23948592,"Southern Veterinary Partners, LLC",USA,1000+
64b7589c04e338b7eef9b8e5dfa9f81d,Space Norway AS,Norway,Subsidiary,www.spacenorway.no,HH2026345143966,562092312,Space Norway AS,Norway,200+
c92159dba97249e8b4f644e2685507f9,Sparda-Bank Berlin eG,Germany,Parent,www.sparda-b.de,HH2026330149287,330149287,Sparda-Bank Berlin eG,Germany,50+
a84db9db894e0241a8ca3e1f4939a227,Splendora Independent School District,USA,Parent,www.splendoraisd.org,HH2026095193710,95193710,Splendora Independent School District,USA,1000+
52d9dbe6cfc62cd7a5979acbde575cd4,Sportradar US LLC,USA,Subsidiary,www.sportradar.us,HH2026480538158,79746151,Sportradar US LLC,USA,50+
7b779ff34d7deee95b58ffbfc5d25105,"Sprout Social, Inc.",USA,Parent,www.sproutsocial.com,HH2026036568534,36568534,"Sprout Social, Inc.",USA,
6cf0ab9633d26af6fd7eb0556691fc9c,Stadt Brandenburg an der Havel,Germany,Subsidiary,www.stadt-brandenburg.de,HH2026341567233,328458273,Stadtverwaltung Brandenburg an der Havel,Germany,50+
262a34d38489bfa7126b713d52fad41a,"Staffmark Group, LLC",USA,Subsidiary,www.staffmark.com,HH2026690667498,169163560,"Staffmark Group, LLC",USA,100+
5cf15d4cccead56ee5cc697fde0763e,"Stanley Black & Decker, S.A. de C.V.",Mexico,,www.stanleytools.com.mx,HH2026001152461,812833469,"Stanley Black & Decker, S.A. de C.V.",Mexico,24+
5f9adb302940a50d29ae0b88731c06c2,"Steelscape, LLC",USA,Parent,www.steelscape.com,HH2026060762432,60762432,"Steelscape, LLC",USA,100+
aa65be87bda25b5becac08a6a28916cd,"Stewart Lender Services, Inc.",USA,Subsidiary,www.stewartlenderservices.com,HH2026053630323,884462714,"Stewart Lender Services, Inc.",USA,50+
b16439edaac23791f5dce1b285d64d0,Stewart Title Guaranty Company,Costa Rica,,www.stewart.ca,HH2026053630323,52488210,Stewart Title Guaranty Company,Costa Rica,50+
7dffbb46342b8c663129dd3a31902c5f,"Stewart Title of Tennessee, Inc",USA,Parent,www.stewarttn.com,HH2026186996323,186996323,"Stewart Title of Tennessee, Inc",USA,100+
d0ff39ee96f49956eb05e462736fc66d,"Stonefire Grill, Inc.",USA,Parent,www.stonefiregrill.com,HH2026175821557,175821557,"Stonefire Grill, Inc.",USA,15+
567cd28d4fa12a3e13f9a985553510c0,Stonehage Fleming SA,Switzerland,Subsidiary,www.stonehagefleming.com,HH2026229438885,481944189,Stonehage Fleming SA,Switzerland,100+
6fd1848d619ef4f360332a5d86b8d8bc,Strai Kjøkken AS,Norway,Subsidiary,www.strai.no,HH2026515053635,518716501,Strai Kjøkken AS,Norway,1000+
a8575cab0a681c3a544526541e42198b,Stratas Foods LLC,USA,Parent,www.stratasfoods.com,HH2026829252209,829252209,Stratas Foods LLC,USA,100+
ae8a238c23456b6ab19f9e80a504d484,"Strongbow Consulting Group, LLC",USA,Subsidiary,www.strongbowgroup.com,HH2026985015354,61127699,"Strongbow Consulting Group, LLC",USA,1000+
4ff65d85b15c4b3e82ca05149d4e8f04,Stryker Corporation,USA,Parent,www.stryker.com,HH2026005373089,5373089,Stryker Corporation,USA,300+
32fde3f5a83624abb6b31b0a10118ca1,Stryker Leibinger GmbH & Co. KG,Germany,Subsidiary,www.stryker.com,HH2026988032041,316153956,Stryker Leibinger GmbH & Co. KG,Germany,300+
bbe764150afa2100a5d7a9319511f499,Suffolk University,USA,Parent,www.suffolk.edu,HH2026076577709,76577709,Suffolk University,USA,20+
8677d89c5c4ddf805d72109a4883fc4b,Suldal Kommune,Norway,Parent,www.suldal.kommune.no,HH2026730349503,730349503,Suldal Kommune,Norway,2000+
7966f60e5460be227fafe0a6d4a83c1,"Sunrise Medical Laboratories, Inc.",USA,,www.sunriselab.com,HH2026751659442,195316518,"Sunrise Medical Laboratories, Inc.",USA,200+
ea7331d5da5fdae032ed221aa7911412,Superior Controls Incorporated,USA,Subsidiary,www.superiorcontrols.com,HH2026116767425,809064462,Superior Controls Incorporated,USA,50+
c5be5cebb013db8790187369b2a9333e,Supermetrics Oy,Finland,Parent,www.supermetrics.com,HH2026368167427,368167427,Supermetrics Oy,Finland,20+
28b9005526386ed7513cae84a96c864d,Suvoda LLC,USA,Parent,www.suvoda.com,HH2026079763042,79763042,Suvoda LLC,USA,20+
07324afe2d9ff140574f4e3360a2b614,Swiss Re AG,Switzerland,Parent,www.swissre.com,HH2026485884378,485884378,Swiss Re AG,Switzerland,
7b1d721dafee6fccc9ca931cc67f26ea,Swissport International AG,Switzerland,Subsidiary,www.swissport.com,HH2026372143738,487692782,Swissport International AG,Switzerland,10+
fbb810666cfe614766d808b86b79bef7,"Syntimmune, Inc.",USA,Subsidiary,www.syntimmune.com,HH2026230790719,79638627,"Syntimmune, Inc.",USA,24+
7d7f20cd6940229d6a3c8074d160950b,TAKEDA PHARMA SP Z O O,Poland,Subsidiary,www.takeda.com.pl,HH2026690538228,422531272,TAKEDA PHARMA SP Z O O,Poland,20+
c0d8ccf30c37660d748935edec738be8,TAKKT AG,Germany,Subsidiary,www.takkt.de,HH2026315145086,316099444,TAKKT AG,Germany,50+
8a7c25f5c327253e9293835c00ed9e72,TALBOT UNDERWRITING LTD,United Kingdom,Subsidiary,www.talbot.aig.com,HH2026044691103,501464820,TALBOT UNDERWRITING LTD,United Kingdom,500+
eb41f94557a0cdcd85df650ec7bbf71a,TANDEM FRIENDS SCHOOL OF CHARLOTTESVILLE,USA,Independent,www.tandemfs.org,HH2026043842459,43842459,TANDEM FRIENDS SCHOOL OF CHARLOTTESVILLE,USA,2000+
f094188ebc8b311bb7c460e434a6faf4,TANNPAPIER GmbH,Austria,Subsidiary,www.tanngroup.com,HH2026727143609,300310515,TANNPAPIER GmbH,Austria,4
de02ea6dc9d8c3a979b62c49525bd75a,TAPTAP SEND UK LIMITED,United Kingdom,Subsidiary,www.taptapsend.com,HH2026117098171,222121819,TAPTAP SEND UK LIMITED,United Kingdom,30+
9162e55587683f3a4cb68a23c81518ed,TATA CAPITAL FINANCIAL SERVICES LIMITED,India,Subsidiary,www.tatacapital.com,HH2026650048044,860097272,TATA CAPITAL FINANCIAL SERVICES LIMITED,India,24+
8786b978cf5860a262070bea9c73a6be,TAURANGA CITY COUNCIL,New Zealand,Independent,www.tauranga.govt.nz,HH2026594971427,594971427,TAURANGA CITY COUNCIL,New Zealand,10+
c8c910d91cf6e62caf92b0047ff00a46,TCS Education System,USA,Independent,www.tcsedsystem.edu,HH2026028204115,28204115,TCS Education System,USA,4
05ac10221e46e651cf7bf8bd9fda00b6,TEADS BRASIL SOLUCOES EM PROPAGANDA E VIDEO LTDA,Brazil,Independent,www.teads.com,HH2026903761801,903761801,TEADS BRASIL SOLUCOES EM PROPAGANDA E VIDEO LTDA,Brazil,50+
efd243261d4ffc83056162f9f590786c,TECH SHOP.COM.BR COMERCIO E SERVICOS DE INFORMATICA LTDA,Brazil,Parent,www.techshop.com.br,HH2026898681349,898681349,TECH SHOP.COM.BR COMERCIO E SERVICOS DE INFORMATICA LTDA,Brazil,50+
f7acd031fd9234ef51a8e69e0bd2da81,TELADOC HEALTH INTERNATIONAL SAU,Spain,Subsidiary,www.teladochealth.com,HH2026621278246,463630306,TELADOC HEALTH INTERNATIONAL SAU,Spain,50+
fd7475aa46e7421384d75430f8776cdf,"TELEDYNE ETM, INC.",USA,Subsidiary,www.teledyneetm.com,HH2026112358432,69130631,"TELEDYNE ETM, INC.",USA,600+
705cf11307471007c8493e104233f178,TELEFLEX MEDICAL,France,Subsidiary,www.teleflex.com,HH2026138508943,502470297,TELEFLEX MEDICAL,France,24+
c508a18d343a6b86c49e5ece13f38b80,TELESPAZIO ARGENTINA S.A.,Argentina,Subsidiary,www.telespazio.com,HH2026428869465,974793619,TELESPAZIO ARGENTINA S.A.,Argentina,600+
ab5d860840ec1dd5118f92279c6bd4f7,TELESPAZIO BRASIL S/A,Brazil,Subsidiary,www.telespazio.com,HH2026944433935,901314377,Telespazio Brasil S/A,Brazil,600+
d92618c0aa4ab47295c3e8610becbb93,TELESPAZIO SPA,Italy,Subsidiary,www.telespazio.com,HH2026428869465,434148177,TELESPAZIO SPA,Italy,600+
ab2f28e484e2cea7049bc373b1a1468f,TELUS AGRICULTURE & CONSUMER GOODS (UK) LIMITED,United Kingdom,Subsidiary,www.telus.com,HH2026204352764,493877815,TELUS AGRICULTURE & CONSUMER GOODS (UK) LIMITED,United Kingdom,100+
27783c1833b868bf2d6e40c92d9be31b,TELUS HEALTH (AUSTRALIA) PTY LTD,Australia,Parent,www.telushealth.com,HH2026757403308,757403308,TELUS HEALTH (AUSTRALIA) PTY LTD,Canada,100+
3d971a2a5f21ecfff45cf4c48dff167a,TELUS International (U.S.) Corp.,USA,Subsidiary,www.telusinternational.com,HH2026256775016,80006409,TELUS International (U.S.) Corp.,USA,100+
f1f7bdb288908daa7279cb6c9491fa67,TEMPOR SERVICOS TERCEIRIZADOS LTDA,Brazil,Independent,www.tempor.com.br,HH2026648830326,648830326,TEMPOR SERVICOS TERCEIRIZADOS LTDA,Brazil,100+
09b0b58f72a43f65b38d93ee8e119941,TEREX AUSTRALIA PTY LTD,Australia,Subsidiary,www.terex.com,HH2026022574552,889368606,TEREX AUSTRALIA PTY LTD,Australia,200+
dea61b1667fc2b4e30d1c38d4bb43ec9,TEREX EQUIPMENT MIDDLE EAST LLC,United Arab Emirates,Subsidiary,www.terex.com,HH2026022574552,561652913,TEREX EQUIPMENT MIDDLE EAST LLC,United Arab Emirates,200+
ae51481e9e68e0b283450adcb6a7cb9b,TEREX INDIA PRIVATE LIMITED,India,Subsidiary,www.terex.com,HH2026022574552,915075822,TEREX INDIA PRIVATE LIMITED,India,200+
b398fcc6f43ecd5430fdb459eb60065d,TERUMO (PHILIPPINES) CORPORATION,Philippines,Subsidiary,www.terumo.com,HH2026690543319,718848773,TERUMO (PHILIPPINES) CORPORATION,Philippines,50+
9bfb688dcf6afc22ed8fe63c7841c282,"TERUMO VIETNAM MEDICAL EQUIPMENT CO.,LTD",Vietnam,Subsidiary,www.terumo.com.vn,HH2026690543319,556422398,"TERUMO VIETNAM MEDICAL EQUIPMENT CO.,LTD",Vietnam,50+
5086bbbfbd15f69eed65d52d7ab0481f,TESCO DISTRIBUTION LIMITED,United Kingdom,Subsidiary,www.tesco.com,HH2026216854067,774880082,TESCO DISTRIBUTION LIMITED,United Kingdom,2000+
816042acdeb341da250907a48b2dfe45,TETRA TECH ENGENHARIA E CONSULTORIA LTDA.,Brazil,Subsidiary,www.tetratech.com,HH2026901328220,900681193,TETRA TECH ENGENHARIA E CONSULTORIA LTDA.,Brazil,10
e5cfb71ca458d30558c1d870250e7e8e,TETRA TECH GROUP LIMITED,United Kingdom,Subsidiary,www.tetratecheurope.com,HH2026045224250,211204215,TETRA TECH GROUP LIMITED,United Kingdom,15+
e920438f9231d965b75421b9f792c113,"TGP PHARMA, INC.",Philippines,Subsidiary,www.tgp.com.ph,HH2026719125965,721935278,TGP PHARMA INC.,Philippines,200+
bcc59b472f9d68d3ab8340beeeafc99d,THATCHAM RESEARCH,United Kingdom,Independent,www.thatcham.org,HH2026226422921,226422921,THATCHAM RESEARCH,United Kingdom,4
6699fe22b7a1f1fe86d7e54eac830852,THE MIssION GROUP PUBLIC LIMITED COMPANY,United Kingdom,Parent,www.themission.co.uk,HH2026349372578,349372578,THE MISSION GROUP PUBLIC LIMITED COMPANY,United Kingdom,15+
0d7f82dc34dfd034e9ddbe202b3b08d7,THOMSON REUTERS (AUSTRALIA) PTY LTD,Australia,Parent,www.thomsonreuters.com.au,HH2026742484863,742484863,THOMSON REUTERS (AUSTRALIA) PTY LTD,Australia,400+
216b37e68e4fb34a0ea38b905827a99f,THOMSON REUTERS MARKET MIDDLE EAST LTD,Kuwait,Subsidiary,www.thomsonreuters.com,HH2026243367791,552650897,THOMSON REUTERS MARKET MIDDLE EAST LTD,Kuwait,400+
33444bfd49ac6785f48878865cffc406,TLT LLP,United Kingdom,Parent,www.tlt.com,HH2026739281603,739281603,TLT LLP,United Kingdom,50+
2c92e3712a6962b96b9b953f6ff7d1e5,TMX Group Limited,Canada,Parent,www.tmx.com,HH2026201819757,201819757,TMX Group Limited,Canada,50+
b19caf17dd954a958c8f07aca2fd0f0b,TONY GEE AND PARTNERS LLP,United Kingdom,Parent,www.tonygee.com,HH2026348494670,348494670,TONY GEE AND PARTNERS LLP,United Kingdom,24+
48a849064453805a304da8f5ca9e1336,TOYOTA TSUSHO AFRICA (PTY) LTD,South Africa,Subsidiary,www.toyota.com,HH2026690564737,557377147,TOYOTA TSUSHO AFRICA (PTY) LTD,South Africa,
cb66769dabfe8dc8db1f81ca46d0d662,"TPG Capital, L.P.",USA,Parent,www.tpg.com,HH2026079631812,79631812,"TPG Capital, L.P.",USA,15+
5e85fb180ef9e6107f56ba69746ac201,"TPG Capital, Limited",Hong Kong,Subsidiary,www.tpg.com,HH2026117448401,680540135,"TPG Capital, Limited",Hong Kong,15+
3f7aad884b8371bf6671a5cd302ba785,"TPG Partners III, L.P.",USA,Subsidiary,www.tpg.com,HH2026118497897,110829793,"TPG Partners III, L.P.",USA,15+
baab7a94295ed6d5112029b98f6f8c28,TRACTIAN TECNOLOGIA LTDA,Brazil,Independent,www.tractian.com,HH2026926626977,926626977,TRACTIAN TECNOLOGIA LTDA,Brazil,9
df7d73e130989c34e58e4ce11eb15b04,TRANSPERFECT TRANSLATIONS LIMITED,United Kingdom,Subsidiary,www.transperfect.com,HH2026489238537,221767200,TRANSPERFECT TRANSLATIONS LIMITED,United Kingdom,300+
3c47eaf4c1fd9f5de7d4556124b797b4,TRANSPERFECT TRANSLATIONS S A S,Colombia,Independent,www.TRANSPERFECT.COM,HH2026882067289,882067289,TRANSPERFECT TRANSLATIONS S A S,Colombia,300+
c2606adcdfdd5f066beb8dcea71a61ee,TRIPLE POINT LLP,United Kingdom,Parent,www.triplepoint.co.uk,HH2026719286903,719286903,TRIPLE POINT LLP,United Kingdom,10
b3d22fc4c4dd17fae9289acca8877e5e,TRS STAFFING SOLUTIONS (AUSTRALIA) PTY LTD,Australia,Subsidiary,www.trsstaffing.com.au,HH2026006907190,754106326,TRS STAFFING SOLUTIONS (AUSTRALIA) PTY LTD,Australia,35+
b9bb286917863bc0e4b057cca32b6282,TRS STAFFING SOLUTIONS INDIA PRIVATE LIMITED,India,Subsidiary,www.trsstaffing.com,HH2026006907190,874176408,TRS STAFFING SOLUTIONS INDIA PRIVATE LIMITED,India,35+
f7a11d8563c85fb82ab882bf0e156774,TRUATA LIMITED,Ireland,Subsidiary,www.truata.com,HH2026220670706,985712474,TRUATA LIMITED,Ireland,1000+
f708c4a9f8e68209ff3603c4cbfad8d8,TRUEGREEN LP,USA,Independent,www.trugreen.com,HH2026021114807,21114807,TRUEGREEN LP,USA,
70d10ac31cf91af87407069ec340f21,TRUMPF LASER UK LIMITED,Germany,,www.trumpf.com,HH2026315737650,365343805,TRUMPF LASER UK LIMITED,Germany,300+
e5e5e71d15d4c5cbb39408eac8691f43,TRUMPF SE + Co. KG,Germany,Parent,www.trumpf.com,HH2026315737650,315737650,TRUMPF SE + Co. KG,Germany,300+
e67023a4ca4feabebbbe8bd9837c024b,TRUMPF Smart Factory Consulting GmbH,Germany,Subsidiary,www.trumpf.com,HH2026315737650,342615959,TRUMPF Smart Factory Consulting GmbH,Germany,300+
34869989cb9204a651349114304d77b8,TRaeGER PELLET GRILLS LLC,USA,Subsidiary,www.traeger.com,HH2026118229714,784973443,TRAEGER PELLET GRILLS LLC,USA,
be9670a4ffbdbeeb51220d43d5071858,TUDIP TECHNOLOGIES PRIVATE LIMITED,India,Parent,www.tudip.com,HH2026860186830,860186830,TUDIP TECHNOLOGIES PRIVATE LIMITED,India,100+
57f8db75b93a0e31ae99ce8124d2b62d,TUI AG,Germany,Parent,www.tuigroup.com,HH2026315015628,315015628,TUI AG,Germany,30+
0247a1478ffb1f7bfb78f365509d1dad,"TUI HELLAS TRAVEL, TOURISM & AIRLINES SINGLE MEMBER S.A.",Greece,Subsidiary,www.tuigroup.com,HH2026315015628,499359227,"TUI HELLAS TRAVEL, TOURISM & AIRLINES SINGLE MEMBER S.A.",Greece,24+
21bf6b2de9c2ab547baaecc2a591dcb6,TUI ITALIA SRL,Italy,Subsidiary,www.tuigroup.com,HH2026315015628,564996812,TUI ITALIA SRL,Italy,24+
5a1aba0c438a53bb9a0c4de1dc6745e7,TULIP CREATIONS PRIVATE LIMITED,India,Subsidiary,www.tulipcreations.in,HH2026871864830,916697684,TULIP CREATIONS PRIVATE LIMITED,India,50+
64840c46256025bd8a57d59c5f89ac3c,TURNER & TOWNSEND CONSULTORIA LTDA.,Brazil,Parent,www.turnerandtownsend.com,HH2026900250758,900250758,TURNER & TOWNSEND CONSULTORIA LTDA.,Brazil,2000+
ef4be82661e39fa5ebbe1d84f6db89a8,TURNER & TOWNSEND LIMITED,Ireland,Subsidiary,www.turnerandtownsend.com,HH2026617608104,987100864,TURNER & TOWNSEND LIMITED,Ireland,2000+
72f586c2197c663a454aaa4816228d98,TURNER & TOWNSEND PARTNERS LLP,United Kingdom,Independent,www.turnerandtownsend.com,HH2026221122847,221122847,TURNER & TOWNSEND PARTNERS LLP,United Kingdom,2000+
db189b34bacae6bd74b9183ad49e2f95,TURNER & TOWNSEND PTY LTD,Australia,Subsidiary,www.turnerandtownsend.com,HH2026617608104,753947121,TURNER & TOWNSEND PTY LTD,Australia,2000+
7632d5ee2da916176faf9445036e98cd,TURNER & TOWNSEND SL.,Spain,Parent,www.turnerandtownsend.com,HH2026466824806,466824806,TURNER & TOWNSEND SL.,Spain,2000+
9c2fa1887a65b1fc40d9380c3b204656,TURNER AND TOWNSEND (PTY) LTD,South Africa,Parent,www.turnerandtownsend.com,HH2026652834758,652834758,TURNER AND TOWNSEND (PTY) LTD,South Africa,2000+
961c3c4dff71a0daa78f02184eb1d8e3,"TURNER AND TOWNSEND, INC.",Philippines,Subsidiary,www.turnerandtownsend.com,HH2026617608104,725670467,"TURNER AND TOWNSEND, INC.",Philippines,2000+
06b34b5878b0fa629b45aba23d35c793,TWO CIRCLES LIMITED,United Kingdom,Subsidiary,www.twocircles.com,HH2026231366213,217426920,TWO CIRCLES LIMITED,United Kingdom,35+
b29e3daac199c150df727e7e60384902,TYCO INTEGRATED FIRE & SECURITY FRANCE,France,Subsidiary,www.tyco.fr,HH2026985594574,275328813,TYCO INTEGRATED FIRE & SECURITY FRANCE,France,2000+
89c77fa4e8540ddcd8a56c1cfea852b4,"Tabula Rasa HealthCare, Inc.",USA,Parent,www.tabularasahealthcare.com,HH2026079813244,79813244,"Tabula Rasa HealthCare, Inc.",USA,50+
628d7bd1886c15551c962cb7c35d57f8,Tanger Inc.,USA,Parent,www.tanger.com,HH2026099224859,99224859,Tanger Inc.,USA,20+
4cb404ebbf8211a7a1b4d346d3a75274,Target Corporation,USA,Parent,www.target.com,HH2026006961700,6961700,Target Corporation,USA,2000+
86cecdce7ab43bcf157b50a6d40826fe,"Tarte, Inc.",USA,Subsidiary,www.tartecosmetics.com,HH2026690543525,27905186,"Tarte, Inc.",USA,50+
3fc7997fecbc53a4fb9f9ba61137cb69,"TaskUs, Inc.",USA,Parent,www.taskus.com,HH2026118119963,118119963,"TaskUs, Inc.",USA,
d46d269e1b238760a0c7d2fd4629ddb9,Taxfix SE,Germany,Parent,www.taxfix.de,HH2026313792189,313792189,Taxfix SE,Germany,
0fdcbd9ddd55c25d49189ee27035af2e,Taylor Corporation,USA,Parent,www.taylor.com,HH2026006175806,6175806,Taylor Corporation,United Kingdom,100+
4f9c27d45ea0d4c55599227ddfc8d9c4,"Taylor Print & Visual Impressions, Inc.",USA,Subsidiary,www.taylor.com,HH2026006175806,3303369,"Taylor Print & Visual Impressions, Inc.",USA,100+
064bb6b76ba045f1b0d1e5a25a876ea2,"Teach For All, Inc.",USA,Parent,www.teachforall.org,HH2026829206692,829206692,"Teach For All, Inc.",USA,15+
64d3e08389af95441629fb076dab0578,Techem (Schweiz) AG,Switzerland,Subsidiary,www.techem.com,HH2026316695067,486305352,Techem (Schweiz) AG,Switzerland,50+
6b90014af1dafa43b10b3e0acc39b6b8,Techem GmbH,Germany,Subsidiary,www.techem.com,HH2026316695067,498116441,Techem GmbH,Germany,50+
afc492738d4a5959b983ee35c9d49a54,Techem Messtechnik GmbH,Austria,Subsidiary,www.techem.com,HH2026316695067,300222841,Techem Messtechnik GmbH,Austria,50+
90bea560093e702d06419c3ff128086b,"Teledyne Digital Imaging, Inc",Canada,Subsidiary,www.teledynedalsa.com,HH2026112358432,203894043,"Teledyne Digital Imaging, Inc",Canada,600+
2239b80e57545b5e9d568c8393b350b9,"Teledyne Lecroy Oakgate, Inc.",USA,Subsidiary,www.teledynelecroy.com,HH2026112358432,48067817,"Teledyne Lecroy Oakgate, Inc.",USA,600+
7efe34e8cdbf43a71211965aa5f11d90,Teleflora LLC,USA,Subsidiary,www.teleflora.com,HH2026050099043,77347615,Teleflora LLC,USA,200+
e5384e16cd2f92e5943f6259c242f56b,Telespazio Germany GmbH,Germany,Subsidiary,www.telespazio.de,HH2026428869465,341637256,Telespazio Germany GmbH,Germany,600+
d116a7f86a72d165de1cf3a958b45778,Telia Company AB,Sweden,Parent,www.teliacompany.com,HH2026354304032,354304032,Telia Company AB,Sweden,24+
f5ff923b82742925920a744735d16a29,Telia Cygate AB,Sweden,Subsidiary,www.teliacygate.se,HH2026354304032,558822586,Telia Cygate AB,Sweden,100+
069241fdbcace2cf01ebb778151c4d19,Tensar Holdings LLC,USA,Subsidiary,www.tensarcorp.com,HH2026007925845,114379290,Tensar Holdings LLC,USA,8
8ef807cd9b127f147bc0feed1577377a,Terex Corporation,USA,Parent,www.terex.com,HH2026022574552,22574552,Terex Corporation,USA,200+
fc892571026bd66e68aa783059ca5c0a,Texas Department of Insurance,USA,Subsidiary,www.texas.gov,HH2026002537595,806781936,Texas Department of Insurance,USA,500+
da5ee8eb99c74d3411f709f427aed20d,The Citizens Bank of Philadelphia,USA,Subsidiary,www.thecitizensbankphila.com,HH2026008906018,44757313,The Citizens Bank of Philadelphia,USA,2000+
6e0f907fa14379cb88804b84545f2c9f,"The Fresh Market Intermediate Holdings, Inc.",USA,Parent,www.thefreshmarket.com,HH2026080267333,80267333,"The Fresh Market Intermediate Holdings, Inc.",USA,20+
4152e5839d7557663f2b764b2b3daef3,"The Hartford Insurance Group, Inc.",USA,Parent,www.thehartford.com,HH2026787085893,787085893,"The Hartford Insurance Group, Inc.",USA,400+
98fc46771369c7e91564d328c9b4b520,The Trade Desk GmbH,Germany,Subsidiary,www.thetradedesk.com,HH2026025061787,312859893,The Trade Desk GmbH,Germany,30+
781bbc4a915cbb420c7aed0c342da33b,"TheKey, LLC",USA,Parent,www.thekey.com,HH2026014574301,14574301,"TheKey, LLC",USA,20+
b6de3d12253d8e0439f4cbe4fa11de46,Thomson Reuters Germany GmbH,Germany,Subsidiary,www.thomsonreuters.com,HH2026243367791,314955989,Thomson Reuters Germany GmbH,Germany,400+
24735b4287d994695e8c538ab6c18522,Tierarzt Plus Weser-Ems GmbH,Germany,Subsidiary,www.tierarztpluspartner.de,HH2026232593385,344082874,Tierarzt Plus Weser-Ems GmbH,Germany,100+
c619865df6edf42810b28e02b676ed13,"Torbay, Town of",Canada,Parent,www.torbay.ca,HH2026209864834,209864834,"Torbay, Town of",Canada,2000+
c3a846c76e55d1e27d2c8f12a22cbbf,"Toter, LLC",USA,,www.toter.com,HH2026824891477,101786507,"Toter, LLC",USA,50+
342ca244390b044e419df991553d47f,Town of Canton,USA,,www.townofcantonct.org,HH2026048054902,48054902,Town of Canton,USA,2000+
a4e72925ff42a31a95d32815755f1e2e,Town of Cohocton,USA,Independent,www.townofcohoctonny.gov,HH2026947711862,947711862,Town of Cohocton,USA,2000+
20d219b8505dd315321e2b5e827eaced,Town of Gardiner,USA,Parent,www.townofgardiner.org,HH2026005111406,5111406,Town of Gardiner,USA,2000+
6524c7f062bdb9f9a61c186864761a98,Town of Hartford,USA,Parent,www.townofnewhartfordny.gov,HH2026043023779,43023779,Town of Hartford,USA,2000+
3cdbd9821c2d930aef9fdf42576f9421,Town of Pomfret,USA,Parent,www.townofpomfretny.org,HH2026949845887,949845887,Town of Pomfret,USA,2000+
b94e36820020f792f641ac79643bb8fc,Town of Sandy Creek,USA,Parent,www.townofsandycreekny.gov,HH2026623977753,623977753,Town of Sandy Creek,USA,2000+
00181956e2f870565083fbdb7d17b517,Town of Selmer,USA,Parent,www.townofselmer.com,HH2026070774609,70774609,Town of Selmer,USA,2000+
c2e9755891b1b52ee58e047fa7f56a1f,Town of Smithfield,USA,Independent,www.townofsmithfield.org,HH2026837763572,837763572,Town of Smithfield,USA,2000+
e66fd6c9d1a36d1bcef8009a32c59a31,Town of Ware,USA,Parent,www.townofware.com,HH2026018338749,18338749,Town of Ware,USA,2000+
d060bf1a07488637ce020c5a1ea7c4ef,Toyota Motor Corporation Representative Office (Branch),United Arab Emirates,,www.toyota.com,HH2026561194749,561194749,Toyota Motor Corporation Representative Office (Branch),United Arab Emirates,
a07a4b3896afb2dbbe23dbea530c2b26,"Toyota Motor Manufacturing, Alabama, Inc.",USA,Subsidiary,www.toyota.com,HH2026690564737,107978962,"Toyota Motor Manufacturing, Alabama, Inc.",USA,
2bafb0f076b050d853e77a59a13e6dfe,"Toyota Motor Manufacturing, Indiana, Inc.",USA,Subsidiary,www.toyotamanufacturing.com,HH2026690564737,36653202,"Toyota Motor Manufacturing, Indiana, Inc.",USA,
4557381dec6938da60dfa92001f1e0af,"Toyota Motor Manufacturing, West Virginia, Inc.",USA,Subsidiary,www.toyota.com,HH2026690564737,4286394,"Toyota Motor Manufacturing, West Virginia, Inc.",USA,
ac2be239e6e7c61c9997a7a8da976f00,Transat Tours Canada Inc.,Canada,Subsidiary,www.transat.com,HH2026246771869,248010969,Transat Tours Canada Inc.,Canada,45+
b29bd0f10f3069027ade97e08732c63f,Transco Inc.,USA,Parent,www.transcorailway.com,HH2026005233580,5233580,Transco Inc.,USA,500+
f97b84b203ecdcc3b99555381736e228,Tricon Capital GP Inc,Canada,Independent,www.triconresidential.com,HH2026204335699,204335699,Tricon Capital GP Inc,Canada,30+
97e914934244cc8ec36676191318b5bc,"Trilon Group, LLC",USA,Parent,www.trilongroup.com,HH2026115311620,115311620,"Trilon Group, LLC",USA,400+
5e859df9bff4734ebca1e4733d6b2eef,"Trimedx Sub-Holdings, Inc.",USA,Independent,www.trimedx.com,HH2026116715172,116715172,"Trimedx Sub-Holdings, Inc.",USA,200+
6f6c67a36eb7190af03151841b514cde,"Trinity Partners, LLC",USA,Subsidiary,www.trinitylifesciences.com,HH2026220566304,80530723,"Trinity Partners, LLC",USA,50+
e9c4fc0365a91b9574d74bab12b9c985,"Triumvirate Environmental, LLC",USA,Parent,www.triumvirate.com,HH2026196349492,196349492,"Triumvirate Environmental, LLC",USA,100+
ccffaec2aa8155c2fbef674e94750d36,Turner & Townsend Limitada,Chile,Subsidiary,www.turnerandtownsend.com,HH2026758939871,981246635,Turner & Townsend Limitada,Chile,2000+
57b68e2efeac1de1ba5865fe83c60bdd,Turner & Townsend PJM Czech Republic s.r.o.,Czech Republic,Subsidiary,www.turnerandtownsend.com,HH2026617608104,766032947,Turner & Townsend PJM Czech Republic s.r.o.,Czech Republic,2000+
8f49be703abc143f3f361ada3d34dbab,Turner & Townsend S.A.C.,Peru,Subsidiary,www.turnerandtownsend.com,HH2026617608104,934972503,Turner & Townsend S.A.C.,Peru,2000+
c140e50d71dcad60915afc8684f85f67,Turner & Townsend Schweiz GmbH,Switzerland,Subsidiary,www.turnerandtownsend.com,HH2026617608104,483948795,Turner & Townsend Schweiz GmbH,Switzerland,2000+
a28025d4482bfd0dd64ef1b595a0217c,"Turner & Townsend, Inc.",USA,Independent,www.turnerandtownsend.com,HH2026081326553,81326553,"Turner & Townsend, Inc.",USA,2000+
424ab0a1a1fd578d8eb76e0d21f04a3e,Turner And Townsend Inc,Canada,Independent,www.turnerandtownsend.com,HH2026248415023,248415023,Turner And Townsend Inc,Canada,2000+
cb83a6026c08615e37adf39f5c916766,Tutor Perini Corporation,USA,Parent,www.tutorperini.com,HH2026006954432,6954432,Tutor Perini Corporation,USA,200+
49688a378642455ffa1a8361a0a59959,UBER EGYPT L.L.C,Egypt,Independent,www.uber.com,HH2026813068692,813068692,UBER EGYPT L.L.C,Egypt,
5a3cb40400361098824494de541b4d6c,UBER SINGAPORE TECHNOLOGY PTE. LTD.,Singapore,Subsidiary,www.uber.com,HH2026599577683,595392659,UBER SINGAPORE TECHNOLOGY PTE. LTD.,Singapore,200+
6f029398cf3b4bafd1f02b91f50df1a5,UBER TURKEY YAZILIM VE TEKNOLOJI HIZMETLERI LIMITED SIRKETI,Turkey,Subsidiary,www.uber.com,HH2026599577683,519959726,UBER TURKEY YAZILIM VE TEKNOLOJI HIZMETLERI LIMITED SIRKETI,Turkey,200+
d9d5021fe694f588abf38e018b3b7d82,UCSD,USA,Independent,www.ucsd.edu,HH2026969966998,969966998,UCSD,USA,50+
96210791a5c5048219ee88167a49e798,UGANDA BREWERIES LTD,Uganda,Subsidiary,www.ugandabreweries.com,HH2026210129250,643628894,UGANDA BREWERIES LTD,Uganda,100+
85e07ccd6f241fbac85874991020d82e,UIPATH AUSTRALIA PTY LTD,Australia,Subsidiary,www.uipath.com,HH2026080298213,744978844,UIPATH AUSTRALIA PTY LTD,Australia,100+
ac3fa2dca2e9c1b902a15c128467bcd3,UIPATH ROBOTIC PROCEss AUTOMATION INDIA PRIVATE LIMITED,India,Subsidiary,www.uipath.com,HH2026080298213,860370800,UIPATH ROBOTIC PROCESS AUTOMATION INDIA PRIVATE LIMITED,India,100+
8dd534d049cdf618ccb60c46e76df98e,UIPATH SRL,Romania,Subsidiary,www.uipath.com,HH2026080298213,534143550,UIPATH SRL,Romania,100+
21602a89d59e4e87106d61252562f682,UIPATH UK LIMITED,United Kingdom,Subsidiary,www.uipath.com,HH2026080298213,221325502,UIPATH UK LIMITED,Japan,100+
4bc3f136cda37c192bcff82f26b3d410,UK-MED,United Kingdom,Independent,www.uk-med.org,HH2026222427618,222427618,UK-MED,United Kingdom,10
0d941bf5a203392fedd84a26fd95e704,ULTIMO PUBLIC SCHOOL,Australia,Subsidiary,www.ultimo-p.schools.nsw.edu.au,HH2026758591293,755789000,ULTIMO PUBLIC SCHOOL,Australia,200+
598769cb58f24199fecd00044ba2bb97,UMB Financial Corporation,USA,Parent,www.umb.com,HH2026055444384,55444384,UMB Financial Corporation,USA,100+
ab75aa541baf14534fd2e37c678db9cb,UNICON SECURITIES PRIVATE LIMITED,India,Parent,www.uniconindia.in,HH2026858364178,858364178,UNICON SECURITIES PRIVATE LIMITED,India,500+
cc3bab82aa9708dd52811fa2ad623f4f,UNILEVER (CAMBODIA) LIMITED,Cambodia,Subsidiary,www.unilever.com,HH2026210300901,659700029,UNILEVER (CAMBODIA) LIMITED,Cambodia,10+
5cb5d9c3ac9fb6e59d1620c66057869e,UNIONTOWN HOSPITAL,USA,Parent,www.uniontownhospital.com,HH2026068734466,68734466,UNIONTOWN HOSPITAL,USA,1000+
b5acdcaf621af67d52b6f14ed64a8430,UNISPACE GLOBAL LIMITED,United Kingdom,Subsidiary,www.unispace.com,HH2026659133446,217382364,UNISPACE GLOBAL LIMITED,United Kingdom,45+
7fd47c835e8ae64c8e0b99c2c62dbf49,UNIT IMAGE,France,Parent,www.unit-image.fr,HH2026262695238,262695238,UNIT IMAGE,France,7
ef33508228da64706c42fa8977840308,UNITED HI-TECH (INDIA) PRIVATE LIMITED,India,Parent,www.unitedhitech.com,HH2026650847325,650847325,UNITED HI-TECH (INDIA) PRIVATE LIMITED,India,50+
4bf7916d2d8e54c352fdadc57cfe1423,UNITED STEELS LIMITED,United Kingdom,Subsidiary,www.unitedsteels.com,HH2026231806200,769504325,UNITED STEELS LIMITED,United Kingdom,50+
012cf427dbe554b96104c41da001f9d,"UNITY PHYSICIAN GROUP, P.C.",USA,,www.unitypg.com,HH2026942314857,942314857,"UNITY PHYSICIAN GROUP, P.C.",USA,100+
5861002f5e5ca4c2e318f903dceac5b2,UPGRADE SRL,Italy,Subsidiary,www.upgradesrl.com,HH2026429197304,439341970,UPGRADE SRL,Italy,20+
a351a1753281df5f5468bbb12dc56504,UPMC Behavioral Health of the Alleghenies,USA,Parent,www.upmc.com,HH2026194509055,194509055,UPMC Behavioral Health of the Alleghenies,USA,500+
233c834f3b586623a23a6468e149360,"UPMC CHAUTAUQUA SERVICES, INC.",USA,,www.upmc.com,HH2026107083785,107083785,"UPMC CHAUTAUQUA SERVICES, INC.",USA,500+
8550299767ce8e4e93b3a637a0e630cf,UPMC Hamot,USA,Subsidiary,www.upmchamot.org,HH2026148177439,68756204,UPMC Hamot,USA,500+
7e63118ceb23cc253381b18d86bd0b9b,UPMC Pinnacle,USA,Subsidiary,www.upmcpinnacle.com,HH2026148177439,966621930,UPMC Pinnacle,USA,500+
aade2bda6b598542bc76181c6e7626d1,UPMS HORIZON SHENANGO VALLEY,USA,Independent,www.upmc.com,HH2026010445487,10445487,UPMS HORIZON SHENANGO VALLEY,USA,500
cb697e1ddd5d5cb85acc220906d90fde,USC Arcadia Hospital,USA,Parent,www.uscarcadiahospital.org,HH2026066694803,66694803,USC Arcadia Hospital,USA,1000+
2ad023ce6b44cdcb2d00c0b50e54fa98,USC Verdugo Hills Hospital Foundation,USA,Subsidiary,www.uscvhh.org,HH2026072933393,75313031,USC Verdugo Hills Hospital Foundation,USA,500+
8ba9c835f414cb013f3aae3438cbf1e9,USC Verdugo Hills Hospital LLC,USA,Subsidiary,www.uscvhh.org,HH2026072933393,79147925,USC Verdugo Hills Hospital LLC,USA,1000+
f60f1a469cbeb96e9a858340baf5bfd1,UST GLOBAL PRIVATE LIMITED,United Kingdom,Subsidiary,www.ust.com,HH2026599454880,778912712,UST GLOBAL PRIVATE LIMITED,United Kingdom,50+
4e57d324e36a4bb44049ce45a5757489,Uber Austria GmbH,Austria,Subsidiary,www.uber.com,HH2026599577683,300389150,Uber Austria GmbH,Austria,200+
e88ba2ef559091a2e42fa27f0686bc59,"UiPath, Inc.",USA,Parent,www.uipath.com,HH2026080298213,80298213,"UiPath, Inc.",USA,100+
88c59746965f6fc17cfef7721087cc5e,Unilabs Slovensko s.r.o.,Slovakia,Subsidiary,www.unilabs.sk,HH2026308621259,522159727,Unilabs Slovensko s.r.o.,Slovakia,24+
6fb0327a6ddc4bd2930ee852b44de8d8,Unilever de Centroamerica S.A.,Honduras,Subsidiary,www.unilever.com,HH2026210300901,850639329,Unilever de Centroamerica S.A.,Honduras,15+
6142e6f6a40b17c014f7eb2640d4d899,"Unisys China Limited, L.L.C.",Hong Kong,Independent,www.unisys.com,HH2026662116920,662116920,"Unisys China Limited, L.L.C.",Hong Kong,400+
4d4fe3b73ed7e8ee58791da51698570f,United Internet Media GmbH,Germany,Subsidiary,www.united-internet-media.de,HH2026498165406,506781009,United Internet Media GmbH,Germany,30+
f4ae24ab1bf910e13f7dde5cc5c935f1,Unity School of Christianity,USA,Subsidiary,www.unity.org,HH2026118936509,7137854,Unity School of Christianity,USA,10
eca1cad706718467f512829b2c2c5c4a,"University Health System Services Of Texas, Inc.",USA,Parent,www.universityhealth.com,HH2026069446656,69446656,"University Health System Services Of Texas, Inc.",USA,100+
d26b941d8db244273c86c320e20754ff,University of Wisconsin System (Inc),USA,,www.universityridge.com,HH2026001778349,967833729,University of Wisconsin System (Inc),USA,24+
2a7a53fc2ddf9256f319499198b308b9,Univision Communications Inc.,USA,Subsidiary,www.univision.com,HH2026811909043,9522694,Univision Communications Inc.,USA,100+
f802afad80c1f2f8b59b56e49c01810e,Upmc Hanover,USA,Parent,www.upmc.com,HH2026069788644,69788644,Upmc Hanover,USA,500+
5971523a72bb369130497e013c661275,Uponor Ltd,Canada,Subsidiary,www.uponor.com,HH2026480002955,251534988,Uponor Ltd,Canada,300+
7f0777f371ded712a2568d4b2580ab0a,Utilita Arena,United Kingdom,Independent,www.utilitaarena.co.uk,HH2026212224894,212224894,Utilita Arena,United Kingdom,100+
c962dd8ede20a6ed47f1170e1147a9ba,VALEO CONFECTIONERY LIMITED,United Kingdom,Subsidiary,www.valeofoods.co.uk,HH2026372386480,297619652,VALEO CONFECTIONERY LIMITED,United Kingdom,35+
a6857475cd968d4fee0ec5e8c3084d07,VALMONT INDUSTRIA E COMERCIO LTDA,Brazil,Subsidiary,www.valmont.com,HH2026922594676,901310198,VALMONT INDUSTRIA E COMERCIO LTDA,Brazil,200+
c66362dbe7fe9c5febe9ab6a3ad4ba72,VALVOLINE (AUSTRALIA) PTY LTD,Australia,,www.valvolineglobal.com,HH2026491929920,749954970,VALVOLINE (AUSTRALIA) PTY LTD,Australia,50+
de7cb76e2c333d902a12bc6d034abaeb,VALVOLINE CUMMINS PRIVATE LIMITED,India,Parent,www.valvoline.com,HH2026918448432,918448432,VALVOLINE CUMMINS PRIVATE LIMITED,India,50+
a74213b05d2792feb052d766a84c367c,VALVOLINE LUBRICANTS & SOLUTIONS INDIA PRIVATE LIMITED,India,Parent,www.valvolineglobal.com,HH2026860350642,860350642,VALVOLINE LUBRICANTS & SOLUTIONS INDIA PRIVATE LIMITED,Mexico,50+
8819aa8d1b9936382a0848495be2424c,VALVOLINE SOUTH AFRICA (PTY) LTD,South Africa,Independent,www.valvoline.com,HH2026637662420,637662420,VALVOLINE SOUTH AFRICA (PTY) LTD,South Africa,50+
2724eb23eb19e3c3f22f3b9095d97c10,VANDERBILT BEHAVIOR HEALTH SCH,USA,Independent,www.vanderbilthealth.com,HH2026101431816,101431816,VANDERBILT BEHAVIOR HEALTH SCH,USA,500+
62ddbdd2916911f993a033417516d1c3,"VARIAN MEDICAL SYSTEMS PHILIPPINES, INC.",Philippines,Subsidiary,www.varian.com,HH2026316067164,659616701,"VARIAN MEDICAL SYSTEMS PHILIPPINES, INC.",Philippines,400+
a5ea82d00b4762ed8f8a65650be3305d,"VARIAN MEDICAL SYSTEMS, INC.",USA,,www.vareximaging.com,HH2026316067164,966281719,"VARIAN MEDICAL SYSTEMS, INC.",USA,400+
751728755c12eade30ee4e6a6bf78edd,"VECTRA AI, INC.",USA,Parent,www.vectra.ai,HH2026039578183,39578183,"VECTRA AI, INC.",USA,20+
e34c4d662015aa0dbfc391db545ea6b0,VELUX BULGARIA EOOD,Bulgaria,Subsidiary,www.velux.bg,HH2026586495814,535210793,VELUX BULGARIA EOOD,Bulgaria,50+
0df400173b0b10dd511e4cb7e2bf39f3,VELUX COMPANY LTD.,United Kingdom,Subsidiary,www.velux.co.uk,HH2026586495814,215864091,VELUX COMPANY LTD.,United Kingdom,100+
382fdd32bda9ea44b8c503228935c1e3,"VELUX Ceska republika, s.r.o.",Czech Republic,Subsidiary,www.velux.cz,HH2026586495814,495105694,"VELUX Česká republika, s.r.o.",Czech Republic,100+
ac13f32413f7001f1319dc00a669def0,VELUX Deutschland GmbH,Germany,Subsidiary,www.velux.de,HH2026586495814,316796465,VELUX Deutschland GmbH,Germany,100+
92410a1902ddc5b2b0c9be6a46f7c8fc,VELUX POLSKA SP Z O O,Poland,Subsidiary,www.velux.pl,HH2026586495814,366054430,VELUX POLSKA SP Z O O,Poland,100+
0642906208e24e2f64ffcd0d24304886,VEOLIA,Oman,Subsidiary,www.veolia.com,HH2026494763675,558353433,VEOLIA,Belgium,2000+
52617f28301f1eafcb457050347a23e9,VEOLIA ES MERSEYSIDE & HALTON LIMITED,United Kingdom,Subsidiary,www.veolia.co.uk,HH2026494763675,211625357,VEOLIA ES MERSEYSIDE & HALTON LIMITED,United Kingdom,100+
08e776d346dfaf2196888e5269c83482,VERIFONE AFRICA (PTY) LTD,South Africa,Independent,www.verifone.com,HH2026567870803,567870803,VERIFONE AFRICA (PTY) LTD,South Africa,35+
5a06084a7c96c57418b2a453b768afdd,VERITAS PREPARATORY ACADEMY,USA,Parent,www.veritasprep.greatheartsamerica.org,HH2026127531916,127531916,VERITAS PREPARATORY ACADEMY,USA,100+
29c59b709ae3174f9112eee16a24fa58,VERMEER EQUIPAMENTOS E TECNOLOGIAS LTDA,Brazil,Parent,www.vermeer.com,HH2026900177305,900177305,VERMEER EQUIPAMENTOS E TECNOLOGIAS LTDA,Brazil,50+
ac1b43a392628014563592cb990c3823,VERSION 1 SOFTWARE UK LIMITED,United Kingdom,Subsidiary,www.version1.com,HH2026226614578,219596610,VERSION 1 SOFTWARE UK LIMITED,United Kingdom,100+
f8f6b729aa8c5b090eb3086066ea55f9,"VIA CHRISTI HEALTH, INC.",USA,Independent,www.viachristi.org,HH2026080785844,80785844,"VIA CHRISTI HEALTH, INC.",USA,400+
d981d603cf563b2126df870f31e87251,VIATRIS PHARMACEUTICALS SL.,Spain,Subsidiary,www.viatris.es,HH2026117542494,462664637,VIATRIS PHARMACEUTICALS SL.,Spain,300+
a53b534ef892d48e3482c238ca33c690,VIEssMANN FRANCE,France,Subsidiary,www.viessmann.fr,HH2026080825355,291526544,VIESSMANN FRANCE,France,24+
294abc09b76478c29035bf3acefd1a62,"VISA PHILIPPINES BUSINEss PROCEssING CENTER, CORP.",Philippines,Subsidiary,www.visa.com.ph,HH2026808040260,722907128,"VISA PHILIPPINES BUSINESS PROCESSING CENTER, CORP.",Philippines,500+
cfacca8d7bda15a643cb59a8db2c4ecb,VISHAY ADVANCED TECHNOLOGIES LTD.,Israel,Subsidiary,www.vishay.com,HH2026031178695,532989159,VISHAY ADVANCED TECHNOLOGIES LTD.,Israel,500+
52ded7799a616f3b57ffab4bd7e40c52,VISIONET Deutschland GmbH,Germany,Subsidiary,www.visionet.com,HH2026947395364,314947378,VISIONET Deutschland GmbH,Germany,30+
7483ef5cdf96f0bdc6d1cbc45b40a23a,VISIONET SYSTEMS PRIVATE LIMITED,India,Subsidiary,www.visionetsystems.com,HH2026947395364,677393098,VISIONET SYSTEMS PRIVATE LIMITED,India,30+
e7f7215d82cbc690f1eb64cf07b5bcba,VISIONINDIA TECH SERVICES LIMITED,India,Parent,www.visel.in,HH2026650073773,650073773,VISIONINDIA TECH SERVICES LIMITED,India,24+
5232affdbe0d50cdfbac14d8afcb5d27,VISTAR METAL INDUSTRIES PRIVATE LIMITED,India,Parent,www.vistarcorp.com,HH2026860265732,860265732,VISTAR METAL INDUSTRIES PRIVATE LIMITED,India,50+
e08142ac66cb6eac3ef7b17ebcc8e1b0,VTEX BRASIL TECNOLOGIA PARA E-COMMERCE LTDA,Brazil,Parent,www.vtex.com,HH2026912931615,912931615,VTEX BRASIL TECNOLOGIA PARA E-COMMERCE LTDA,Brazil,35+
2a8060eda73a0d15994742a9f813c613,Vaco Investor Holdings LLC,USA,Parent,www.vaco.com,HH2026080027882,80027882,Vaco Investor Holdings LLC,USA,1000+
53694efb132a00d4b1a209e3a0ab9d26,Valdres Sparebank,Norway,Parent,www.valdressparebank.no,HH2026519371843,519371843,Valdres Sparebank,Norway,2000+
f3a47a4c0d61ea37b2faea96465c6c64,"Valley Forge Colonial, LLC",USA,Subsidiary,www.valleyforge.org,HH2026617369335,878059971,"Valley Forge Colonial, LLC",USA,
ab607732b01ef50ecf59f11cd13b4a59,"Valley Forge Convention & Visitors Bureau, Ltd.",USA,Independent,www.valleyforge.org,HH2026192808897,192808897,"Valley Forge Convention & Visitors Bureau, Ltd.",USA,1000+
8b9251418c0f8bb25b0ef491e7a4afdd,Van Leeuwen Ice Cream LLC,USA,Parent,www.vanleeuwenicecream.com,HH2026071156979,71156979,Van Leeuwen Ice Cream LLC,USA,100+
91f7d12fa4fb8d633495cd0eab20131,Vanderbilt University (The),USA,,www.vanderbilt.edu,HH2026004413456,4413456,Vanderbilt University (The),USA,24+
f3ea1437efed8ea0545a70ecc2ca3436,Vanderbilt University Medical Center,USA,,www.vanderbilt.edu,HH2026004413456,178598801,Vanderbilt University Medical Center,USA,500+
b04a365f1bc1ae423be8e18bc3588296,Veeam Software Corporation,USA,,www.veeam.com,HH2026809647816,85686523,Veeam Software Corporation,USA,35+
6280693fb1b3db46bf7b69cf379c8e09,"Vein Clinics of America, Inc.",USA,Subsidiary,www.veinclinics.com,HH2026151439767,198483141,"Vein Clinics of America, Inc.",USA,100+
701a5eb9278d06b04ed6212a83647139,"Veit & Company, Inc.",USA,Parent,www.veitusa.com,HH2026008858185,8858185,"Veit & Company, Inc.",USA,50+
e8cb652606f9fc3850ef9d3b56946890,Velux A/S,Denmark,Subsidiary,www.velux.com,HH2026586495814,305055584,Velux A/S,Denmark,100+
922de5dfbeab8a3d8a4bb4acdea4a173,"Veolia Water North America-Central, LLC",USA,Parent,www.veolianorthamerica.com,HH2026555655203,555655203,"Veolia Water North America-Central, LLC",USA,35+
0a70f9bb7136edcec7f9d575ae42ddde,VertiGIS North America Ltd,Canada,Parent,www.vertigis.com,HH2026205545713,205545713,VertiGIS North America Ltd,Canada,15+
0cc87ca0b7134c469369e2bc1b41d711,Viatris AB,Sweden,Subsidiary,www.viatris.se,HH2026117542494,351065014,Viatris AB,Sweden,300+
7de86340c9bdc8f0d6b07bd745bc66ec,Victoria Airport Authority,Canada,Parent,www.victoriaairport.com,HH2026256776428,256776428,Victoria Airport Authority,Canada,3
9469f5d2645a966fe5446855daf23043,Viessmann ApS,Denmark,Subsidiary,www.viessmann.dk,HH2026080825355,305359036,Viessmann ApS,Denmark,30+
b0e6d40b1da2eef38832d1f4d0347441,"Village Shalom, Inc.",USA,Independent,www.villageshalom.org,HH2026061279597,61279597,"Village Shalom, Inc.",USA,20+
6709b78f7e42b40e23dc154fdf67463c,"Vision Technologies, LLC",USA,Parent,www.visiontechnologies.com,HH2026017631941,17631941,"Vision Technologies, LLC",USA,45+
8be86b9f1a12b352c403e8749d5e13aa,Visionet Systems Inc.,USA,Parent,www.visionet.com,HH2026947395364,947395364,Visionet Systems Inc.,USA,30+
853d49d3925f73494be898a207655439,Vivid Seats LLC,USA,Subsidiary,www.vividseats.com,HH2026118340534,18857688,Vivid Seats LLC,USA,20+
8c495c751717c5a05469f49917532950,Vixxo Corporation,USA,Parent,www.vixxo.com,HH2026021958512,21958512,Vixxo Corporation,USA,24+
61fe03d75140189fb5c78817dd680746,Volaris Group Inc,Canada,Subsidiary,www.volarisgroup.com,HH2026253970487,253225999,Volaris Group Inc,Canada,24+
76af677ffe3c721ee69c5b51345125bb,Vorwerk SE & Co. KG,Germany,Parent,www.vorwerk-group.com,HH2026318947157,318947157,Vorwerk SE & Co. KG,Germany,50+
484fe0f74f75f00f49f7cb3a1bf7c67b,"Vuori, Inc.",USA,Parent,www.vuoriclothing.com,HH2026115411718,115411718,"Vuori, Inc.",USA,200+
ef8054342f904fc542c92cb286fe1ba2,WARDELL ARMSTRONG LLP,United Kingdom,Parent,www.wardell-armstrong.com,HH2026738069728,738069728,WARDELL ARMSTRONG LLP,United Kingdom,100+
0b38ec3aef9998261f3a6614174cc0fc,WATPAC LIMITED,Australia,Parent,www.watpac.com.au,HH2026759327414,759327414,WATPAC LIMITED,Australia,300+
48223332f742f7ca1037dc98975c82ed,WAVESTONE,France,Parent,www.wavestone.com,HH2026765965926,765965926,WAVESTONE,France,200+
7dc95042233197f740e4ffd0f994944e,"WAVIN BALTIC, UAB",Lithuania,Subsidiary,www.wavin.com,HH2026810995415,552754996,"WAVIN BALTIC, UAB",Lithuania,24+
5d948664e739922747208e86f03bc679,WAVIN FRANCE,France,,www.wavin.com,HH2026810995415,281898353,WAVIN FRANCE,France,24+
de80106bf9c8e8ebd986fbde53225876,WAVIN IRELAND LIMITED,Ireland,Subsidiary,www.wavin.com,HH2026810995415,219553013,WAVIN IRELAND LIMITED,Ireland,30+
79e00caf3a16b52a7aa3241c67c3e577,WAVIN ITALIA SPA,Italy,Subsidiary,www.wavin.com,HH2026810995415,443227368,WAVIN ITALIA SPA,Italy,30+
761bb48eb2875c75ff496a80c893513f,WAVIN SINGAPORE HOLDING PTE. LTD.,Singapore,Subsidiary,www.wavin.com,HH2026810995415,659250943,WAVIN SINGAPORE HOLDING PTE. LTD.,Singapore,30+
eb4ed34ec690b1dbd0d34c9c96e951f1,WDF Inc.,USA,Subsidiary,www.wdfinc.net,HH2026006954432,12420824,WDF Inc.,USA,200+
9739bb699f71fe8408d14046ad3ecd86,WEBHELP MAROC,Morocco,Independent,www.webhelp.ma,HH2026354158389,354158389,WEBHELP MAROC,Morocco,1000+
ca48ed63f478c1c4dcc8afd9a0b8e4e8,WELLINGTON MANAGEMENT INTERNATIONAL LIMITED,United Kingdom,Subsidiary,www.wellington.com,HH2026071719793,222655289,WELLINGTON MANAGEMENT INTERNATIONAL LIMITED,United Kingdom,100+
7dcbb039a78b2818713efa22284b7301,WESTERN DIGITAL (ARGENTINA) S.A.,Argentina,Subsidiary,www.westerndigital.com,HH2026051983567,979329760,WESTERN DIGITAL (ARGENTINA) S.A.,Argentina,300+
6d391da37af33c31fc18f9ba12d2a27b,WESTERN DIGITAL TECHNOLOGIES GK,Japan,Subsidiary,www.westerndigital.com,HH2026051983567,698670960,ウエスタンデジタルテクノロジーズ合同会社,Japan,300+
f5bf83c3707d9f0a44fabbc75058806c,WESTERN FARM FRESH PRIVATE LIMITED,India,Parent,www.westernfarmfresh.com,HH2026918271677,918271677,WESTERN FARM FRESH PRIVATE LIMITED,India,50+
6fe7bf560f8a77203c5b9e9cc7490757,WESTERN UNION CORRETORA DE CAMBIO SA,Brazil,Subsidiary,www.westernunion.com,HH2026900494661,914686530,WESTERN UNION CORRETORA DE CAMBIO SA,Brazil,50+
fd402cf691c80408c2cff14411bdf4ce,WESTLAKE BOYS HIGH SCHOOL,New Zealand,Independent,www.westlakebhs.school.nz,HH2026760941351,760941351,WESTLAKE BOYS HIGH SCHOOL,New Zealand,300+
f15b5c33cd8e4534cf2f73fc33ba09a1,WESTPORTS HOLDINGS BERHAD,Malaysia,Parent,www.westportsholdings.com,HH2026659345813,659345813,WESTPORTS HOLDINGS BERHAD,Malaysia,15+
3029a539b262f4321224763f5d36b70d,"WMTW Broadcast Group, LLC",USA,Subsidiary,www.wmtw.com,HH2026001527241,14281427,"WMTW Broadcast Group, LLC",USA,24+
45c0ccfce98c1582208446c1c5867daa,WNS AssISTANCE LIMITED,United Kingdom,Subsidiary,www.wnsa.com,HH2026382014330,536170145,WNS ASSISTANCE LIMITED,United Kingdom,300+
e3b6c75517ae3ccf93a702f4791abf3e,"WOLT LT, UAB",Lithuania,Subsidiary,www.wolt.com,HH2026025918229,536740923,"WOLT LT, UAB",Lithuania,300+
a56d6ef71768d98dd9750c211e083a92,WOOD MACKENZIE (AUSTRALIA) PTY LTD,Australia,Parent,www.woodmac.com,HH2026753171227,753171227,WOOD MACKENZIE (AUSTRALIA) PTY LTD,Australia,50+
a47b9211d4a8f3a1f70b503d9dc7db2c,WOOD MACKENZIE DO BRASIL LTDA.,Brazil,Independent,www.woodmac.com,HH2026899656231,899656231,WOOD MACKENZIE DO BRASIL LTDA.,Brazil,50+
1cd8b21251f7f26f96116f6a51cc0d2,"WOODWARD LEADERSHIP ACADEMY, INC.",USA,,www.woodwardleadershipacademy.com,HH2026078479232,78479232,"WOODWARD LEADERSHIP ACADEMY, INC.",USA,100+
add43c7c95f0ade4078720c11efa9b91,"WOVEN BY TOYOTA, INC.",Japan,Subsidiary,www.woven.toyota,HH2026690564737,718451499,ウーブン・バイ・トヨタ株式会社,Japan,100+
7070d5de752f3a2cd47465a41f075b5,WPP MEDIA PLUS SRL,Italy,,www.wppmedia.com,HH2026218784436,458508475,WPP MEDIA PLUS SRL,Italy,1000+
59ef7f250d4f85eb4ff56fc4477bd172,WPP Media Sweden AB,Sweden,Subsidiary,www.wppmedia.com,HH2026353939887,775462216,WPP Media Sweden AB,Sweden,1000+
baa4ff29bb762ae1eda8f208b621212a,WVU MEDICINE,USA,Subsidiary,www.wvumedicine.org,HH2026068734466,38382002,WVU MEDICINE,USA,2000+
f1df8cfaf651cea6df2bd5785f69a893,"Wastequip, LLC",USA,Subsidiary,www.wastequip.com,HH2026824891477,608567756,"Wastequip, LLC",USA,50+
539c4d638ecf07b750d794dc389aa062,"WatchGuard Technologies, Inc.",USA,Parent,www.watchguard.com,HH2026943069856,943069856,"WatchGuard Technologies, Inc.",USA,24+
e0e3522d30f723e8949700bc4a914b6,"Waterford Hotel Group, LLC",USA,,www.waterfordhotelgroup.com,HH2026177485679,177485679,"Waterford Hotel Group, LLC",USA,100+
231f6f6def6d8998085f7d3e3219aefa,"Watertown Regional Medical Center, Inc.",USA,Parent,www.watertownregional.com,HH2026118013227,118013227,"Watertown Regional Medical Center, Inc.",USA,2000+
93fc6b2e7b02a5316c76ca3c4fcb42a1,Wavin Belgium,Belgium,Subsidiary,www.wavin.com,HH2026810995415,282928266,Wavin Belgium,Belgium,24+
018a9d42e153612f118a0a9befc46280,Wavin Czechia s.r.o.,Czech Republic,Subsidiary,www.wavin.com,HH2026810995415,722056327,Wavin Czechia s.r.o.,Czech Republic,30+
c6cbbebc76dc659c977493373ccc57e7,Wavin Finland Oy,Finland,Subsidiary,www.wavin.com,HH2026810995415,368679536,Wavin Finland Oy,Finland,24+
b960d5396e6dac8bb96757538441bb34,Wavin Nederland B.V.,Netherlands,Subsidiary,www.wavin.com,HH2026810995415,403313836,Wavin Nederland B.V.,Netherlands,24+
42d8be753ed4d43a54071523cd68b629,"Wavin Slovakia, s.r.o.",Slovakia,Subsidiary,www.wavin.com,HH2026810995415,523425788,"Wavin Slovakia, s.r.o.",Slovakia,24+
c912fa4f63a9b38661b56b587d9c68b4,Wayne Community College,USA,Subsidiary,www.waynecc.edu,HH2026003459047,40037475,"Trustees of Wayne Community College, The",USA,1000+
62f0c00df8be4b1038425cd5ffbd943a,Weidmann Holding AG,Switzerland,Parent,www.weidmann-group.com,HH2026482378858,482378858,Weidmann Holding AG,Switzerland,10+
46a09d5dcbfe4bbec0a570cf410b543e,Weidmann Plastics Holding Inc.,USA,Subsidiary,www.weidmann-group.com,HH2026482378858,133116066,Weidmann Plastics Holding Inc.,USA,10+
8482f6829285e079db585ab9b0d2b910,"Weirton Medical Center, Inc.",USA,Parent,www.weirtonmedical.com,HH2026072166051,72166051,"Weirton Medical Center, Inc.",USA,2000+
ea8eefb9d4e5ead2ddd5882b7337c899,Wellington Independent School District,USA,Parent,www.wellingtonisd.net,HH2026102460995,102460995,Wellington Independent School District,USA,100+
0e27de80a7b0bdb066b8233585d542b3,Wellington Place LLC,USA,Parent,www.wellingtonplaceapartments.com,HH2026612633388,612633388,Wellington Place LLC,USA,100+
ef6238b8ff9ed35a09698f74899663f9,West Milford Board Of Education (inc),USA,Parent,www.westmilfordmessenger.com,HH2026122144090,122144090,West Milford Board Of Education (inc),USA,2000+
f96ab5faf8995f1cd550671de6ac1b4d,West Monona Community School District,USA,Parent,www.westmonona.org,HH2026057584864,57584864,West Monona Community School District,USA,100+
cfec7247253e2e9a2f7998ea3cdaee38,Western Alliance Bancorporation,USA,Parent,www.westernalliancebancorporation.com,HH2026016441284,16441284,Western Alliance Bancorporation,USA,100+
621d33c4ed674db54daf3d1a6049bd9f,Western Beaver County School District,USA,Parent,www.westernbeaver.org,HH2026031465891,31465891,Western Beaver County School District,USA,
09551b4027c1e9552d38195464d32bb0,Western Digital Corporation,USA,Parent,www.westerndigital.com,HH2026051983567,51983567,Western Digital Corporation,USA,300+
fae20115c21f97720453abace67bb160,"Western Digital Technologies, Inc.",USA,Subsidiary,www.westerndigital.com,HH2026051983567,831069245,"Western Digital Technologies, Inc.",USA,300+
57e51b4e66637939a6fb7cc7058063a9,Westlake Epoxy B.V.,Netherlands,Subsidiary,www.westlakeepoxy.com,HH2026489830312,403861292,Westlake Epoxy B.V.,Netherlands,300+
27f982d1be1bac396a53f5804d18743d,Wiener Staatsoper GmbH,Austria,Subsidiary,www.wiener-staatsoper.at,HH2026301411641,303744270,Wiener Staatsoper GmbH,Austria,2
791fd2e0293729dbecad99dcd8152c91,"Willbros Group, Inc.",USA,Subsidiary,www.willbros.com,HH2026606886054,830069303,"Willbros Group, Inc.",USA,500+
5363cc4615be7a5c00a5c1b0971fbdb9,"Wilson & Company, Inc., Engineers & Architects",USA,Parent,www.wilsonco.com,HH2026007448715,7448715,"Wilson & Company, Inc., Engineers & Architects",USA,100+
a56a6f445869c5acfc95de90b0c0fe9e,Wilson College,USA,Independent,www.wilson.edu,HH2026069792562,69792562,Wilson College,USA,10
9dfbe9f1ea0332bf9a284a30c4e64dfe,"Wilson Engineers, LLC",USA,Subsidiary,www.wilson-engineers.com,HH2026115311620,831116517,"Wilson Engineers, LLC",USA,400+
88ec27dc1d9b60cc25be461d15134234,"Wilson Human Capital Group, Inc",USA,Parent,www.wilsonhr.com,HH2026623670408,623670408,"Wilson Human Capital Group, Inc",USA,300+
e3666ab33fb90618ca3a6f330e7b4ee0,Wings Financial Credit Union,USA,Parent,www.wingsfinancial.com,HH2026077638575,77638575,Wings Financial Credit Union,USA,20+
f8e1d1e425830a64c6ca613b5bb272d0,Winona State University,USA,Subsidiary,www.winona.edu,HH2026064754757,806782405,Winona State University,USA,100+
37379d05b3601a7ace9123a3edb2eb5a,"Winston Financial Services, Inc.",USA,Subsidiary,www.winstonbenefits.com,HH2026004429478,620418392,"Winston Financial Services, Inc.",USA,200+
6d2db76d0740cd9f3ef49c2a2af81c98,Wofford College,USA,Parent,www.wofford.edu,HH2026078060613,78060613,Wofford College,USA,10
fb2799a8c4bb9234ed9f0a99b6f7f264,Wohnungsgenossenschaft Grüne Mitte Hellersdorf eG,Germany,Parent,www.wohnungsgenossenschaft.de,HH2026498925106,498925106,"Wohnungsgenossenschaft ""Grüne Mitte"" Hellersdorf eG",Germany,50+
f05b2c0de75737a9b16e4776155670fa,"Wolfspeed, Inc.",USA,Parent,www.wolfspeed.com,HH2026183252501,183252501,"Wolfspeed, Inc.",USA,100+
aa15de3068d617bef22c170d7c178294,Wolt Danmark ApS,Denmark,Subsidiary,www.wolt.com,HH2026025918229,305715479,Wolt Danmark ApS,Denmark,300+
c268094aa912bc0becd2f8559b272dc2,Wolt Latvija SIA,Latvia,Subsidiary,www.wolt.com,HH2026025918229,521942082,Wolt Latvija SIA,Latvia,300+
89cd490cf31f3ad545d2e6b1c6fbc484,Wonderful College Prep Academy,USA,Parent,www.wonderfulcollegeprepacademy.org,HH2026080397645,80397645,Wonderful College Prep Academy,USA,200+
42aa947890973bd1e40985f18ed0ff48,Woodward L'Orange GmbH,Germany,Subsidiary,www.woodward.com,HH2026005069380,315008185,Woodward L'Orange GmbH,Germany,100+
6459c6ca64ffc76b30d8c19f6b987d4d,"Woodward, Inc.",USA,Parent,www.woodward.com,HH2026005069380,5069380,"Woodward, Inc.",USA,100+
48369b4f01529313df24003c236bd656,Workiva Inc.,USA,Parent,www.workiva.com,HH2026023739054,23739054,Workiva Inc.,USA,100+
7caf882a5387713b72526f7de251cd16,Workiva Netherlands B.V.,Netherlands,Subsidiary,www.workiva.com,HH2026023739054,491138300,Workiva Netherlands B.V.,Netherlands,100+
e168893802ea466f01fe5b3c1ebf404c,"Worldpay Integrated Payments, LLC",USA,Subsidiary,www.worldpay.com,HH2026030772334,121299429,"Worldpay Integrated Payments, LLC",USA,200+
a38093266a9910f5c164b8da673cf54a,"Worldpay, Inc.",USA,Subsidiary,www.worldpay.com,HH2026005047290,78433177,"Worldpay, Inc.",USA,200+
a9dd7a9c20eb0e6d0a4c6b1859df437d,Wunderflats GmbH,Germany,Parent,www.wunderflats.com,HH2026313367696,313367696,Wunderflats GmbH,Germany,1
c3360de73ddf3fdfd3163cb400cb8590,XCMG Europe GmbH,Germany,Subsidiary,www.xcmg-europe.de,HH2026420510570,341687042,XCMG Europe GmbH,Germany,50+
5a762f0bb132cc53ebd82ff67995ba3b,XEROX,France,Subsidiary,www.xerox.com,HH2026117052210,275942480,XEROX,France,300+
46e9a6870a6a6773b404c2adee04a2d2,XEROX (UK) LIMITED,United Kingdom,Subsidiary,www.xerox.co.uk,HH2026117052210,217138536,XEROX (UK) LIMITED,United Kingdom,300+
b5be74eb21966e7f30c584949a022cfc,XEROX ESPAÃ‘A SOCIEDAD ANONIMA,Spain,Subsidiary,www.xerox.es,HH2026117052210,462011263,XEROX ESPAÑA SOCIEDAD ANONIMA,Spain,300+
5b271f614d508eb1845158e931533dc,XEROX HELLAS ANONYMOS EMPORIKI ETAIRIA EMPORIAS SYSTIMATON DIACHEIRISIS EGGRAFON KAI ORGAN,Greece,,www.xerox.gr,HH2026117052210,728466561,XEROX HELLAS ANONYMOS EMPORIKI ETAIRIA EMPORIAS SYSTIMATON DIACHEIRISIS EGGRAFON KAI ORGAN,Greece,300+
f9165c9c56f9d814bfae6eceed6e9190,XEROX INDIA LIMITED,India,Parent,www.xerox.com,HH2026650690621,650690621,XEROX INDIA LIMITED,India,300+
c807659ff522281f38483bf44e466441,XEROX SPA,Italy,Subsidiary,www.xerox.it,HH2026117052210,429002488,XEROX SPA,Italy,300+
fca738328f473ac318f84040626345ca,XEROX TECHNOLOGY SERVICES,France,Subsidiary,www.xerox.com,HH2026117052210,291529761,XEROX TECHNOLOGY SERVICES,France,300+
6edd1253d901fbd1c2bde55731a1be0f,XYLEM WATER SOLUTIONS AUSTRALIA LIMITED,Australia,Subsidiary,www.xylem.com,HH2026968848734,750311839,XYLEM WATER SOLUTIONS AUSTRALIA LIMITED,Australia,500+
c0cca25847dcc7b7a3bd65ffd5cddd00,Xerox Austria GmbH,Austria,Subsidiary,www.xerox.com,HH2026117052210,300137775,Xerox Austria GmbH,Austria,300+
7dcf3c8eaaa9cfc9edf38bbd7ce99520,Xerox Holding Deutschland GmbH,Germany,Subsidiary,www.xerox.com,HH2026117052210,341857560,Xerox Holding Deutschland GmbH,Germany,300+
0636e3aee68630a0d9cd56fb1370eade,Xerox Israel Ltd.,Israel,Subsidiary,www.xerox.com,HH2026117052210,514479260,Xerox Israel Ltd.,Israel,300+
01f278b79c99cb3334e72c6394a3c69c,"Xerox Mexicana, S.A. de C.V.",Mexico,Subsidiary,www.xerox.com.mx,HH2026117052210,810009936,"Xerox Mexicana, S.A. de C.V.",Mexico,300+
475fdbbc7c65c9bf73c2c64e42329184,Xerox Sverige AB,Sweden,Subsidiary,www.xerox.com,HH2026117052210,354061434,Xerox Sverige AB,Sweden,300+
0d84265796439ea89b81debfae92572b,Xylem Inc.,USA,Parent,www.xylem.com,HH2026968848734,968848734,Xylem Inc.,USA,500+
c0eafb12d63ae151a9dfaf1efaa4498e,Xylem Water Solutions Peru S.A.,Peru,Subsidiary,www.xylem.com,HH2026968848734,934977989,Xylem Water Solutions Perú S.A.,Peru,500+
36507ff8df75b1d24973592afa53ffba,YOTPO LTD,Israel,Parent,www.yotpo.com,HH2026649128782,649128782,YOTPO LTD,Israel,15+
02893b57e987dba31387ba10e7074cbe,YOULEND LIMITED,United Kingdom,Independent,www.youlend.com,HH2026225857831,225857831,YOULEND LIMITED,United Kingdom,30+
e6526541772677393f2a69247eb712a2,"Year Up, Inc.",USA,Parent,www.yearup.org,HH2026090121190,90121190,"Year Up, Inc.",USA,10+
bd0d07f0878c457d88b3ab5734eda50f,Yotpo Inc,USA,Subsidiary,www.yotpo.com,HH2026649128782,79876278,Yotpo Inc,USA,15+
c0f4525d1e6120c531772d7e21eb5e40,Yubico Inc.,USA,Independent,www.yubico.com,HH2026046832835,46832835,Yubico Inc.,USA,
0c9df81fbe836f96fcb957e4def98756,ZENDESK PTY LTD,Australia,Subsidiary,www.zendesk.com,HH2026118897117,745579771,ZENDESK PTY LTD,Australia,50+
f45cd7964a515cf9f2269ab7cf0257ae,ZOETIS VIETNAM LIMITED LIABILITY COMPANY,Vietnam,Subsidiary,www.zoetis.com,HH2026370053142,556422446,ZOETIS VIETNAM LIMITED LIABILITY COMPANY,Vietnam,100+
271e08fa50c4224ed6b339a58944b025,ZOLVE INNOVATIONS PRIVATE LIMITED,India,Subsidiary,www.zolve.com,HH2026118759692,854284500,ZOLVE INNOVATIONS PRIVATE LIMITED,India,15+
e9f41fb9bba9eb634540cbd68d17109e,ZYNGA GAME NETWORK INDIA PRIVATE LIMITED,India,Subsidiary,www.zynga.com,HH2026829681063,862863860,ZYNGA GAME NETWORK INDIA PRIVATE LIMITED,India,45+
249c9886e8474d44b9f40833eb0e34e2,"Zendesk, Inc.",USA,Subsidiary,www.zendesk.com,HH2026118897117,961919805,"Zendesk, Inc.",USA,50+
f258b1a20484a2013da980a7a8c6c723,Zeppelin Baumaschinen GmbH,Germany,Subsidiary,www.zeppelin-cat.de,HH2026325919421,344009592,Zeppelin Baumaschinen GmbH,Germany,200+
9dc2603a5a5b4e3a5fdc9629e9ec11ac,Zeppelin Danmark A/S,Denmark,Subsidiary,www.zeppelin-cat.dk,HH2026325919421,306120238,Zeppelin Danmark A/S,Denmark,
85ad366f4581f66f36ff3d8269a54454,Zeppelin International AG,Switzerland,Subsidiary,www.zeppelin.com,HH2026325919421,482490575,Zeppelin International AG,Switzerland,
edc64753d6bf27d5b2ee9689eb252a33,Zeppelin Rental Danmark A/S,Denmark,Subsidiary,www.zeppelin-rental.dk,HH2026325919421,305726218,Zeppelin Rental Danmark A/S,Denmark,200+
b3f58a10859ee45773ba92dfcd265583,Zeppelin Rental osterreich GmbH & Co. KG,Austria,Subsidiary,www.zeppelin-rental.at,HH2026325919421,300445908,Zeppelin Rental Österreich GmbH & Co. KG,Austria,200+
9f1ce2082a6339cc78bc1317c73dc36b,Zeppelin Sverige AB,Sweden,Subsidiary,www.zeppelin-cat.se,HH2026325919421,350659658,Zeppelin Sverige AB,Sweden,200+
0aa0adf4c55eb026ad90540c95c53d92,Zeppelin osterreich GmbH,Austria,Subsidiary,www.zeppelin-cat.at,HH2026325919421,301307674,Zeppelin Österreich GmbH,Germany,
40e891cdcd00c04e80031e110ef747e5,Zoetis Costa Rica Sociedad de Responsabilidad Limitada,Costa Rica,Independent,www.zoetis.com.cr,HH2026815741685,815741685,Zoetis Costa Rica Sociedad de Responsabilidad Limitada,Costa Rica,100+
6b5a672f52a683457d3b901e0a8fa1ff,Zynga Inc.,USA,Subsidiary,www.zynga.com,HH2026829681063,15495485,Zynga Inc.,USA,45+
c2d4c85a96a93b08129b75c3cf4adadb,aeRCAP IRELAND LIMITED,Ireland,Subsidiary,www.aercap.com,HH2026414873385,219682093,AERCAP IRELAND LIMITED,Ireland,3
432893fa5522f33bec1aeb56371f2b0c,"aeS Puerto Rico, L.P.",USA,Subsidiary,www.aespuertorico.com,HH2026043857812,160160420,"AES Puerto Rico, L.P.",USA,100+
0d5ffbd2beb4f78c4fd1295e2ccca3bc,aecon Infrastructure Management Inc.,Canada,Parent,www.aecon.com,HH2026204041086,204041086,Aecon Infrastructure Management Inc.,Canada,24+
e98045da5641b3a7c9f7bf4f8719c1e1,aerCap U.S. Global Aviation LLC,USA,Subsidiary,www.aercap.com,HH2026414873385,26060923,AerCap U.S. Global Aviation LLC,USA,3
f477e6aae72b630ec8b30de1d28317ad,camos Software und Beratung GmbH,Germany,Subsidiary,www.camos.de,HH2026372481797,321091316,camos Software und Beratung GmbH,Germany,10
de3c1335f123c9e670981dae0a38eb37,"comScore, Inc.",USA,Parent,www.comscore.com,HH2026106724599,106724599,"comScore, Inc.",USA,3
21ef9f8fe2fa2599a0e69a5fa8a95102,delfort International GmbH,Austria,Subsidiary,www.delfortgroup.com,HH2026301683710,300214887,delfort International GmbH,Austria,50+
fe746247a37da9c26f226081070d5e00,"iHeartMedia Capital II, LLC",USA,Subsidiary,www.iheart.com,HH2026827761300,968138813,"iHeartMedia Capital II, LLC",USA,200+
f9246280ac2b66321e3553f7f47ffff1,"iHeartMedia, Inc.",USA,Parent,www.iheartmedia.com,HH2026827761300,827761300,"iHeartMedia, Inc.",USA,200+
fc37a21212bfda2aa146f57a7090f1a6,iProspect Nederland B.V.,Netherlands,Subsidiary,www.iprospect.com,HH2026690545991,415470439,iProspect Nederland B.V.,Netherlands,500+
730fede7a45b407bf9cd2399f2aade11,netcup GmbH,Germany,Subsidiary,www.netcup.de,HH2026300377543,341296972,netcup GmbH,Germany,20+
0a061110d8528b7ab75cf32f7b153118,palero capital GmbH,Germany,Parent,www.palero.de,HH2026341558391,341558391,palero capital GmbH,Germany,6
61d3d3b01515eb6fa05c116826655857,sanofi-aventis d.o.o.,Slovenia,Subsidiary,www.sanofi.com,HH2026739980787,534673207,sanofi-aventis d.o.o.,Slovenia,100+
80818b31449e82ecd0ed2399929263d9,seca GmbH & Co. KG,Germany,Subsidiary,www.seca.com,HH2026317197663,316584937,seca GmbH & Co. KG,Germany,24+
d75c5ef4befabd54959d255df18f440c,secunet Security Networks Aktiengesellschaft,Germany,,www.secunet.com,HH2026342689864,314626326,secunet Security Networks Aktiengesellschaft,Germany,35+
42e201bf364fc207541267ab94fbe501,sepago GmbH,Germany,Subsidiary,www.sepago.de,HH2026508395720,331091251,sepago GmbH,Germany,20+
91487a8943d3f804e636d76535ddf346,shopware AG,Germany,Independent,www.shopware.com,HH2026312797134,312797134,shopware AG,Germany,10
4e0d338616caf020766a3ebb3299a272,ssR Mining Inc,Canada,Parent,www.ssrmining.com,HH2026201159365,201159365,SSR Mining Inc,Canada,50+
01688ca577bc8aa93314c8523b59f97d,uniQure biopharma B.V.,Netherlands,Subsidiary,www.uniqure.com,HH2026490410830,415053961,uniQure biopharma B.V.,Netherlands,24+
51528a97863daf4278478e08f4d84ebb,"'MKTG, Inc.'",USA,Subsidiary,,HH2026690545991,835695453,"'MKTG, Inc.'",USA,500+
76bac37d3a500642f9f4d14af1003336,.FERRING PHARMACEUTICALS LTD,Israel,Subsidiary,,HH2026531924093,533200333,.FERRING PHARMACEUTICALS LTD,Israel,50+
ffd58e0d7c98ba972cc86cfdbd4b3208,1&1 Versatel Deutschland Gmbh,Germany,Subsidiary,,HH2026498165406,537335176,1&1 Versatel Deutschland GmbH,Germany,10
2ddd907b90b746847bfbf46b8d7e37b2,3D CUBIC,India,Independent,,HH2026581717166,581717166,3D CUBIC,India,100+
75459809cee0999b807d6cdb07aa8e79,3M UNITED KINGDOM PUBLIC LIMITED COMPANY,United Kingdom,Subsidiary,,HH2026006173082,288769359,3M UNITED KINGDOM PUBLIC LIMITED COMPANY,United Kingdom,50+
f1815a98b6923571f4455355044a22c3,A Services Group LLC,USA,Parent,,HH2026624448416,624448416,A Services Group LLC,USA,
08e4915030122415ee803d183837fe96,"A.C.T. Lighting, Inc.",USA,Parent,,HH2026024479745,24479745,"A.C.T. Lighting, Inc.",USA,200+
49426acbb3e257a1456993ab0845cc6,A.R. Thomson Group Inc,Canada,,,HH2026259921070,259921070,A.R. Thomson Group Inc,Canada,400+
ea754fa63e74715606ba7f611c533987,"AAT, INCORPORATED",USA,Parent,,HH2026621104475,621104475,"AAT, INCORPORATED",USA,
94195d3b843993b808a82eabe74425fe,ABBOTT DIAGNOSTICOS RAPIDOS SA,Brazil,Subsidiary,,HH2026001307602,899786057,ABBOTT DIAGNOSTICOS RAPIDOS SA,Brazil,2000+
00f089a5777a0541f914e42d006cecac,ABBOTT DIAGNOSTICS MEDICAL PRIVATE LIMITED,India,Subsidiary,,HH2026001307602,918431326,ABBOTT DIAGNOSTICS MEDICAL PRIVATE LIMITED,India,2000+
aae495090bf4db2012b254393d5fa101,ABBOTT LABORATORIES LIMITED,Hong Kong,Subsidiary,,HH2026001307602,686307950,ABBOTT LABORATORIES LIMITED,Thailand,2000+
cd0799c961c3ec72e7e8df730a78084d,ABBOTT LABORATORIES POLAND SP Z O O,Poland,Subsidiary,,HH2026001307602,366028210,ABBOTT LABORATORIES POLAND SP Z O O,Poland,2000+
9427577b6379cb3b71500ff367991cea,ABBOTT RAPID DIAGNOSTICS LIMITED,New Zealand,Subsidiary,,HH2026001307602,594996139,ABBOTT RAPID DIAGNOSTICS LIMITED,New Zealand,2000+
336cd1ffd380ae193ac6b3cb0e279b6c,ABBOTT SAUDI ARABIA TRADING COMPANY,Saudi Arabia,Subsidiary,,HH2026001307602,557856347,ABBOTT SAUDI ARABIA TRADING COMPANY,Saudi Arabia,1000+
89594647d447658b6eadcfdd04bcfc26,ABBOTT SRL,Italy,Subsidiary,,HH2026001307602,430747238,ABBOTT SRL,Italy,2000+
8c70475634a38f83091d57b54a4e0d7a,ABI-HEALTH DIAGNOSTICS PRIVATE LIMITED,India,Subsidiary,,HH2026595283287,860251500,ABI-HEALTH DIAGNOSTICS PRIVATE LIMITED,India,400+
8930dcfb42c3a98f600b720202d9f0c7,ACCENTURE BULGARIA EOOD,Bulgaria,Subsidiary,,HH2026985015354,523841162,ACCENTURE BULGARIA EOOD,Bulgaria,2000+
46dd0abeee5f4e694ea990096c0d95eb,"ACCENTURE BUSINESS SERVICE, INC.",Philippines,Subsidiary,,HH2026985015354,718990427,"ACCENTURE BUSINESS SERVICE, INC.",Philippines,1000+
578c5ec8fd960aeba2ff95cf9b41f17e,ACCENTURE CAPITAL PROJECTS AND ENGINEERING SERVICES SRL,Italy,Subsidiary,,HH2026985015354,433998877,ACCENTURE CAPITAL PROJECTS AND ENGINEERING SERVICES SRL,Italy,1000+
fb0c32944f2e2563470ee8ce81590151,ACCENTURE EGYPT LLC,Egypt,Subsidiary,,HH2026985015354,850513460,ACCENTURE EGYPT LLC,Egypt,1000+
0779141c167d37c9fdf81fe08dbfdb4c,ACCENTURE ENDUSTRIYEL YAZILIM COZUMLERI LIMITED SIRKETI,Turkey,Subsidiary,,HH2026985015354,565745353,ACCENTURE ENDUSTRIYEL YAZILIM COZUMLERI LIMITED SIRKETI,Turkey,1000+
52851bbaf594532387f9dbac58cebfaa,ACCENTURE FRANCE DEFENSE,France,Subsidiary,,HH2026985015354,277793334,ACCENTURE FRANCE DEFENSE,France,1000+
ba9b38c2512f539c5d25fc58527fea60,ACCENTURE GLOBAL ENGAGEMENTS LIMITED,Ireland,Subsidiary,,HH2026985015354,985765386,ACCENTURE GLOBAL ENGAGEMENTS LIMITED,Ireland,1000+
89cad5e3b923db4bcd0270754fdf479e,ACCENTURE IX PTY LTD,Australia,Subsidiary,,HH2026985015354,741639975,ACCENTURE IX PTY LTD,Australia,1000+
77ac8bbd38fded1c09179ec0d683f4d3,ACCENTURE LTDA,Colombia,Independent,,HH2026880222872,880222872,ACCENTURE LTDA,Colombia,1000+
2795ccad3a966fecd0a6bf4f062fb94b,ACCENTURE MAGHREB,Morocco,Subsidiary,,HH2026985015354,354194957,ACCENTURE MAGHREB,Morocco,1000+
b028f55ed4b832d5842f60fcfe26d8b1,ACCEss UK LTD,United Kingdom,Subsidiary,,HH2026229967677,503188724,ACCESS UK LTD,United Kingdom,1000+
b30d23e1abf27a562b1dd0754ea0025c,ACHIEVE.COM,USA,Independent,,HH2026115367821,115367821,ACHIEVE.COM,USA,15+
c6a98d86b7cefeb395e0036e7e51adcc,ACI INFORMATICA SPA,Italy,Subsidiary,,HH2026655149347,428830079,ACI INFORMATICA SPA,Italy,50+
6ad1aa5906318f8f91dc0997a6946bf7,ACSA - Martin Behrman Charter,USA,Independent,,HH2026832109552,832109552,ACSA - Martin Behrman Charter,USA,20+
dda66d2124b3b33d038f52cd27e056a1,ADDE VALOREM DF ss LTDA.,Brazil,Independent,,HH2026944486755,944486755,ADDE VALOREM DF SS LTDA.,Brazil,50+
cb93189fda40166bc5d15fce18ace9f4,ADIB - ALIANCA DISTRIBUIDORA DE BEBIDAS LTDA.,Brazil,Parent,,HH2026910104665,910104665,ADIB - ALIANCA DISTRIBUIDORA DE BEBIDAS LTDA.,Brazil,20+
9140df005079b583029b04d7e38922b9,ADTRAN NETWORKS IT SOLUTIONS INDIA PRIVATE LIMITED,India,Subsidiary,,HH2026118761281,650586923,ADTRAN NETWORKS IT SOLUTIONS INDIA PRIVATE LIMITED,India,50+
d8b83d1f9509823b62770ff8f4db8545,ADTRAN NETWORKS SP Z O O,Poland,Subsidiary,,HH2026118761281,367448797,ADTRAN NETWORKS SP Z O O,Poland,50+
829c9b12e4205b386ebbf9448d75d80f,"ADVANCED CALL CENTER TECHNOLOGIES, LLC",USA,,,HH2026133893508,621437271,"ADVANCED CALL CENTER TECHNOLOGIES, LLC",USA,100+
e68991d329cb6d62004b8f010449d6d9,ADVANCED GRAPHIC SYSTEMS,India,Parent,,HH2026650232312,650232312,ADVANCED GRAPHIC SYSTEMS,India,100+
fbd259bfcfb3730d69f324b7cd007ff0,ADVANCED THERMAL SYSTEMS DO BRASIL INDUSTRIA E COMERCIO DE REFRIGERACAO LTDA,Brazil,Independent,,HH2026907217095,907217095,ADVANCED THERMAL SYSTEMS DO BRASIL INDUSTRIA E COMERCIO DE REFRIGERACAO LTDA,Brazil,100+
0a1f0a2ed1a8c55dba16882507ff22e,AFFIN-UOB SECURITIES SDN BHD,Malaysia,,,HH2026863401733,894162163,AFFIN-UOB SECURITIES SDN BHD,Malaysia,100+
7de8fee345b475dc28f7562d5fc4a5a1,AGF TECNIK INDIA PRIVATE LIMITED,India,Independent,,HH2026861404695,861404695,AGF TECNIK INDIA PRIVATE LIMITED,India,10+
e8f3955e2356ec4cbc0e618cf4f669bf,AGI FINANCEIRA SA - SOCIEDADE DE CREDITO FINANCIAMENTO E INVESTIMENTO,Brazil,Independent,,HH2026900864515,900864515,AGI FINANCEIRA SA - SOCIEDADE DE CREDITO FINANCIAMENTO E INVESTIMENTO,Brazil,400+
3da48a853979de827d4dd9398b317e67,"AGRUPAMENTO DE ESCOLAS D. PEDRO I, VILA NOVA DE GAIA",Portugal,Independent,,HH2026449139504,449139504,"AGRUPAMENTO DE ESCOLAS D. PEDRO I, VILA NOVA DE GAIA",Portugal,500+
f33860230ee2d64a89aa4af568731abf,AIG GLOBAL OPERATIONS (IRELAND) LIMITED,Ireland,Subsidiary,,HH2026044691103,986097030,AIG GLOBAL OPERATIONS (IRELAND) LIMITED,Ireland,500+
0f80ea86684cb53eddeae4c32555ded6,AIR LIQUIDE GLOBAL E&C SOLUTIONS POLAND S A,Poland,Subsidiary,,HH2026275260909,422188209,AIR LIQUIDE GLOBAL E&C SOLUTIONS POLAND S A,Poland,1000+
eaf40b5d2207a5e179b2c0ac7eb65fa2,AIRBUS ATLANTIC,France,,,HH2026403284867,266858558,AIRBUS ATLANTIC,France,1000+
ee4e15f5207fc001eaeb2edd4268d465,"AIRBUS ATLANTIC PORTUGAL, UNIPEssOAL, LDA",Portugal,Subsidiary,,HH2026403284867,449382646,"AIRBUS ATLANTIC PORTUGAL, UNIPESSOAL, LDA",Portugal,2000+
cf48dc15fe3f49749d19d54f1ee1d2ca,AIRBUS DS SLC,France,Subsidiary,,HH2026403284867,262302058,AIRBUS DS SLC,France,2000+
640ebde9db14fcf793ec36c6df1992b2,AIRBUS NEW ZEALAND LIMITED,New Zealand,Subsidiary,,HH2026403284867,760035964,AIRBUS NEW ZEALAND LIMITED,New Zealand,2000+
e4a96ad3dd766c31d8d3f1e9d77b864c,ALAN BATISTA DIORIA LTDA,Brazil,Independent,,HH2026940146698,940146698,ALAN BATISTA DIORIA LTDA,Brazil,100+
857cb3da4167b9c675cc412b1e801941,ALAN NUTTALL TRUSTEES LIMITED,United Kingdom,Independent,,HH2026220903719,220903719,ALAN NUTTALL TRUSTEES LIMITED,United Kingdom,100+
a3f3f0bd12dfa698b4906c0926f5d40c,ALAN VIEIRA CORREA & CIA LTDA,Brazil,Parent,,HH2026940305655,940305655,ALAN VIEIRA CORREA & CIA LTDA,Brazil,50+
06566a0b214f1249b55ed88882bcb022,ALCON BUILDERS AND ENGINEERS PRIVATE LIMITED,India,Parent,,HH2026916421394,916421394,ALCON BUILDERS AND ENGINEERS PRIVATE LIMITED,India,300+
dc28eecc4e71fb6ca23edff6bb8796e2,ALCON-COMPANHIA DE ALCOOL CONCEICAO DA BARRA,Brazil,Parent,,HH2026899927446,899927446,ALCON-COMPANHIA DE ALCOOL CONCEICAO DA BARRA,Brazil,300+
c5c4349e1757ffd4d56f52f8d46d7c43,ALDAR AUDIT BUREAU ABDULLAH AL BASRI & COMPANY,Saudi Arabia,Independent,,HH2026557854276,557854276,ALDAR AUDIT BUREAU ABDULLAH AL BASRI & COMPANY,Saudi Arabia,45+
e016e451a4a4eebe6745831ac2a11261,ALEXION PHARMA ARGENTINA S.R.L.,Argentina,Independent,,HH2026979127305,979127305,ALEXION PHARMA ARGENTINA S.R.L.,Argentina,30+
66f48388faebbd6465aac204427dc8d3,ALLEN LANE THE PENGUIN PREss LIMITED,United Kingdom,Subsidiary,,HH2026329716781,293670915,ALLEN LANE THE PENGUIN PRESS LIMITED,United Kingdom,50+
e170d1b1938789974236ad648be0eb79,ALTAMED DISTRIBUIDORA DE MEDICAMENTOS LTDA,Brazil,Independent,,HH2026902342688,902342688,ALTAMED DISTRIBUIDORA DE MEDICAMENTOS LTDA,Brazil,200+
0d8475003c172d498db383b48823482e,ALTEN GLOBAL TECHNOLOGIES PRIVATE LIMITED,India,Parent,,HH2026860389338,860389338,ALTEN GLOBAL TECHNOLOGIES PRIVATE LIMITED,India,
a730cc83f51b8ecedfaf4b5c1232e11e,ALTO PADRAO COMERCIO E SERVICO LTDA,Brazil,Parent,,HH2026929122701,929122701,ALTO PADRAO COMERCIO E SERVICO LTDA,Brazil,45+
f442e9ecbb0dd21dd99535c510b106c7,"AM-PM Services, Inc.",USA,Parent,,HH2026072603913,72603913,"AM-PM Services, Inc.",USA,
9ad2649ce46f33acb590ac4b47fbb497,AMAN MEDICAL PRODUCTS PRIVATE LIMITED,India,Parent,,HH2026915624696,915624696,AMAN MEDICAL PRODUCTS PRIVATE LIMITED,India,100+
33913a363ae0e000ddd35fb03eef2c74,AMAN SUPER SECURITAS PRIVATE LIMITED,India,Independent,,HH2026860505343,860505343,AMAN SUPER SECURITAS PRIVATE LIMITED,India,100+
7aaa6d4b27e068fc92fefdbb04d35884,AMBIT FINVEST PRIVATE LIMITED,India,Subsidiary,,HH2026860325623,864533866,AMBIT FINVEST PRIVATE LIMITED,India,100+
d36fbc159363564e9421cd1f6cbe8383,AMERIS - REDE DE HOTEIS INDEPENDENTES LTDA.,Brazil,Independent,,HH2026948195808,948195808,AMERIS - REDE DE HOTEIS INDEPENDENTES LTDA.,Brazil,1000+
6d496ce46eac7ed3b431d9c4c57d52e0,"AMH Cath Labs, LLC",USA,Independent,,HH2026039546012,39546012,"AMH Cath Labs, LLC",USA,50+
6ae16230d95fec04a7e0289200ad314,AMH SUKHUMVIT 8 COMPANY LIMITED,Thailand,,,HH2026661697350,661595664,AMH SUKHUMVIT 8 COMPANY LIMITED,Thailand,50+
e363449fab4dc47907c96fe9d714a156,ANICURA ITALY HOLDING SRL,Italy,Subsidiary,,HH2026003250685,438977368,ANICURA ITALY HOLDING SRL,Italy,100+
e02310bc3605d26f4a4dc6bd86e6a4b,ANZ BANK (LAO) LIMITED,Lao People's Democratic Republic,,,HH2026659649061,659649061,ANZ BANK (LAO) LIMITED,Lao People's Democratic Republic,100+
f61c4ce3900df8e790f7c0aa9c644848,APEX ACADEMY,USA,Independent,,HH2026168030703,168030703,APEX ACADEMY,USA,1000+
a6f7b858497bc3124b5c446cf8c5e8ef,APEX CORPORATE TRUSTEES (UK) LIMITED,United Kingdom,Subsidiary,,HH2026726751914,293434643,APEX CORPORATE TRUSTEES (UK) LIMITED,United Kingdom,500+
7056daaffc16473147f8a5b1ae10d332,APEX FUND AND CORPORATE SERVICES (UK) LIMITED,United Kingdom,Subsidiary,,HH2026726751914,348496014,APEX FUND AND CORPORATE SERVICES (UK) LIMITED,United Kingdom,500+
d742cfd2ceef59f60cdc27a8dc75ede8,APH LOGISTICA LTDA,Brazil,Independent,,HH2026923391293,923391293,APH LOGISTICA LTDA,Brazil,4
4c73f002c572ce5307bb0b8e69b6a619,ARMSTRONG KNITTING MILLS,India,Parent,,HH2026853112552,853112552,ARMSTRONG KNITTING MILLS,India,
ecc48d991776d58076f9e6eb769a548c,ARMSTRONG STATE UNIVERSITY,USA,Subsidiary,,HH2026180655748,75857953,ARMSTRONG STATE UNIVERSITY,USA,
a4685191f8d09bd52d415cf2c64dd233,ASC - SERVICOS PROFISSIONAIS LTDA,Brazil,Independent,,HH2026920194164,920194164,ASC - SERVICOS PROFISSIONAIS LTDA,Brazil,50+
bd53ecedbb265351676c76d1f0fe4fe9,ASC AIRPORT SERVICES CONSOLIDATED LIMITED,Ireland,Subsidiary,,HH2026219500493,985601856,ASC AIRPORT SERVICES CONSOLIDATED LIMITED,Ireland,50+
7fdf6374bbe67aad428d77abce77bdfa,"ASCENSION ST. FRANCIS HOSPITAL, INC.",USA,Parent,,HH2026073842056,73842056,"ASCENSION ST. FRANCIS HOSPITAL, INC.",USA,500+
48aabe2506dddece075746b993462c18,ASHLAND-GREENWOOD PUBLIC SCHOOLS FOUNDATION,USA,Parent,,HH2026044837151,44837151,ASHLAND-GREENWOOD PUBLIC SCHOOLS FOUNDATION,USA,50+
3cb62bb0c71983bd5ac3bed834710d21,ASPEN COLOMBIANA SAS,Colombia,Subsidiary,,HH2026538473091,883133228,ASPEN COLOMBIANA SAS,Colombia,100+
378c5a8aa11fd690c0c51a3d8782b5c1,"ASPEN CONTRACTING, INC",USA,Parent,,HH2026787979967,787979967,"ASPEN CONTRACTING, INC",USA,100+
b303e5150c2d847a661874eb6815a1a1,ASPEN LABORATORIES PRIVATE LIMITED,India,Parent,,HH2026650057453,650057453,ASPEN LABORATORIES PRIVATE LIMITED,India,100+
a29ef3b92f7097dacdcbbfdac6be3daa,"ASPEN VIETNAM CO.,LTD",Vietnam,Independent,,HH2026673898793,673898793,"ASPEN VIETNAM CO.,LTD",Vietnam,200+
9931dc8f0186397afd5f4e4d47549893,ASSOC APOIO A ESCOLA DO CES OTHON BARROSO DE CARVALHO,Brazil,Independent,,HH2026902987777,902987777,ASSOC APOIO A ESCOLA DO CES OTHON BARROSO DE CARVALHO,Brazil,100+
f353b5a6e157a49298836e18da2f8ba9,ASSOC BRASILEIRA DE CRIADORES DE CAVALO QUARTO DE MILHA,Brazil,Parent,,HH2026902004261,902004261,ASSOC BRASILEIRA DE CRIADORES DE CAVALO QUARTO DE MILHA,Brazil,100+
9ff60d01c74dbed5f85a6c92da312aad,ASSOC DE PAIS E PROF DA E R PROF TARGINA B DA COSTA,Brazil,Independent,,HH2026903067938,903067938,ASSOC DE PAIS E PROF DA E R PROF TARGINA B DA COSTA,Brazil,100+
b788c765ef4138c30b86066f01c5d29a,ASSOC DE PROT A MATERNIDADE E A INFANCIA DE MATOZINHOS,Brazil,Independent,,HH2026899300771,899300771,ASSOC DE PROT A MATERNIDADE E A INFANCIA DE MATOZINHOS,Brazil,100+
a9c171a1f413cb2f24e254718694c7c,ASSOC DEPART AMIS PARENT ENFANT INADAPTE,France,,,HH2026580440725,580440725,ASSOC DEPART AMIS PARENT ENFANT INADAPTE,France,100+
40158115ae997e0f086fa02f9786bbe1,ASSOC DEPART D ETUDES ET FORMATION,France,Parent,,HH2026582763991,582763991,ASSOC DEPART D ETUDES ET FORMATION,France,100+
4544505d111f385ba10339a2d41974fd,ASSOC DOS SERV DO TRIB DE CONTAS DO EST DO R DE JANEIRO,Brazil,Parent,,HH2026900840166,900840166,ASSOC DOS SERV DO TRIB DE CONTAS DO EST DO R DE JANEIRO,Brazil,100+
d292e8161a4cf8e85d0b6c3885617e7d,ASSOC DUNKERQUOISE POUR ENSEIGN &PERFECT,France,Parent,,HH2026734395395,734395395,ASSOC DUNKERQUOISE POUR ENSEIGN &PERFECT,France,100+
035ee127bbb38c9d1b7629d201a4473e,ASSOC INSTITUTION ST ASPAIS DE MELUN,France,Independent,,HH2026584224331,584224331,ASSOC INSTITUTION ST ASPAIS DE MELUN,France,100+
78aa2ec42327e6de8a3e5d8a530a4a05,ASSOC NOUS AUSSI,France,Parent,,HH2026733904981,733904981,ASSOC NOUS AUSSI,France,100+
83f4cd03ddbaada672b97e961219c88a,ASSOC SCOLAIRE ST SYMPHORIEN,France,Independent,,HH2026733910640,733910640,ASSOC SCOLAIRE ST SYMPHORIEN,France,100+
4214a1dce40e36545686d772ca96323c,ATHENE TECHNOLOGIES INDIA LLP,India,Independent,,HH2026861472063,861472063,ATHENE TECHNOLOGIES INDIA LLP,India,45+
d26c80c470b480541d9889e93e01a070,ATLANTIS INTELLIGENCE LIMITED,India,Parent,,HH2026862334294,862334294,ATLANTIS INTELLIGENCE LIMITED,India,24+
89cd4aaa63c2ff7cbce189466ed4227d,AUDAX CAPITAL SECURITIZADORA SA,Brazil,Independent,,HH2026826667963,826667963,AUDAX CAPITAL SECURITIZADORA SA,Brazil,15+
f51b85c4a756f0695e431cf618d8658a,AUTOLIV HIROTAKO SDN. BHD.,Malaysia,Subsidiary,,HH2026652253022,597674290,AUTOLIV HIROTAKO SDN. BHD.,Malaysia,300+
76b0d451b79cfb80e9bb9a006188bc0b,AV FARMA ASSISTENCIA E SERVICOS FARMACEUTICOS LTDA,Brazil,Parent,,HH2026921816732,921816732,AV FARMA ASSISTENCIA E SERVICOS FARMACEUTICOS LTDA,Brazil,300+
4dbdfa4c44f2ea21801f0f901586375,AV S.A.,Paraguay,,,HH2026955064886,955064886,AV S.A.,Paraguay,300+
e2e32165beb96ad4883d26cfcc601c77,AVERY DENNISON MATERIALS FRANCE,France,Subsidiary,,HH2026008256364,280031980,AVERY DENNISON MATERIALS FRANCE,France,400+
ff35d061c25eec43d626dfc78a531e53,AVERY DENNISON RIS ITALIA SRL,Italy,Subsidiary,,HH2026008256364,433986866,AVERY DENNISON RIS ITALIA SRL,Italy,400+
9855ef51873e89dba145b5966908b239,"AVID Medical, Inc.",USA,Subsidiary,,HH2026847412269,15623119,"AVID Medical, Inc.",USA,20+
5303a73cc8c718840e99be0999a45746,"AVID Technologies, Inc.",USA,Subsidiary,,HH2026006995419,79492843,"AVID Technologies, Inc.",USA,20+
83e67bf0d15263ed85401f6425105de2,AXOS BUSINEss CENTER CORP.,Philippines,Subsidiary,,HH2026175307359,850443906,AXOS BUSINESS CENTER CORP.,Philippines,200+
01b233a3c8674837db9a8a52c082bde0,AYVENS DOO BEOGRAD,Serbia,Subsidiary,,HH2026275267813,360335599,AYVENS DOO BEOGRAD,Serbia,200+
5c29ad85f16a356e50fc8a61e3133bae,AYVENS INSURANCE SERVICES INDIA PRIVATE LIMITED,India,Subsidiary,,HH2026275267813,918446241,AYVENS INSURANCE SERVICES INDIA PRIVATE LIMITED,India,200+
7704a38f19f221a86773b91f9e6ff03f,Abbott GmbH,Germany,Subsidiary,,HH2026001307602,315786293,Abbott GmbH,Germany,2000+
8f859afa678b0a3c5a9246fcbf2d4f59,Abbott Holdings B.V.,Netherlands,Subsidiary,,HH2026386837269,418446449,Abbott Holdings B.V.,Netherlands,2000+
60b06c873de51d3d5996b5f52e4d26bb,Abbott Medical Sweden AB,Sweden,Subsidiary,,HH2026354039414,507774818,Abbott Medical Sweden AB,Sweden,2000+
dc87867c21053942a1f855283a01bd84,Abbott Rapid Diagnostics A/S,Denmark,Subsidiary,,HH2026001307602,305997798,Abbott Rapid Diagnostics A/S,Denmark,2000+
09a7e1639035dcb1d666ee49067c4d2c,"Abbott Terrace Health Center, Inc.",USA,Subsidiary,,HH2026131760415,161344452,"Abbott Terrace Health Center, Inc.",USA,2000+
89f9633074518901ccaa4453e49809f0,Aca Corp,USA,Parent,,HH2026797171196,797171196,Aca Corp,USA,20+
f8bf394e90f0cf7f86d6b7c14184e84,Accenture Infrastructure & Capital Projects Inc,Canada,,,HH2026985015354,252043138,Accenture Infrastructure & Capital Projects Inc,Canada,1000+
b3346f59c5ee3291f8cd50010f4c22fb,Accenture International Sarl,Chile,Subsidiary,,HH2026985015354,953288684,Accenture International Sarl,Chile,1000+
e3162c9b55fab6de48521828201f083,"Accenture Korea BV Korea Branch,",Korea,,,HH2026689687114,689687114,"Accenture Korea BV Korea Branch,",Korea,1000+
bf81c35fd59963dc69852f8ffa47fa65,Accenture Ltda.,Bolivia,Independent,,HH2026726340989,726340989,Accenture Ltda.,Bolivia,2000+
eaf2a788a4125daaf5bbe87b1e555db9,"Accenture Technology Solutions, S.A. de C.V.",Mexico,Subsidiary,,HH2026985015354,812846624,"Accenture Technology Solutions, S.A. de C.V.",Mexico,1000+
de1921684b8995c0443c6009201f7dc2,"Addiction & Mental Health Services, LLC",USA,Parent,,HH2026143190424,143190424,"Addiction & Mental Health Services, LLC",USA,100+
0a13a95c3ca68c616a8421fae80deec0,"Advanced Integration Technology, Inc.",USA,Subsidiary,,HH2026079728647,829691021,"Advanced Integration Technology, Inc.",USA,100+
bc42a09b27a455739d8ecdccc3de9687,Advanced Math And Science Academy Charter School,USA,Independent,,HH2026147162502,147162502,Advanced Math And Science Academy Charter School,USA,100+
7b45254ce14d8f14b88f0004b610190,"Advanced Thermal Technologies, Inc.",USA,,,HH2026001344142,858411445,"Advanced Thermal Technologies, Inc.",USA,100+
5426e4b34d9ed3476978762e7b110f1c,Air Liquide Austria GmbH,Austria,Subsidiary,,HH2026275260909,300171170,Air Liquide Austria GmbH,Austria,
75095952078efd78842e9f2c0770c10d,Air Liquide Norway AS,Norway,Subsidiary,,HH2026275260909,730522547,Air Liquide Norway AS,Norway,1000+
f33b052e7ba1672ce93e7ada51a3c0fc,Airbus Defence and Space SAS,France,,,HH2026403284867,371168606,Airbus Defence and Space SAS,France,2000+
bbcfff9be794c099685bacb285db73b0,Alan B Whitson Company Incorporated,USA,Independent,,HH2026627880982,627880982,Alan B Whitson Company Incorporated,USA,100+
38177e7e1c016a601a35b4ea28d47842,Alberta Conservation Association,Canada,Parent,,HH2026201528747,201528747,Alberta Conservation Association,Canada,100+
3e8fa7e5c11f9038ba3057c7187a8fcb,Alberta Motor Association,Canada,Parent,,HH2026208094532,208094532,Alberta Motor Association,Canada,100+
a03da7548360282a5cf1bed479c61bbe,Alberta Pensions Services Corporation,Canada,Subsidiary,,HH2026208089870,259560175,Alberta Pensions Services Corporation,Canada,100+
70f8be935ef48568838a88bd530e5902,Alberta School Boards Association,Canada,Independent,,HH2026243414781,243414781,Alberta School Boards Association,Canada,100+
09ba3fe213aa0a1b75e18ce749ac4fad,"Alberta Teachers' Association, The",Canada,Parent,,HH2026208966945,208966945,"Alberta Teachers' Association, The",Canada,100+
e068d9c3a739047fe02bc1e915095cd4,Alberta University Of the Arts,Canada,Independent,,HH2026240431296,240431296,Alberta University Of the Arts,Canada,100+
ddbbc8f654ffd51433cf2b1d0423cbbb,Alexion Pharma Belgium,Belgium,Subsidiary,,HH2026230790719,376948761,Alexion Pharma Belgium,Belgium,30+
4615d5f329493f449ed8c4bb5e83c81e,Alexion Pharma Nordics AB,Sweden,Subsidiary,,HH2026230790719,350343665,Alexion Pharma Nordics AB,Sweden,30+
5bb554c574651c1416f003dc9e4981d6,Alliance Energy Services LLC,USA,Subsidiary,,HH2026098385404,80020119,Alliance Energy Services LLC,USA,1000+
c2496e2cf93b91fa6e9740b799a99059,"Alto Canton, LLC",USA,Independent,,HH2026079975428,79975428,"Alto Canton, LLC",USA,45+
462cfbb222d47632b93bcebc665fbed7,American Funds Service Company,USA,Subsidiary,,HH2026063843387,75305300,American Funds Service Company,USA,100+
241b4c94a4040e5c84205c0f7c46a40b,American Homes 4 Rent Management LLC,USA,Independent,,HH2026062737862,62737862,American Homes 4 Rent Management LLC,USA,50+
6c37877de0e64bed78ac0524742799c0,"American Homes 4 Rent, LLC",USA,Parent,,HH2026078396312,78396312,"American Homes 4 Rent, LLC",USA,50+
f73f842df0c94d86efcbb96b2e9db338,"American Medical Group Association, Inc.",USA,Parent,,HH2026095559683,95559683,"American Medical Group Association, Inc.",USA,2000+
e86cfb57e7e4ae4e14f1b9760495aa67,American Specialty Health Incorporated,USA,Parent,,HH2026804955479,804955479,American Specialty Health Incorporated,USA,
4fae2879d40e5013fd55681d35bf1611,Arch Insurance Canada Ltd,Canada,Subsidiary,,HH2026875660904,204110001,Arch Insurance Canada Ltd,Canada,100+
7f3c094f145720c88956126294227b4b,Arxada Services AG,Switzerland,Subsidiary,,HH2026372311822,480403035,Arxada Services AG,Switzerland,50+
a0349dc0746f6f8a6db6e0d52df1fba0,"Ascension All Saints Hospital, Inc.",USA,Independent,,HH2026625935630,625935630,"Ascension All Saints Hospital, Inc.",USA,500+
365786cd312c7a35f1a362ad6e5b0257,Ascension BORGESS MEDICAL CENTER,USA,Subsidiary,,HH2026078693230,188558410,Ascension BORGESS MEDICAL CENTER,USA,400+
60b208e1371234139428b58458d63ff3,"Ascension Bulk Terminal, LLC",USA,Subsidiary,,HH2026046965307,78321405,"Ascension Bulk Terminal, LLC",USA,400+
ff062c3c820784b5951630c42285ed39,Ashfield Healthcare GmbH,Germany,Parent,,HH2026331890819,331890819,Ashfield Healthcare GmbH,Germany,50+
e5ddbaf54d074fa0ce00e94e0d458425,Ashland Specialties Deutschland GmbH,Germany,Subsidiary,,HH2026080333866,340319867,Ashland Specialties Deutschland GmbH,Germany,50+
4f40bd9cc33e90de4fe35c21b24e176e,Aspekt-A OU,Estonia,Independent,,HH2026505861600,505861600,Aspekt-A OU,Estonia,50+
ceef28c5b9fb138f940fc82c45d6dea1,Aspen Caricam S.A.,Costa Rica,Independent,,HH2026815740719,815740719,Aspen Caricam S.A.,Costa Rica,100+
59cac2e4d12ea5eb98c3ff69c884dcf6,"Aspen Holdings, Inc.",USA,Subsidiary,,HH2026003134582,8881609,"Aspen Holdings, Inc.",USA,100+
7b56d57ebd1054383a39d02ae0995101,"Aspen Marketing Holdings, LLC",USA,Independent,,HH2026079119283,79119283,"Aspen Marketing Holdings, LLC",USA,100+
a492eb179861c93be402c5532316205b,Aspen Surgical Puerto Rico Corp.,USA,Independent,,HH2026968307129,968307129,Aspen Surgical Puerto Rico Corp.,USA,100+
205a157f8b751c284dd01a045fcc9026,AssA ABLOY Holding AB,Sweden,Subsidiary,,HH2026354091019,353354571,ASSA ABLOY Holding AB,Sweden,300+
cbfe54fae3f0ecbcbb616290791936ba,AssOC DE PAIS E MESTRES DA EEPSG JULIA G PAssARINHO,Brazil,Independent,,HH2026903920071,903920071,ASSOC DE PAIS E MESTRES DA EEPSG JULIA G PASSARINHO,Brazil,100+
4a87d927df391491be6c8a7274a33359,AssOC HOSPITALIERE NORD ARTOIS CLINIQUE,France,Parent,,HH2026264955295,264955295,ASSOC HOSPITALIERE NORD ARTOIS CLINIQUE,France,100+
76d63ccd7be3dc0e65603b9997d35029,AssOC UNIAO BENEF DAS IRMAS DE S VICENTE PAULO GYSEGEM,Brazil,Parent,,HH2026900001629,900001629,ASSOC UNIAO BENEF DAS IRMAS DE S VICENTE PAULO GYSEGEM,Brazil,100+
269ce9b0052fecc9a98cbe99b1c50432,AssOCIACAO BRASILEIRA DE AssISTENCIA AS PEssOAS COM CANCER - ABRAPEC,Brazil,Parent,,HH2026898089008,898089008,ASSOCIACAO BRASILEIRA DE ASSISTENCIA AS PESSOAS COM CANCER - ABRAPEC,Brazil,50+
29d7a3889106a96f29a56d4c41dbd315,AssOCIATED COMMUNITY TRAINING LIMITED,United Kingdom,Subsidiary,,HH2026223987780,500017330,Act Training,United Kingdom,100+
9febd687ae6b718492e3707ca3249312,AssOCIATED CONTAINER TERMINALS LIMITED,India,Parent,,HH2026675666523,675666523,ASSOCIATED CONTAINER TERMINALS LIMITED,India,100+
3524105776c1390c6b36796a1d74eb75,AssOCIATED HYDRO-PREssINGS PRIVATE LIMITED,India,Parent,,HH2026918068037,918068037,ASSOCIATED HYDRO-PRESSINGS PRIVATE LIMITED,India,100+
2ab1beb3670077a0eb84aeb39fb69a45,AssOCIATED ROAD CARRIERS LIMITED,India,Parent,,HH2026862191579,862191579,ASSOCIATED ROAD CARRIERS LIMITED,India,100+
818bb33eb7f08edd993d09a104dae855,"Associated Brands, Inc.",USA,Subsidiary,,HH2026119064294,38634002,"Associated Brands, Inc.",USA,100+
ece6d077aa9bc9b642ea202a8be10983,Associated Brigham Contractors Inc.,USA,Parent,,HH2026035302918,35302918,Associated Brigham Contractors Inc.,USA,100+
593cfad58418fcbe7ccb2ef578e54304,"Associated Foreign Exchange Holdings, Inc.",USA,Subsidiary,,HH2026619415789,827689865,"Associated Foreign Exchange Holdings, Inc.",USA,100+
bdb41ac77817453005e067cc520a84f1,"Associated Grocers Of The South, Inc.",USA,Independent,,HH2026004027108,4027108,"Associated Grocers Of The South, Inc.",USA,100+
3b834e7c759f441fdbdc14ef98670b12,"Associated Specialists, Inc.",USA,Parent,,HH2026074964644,74964644,"Associated Specialists, Inc.",USA,100+
f588eb36c7acc9ec771c14881a0c0492,"Associated Wholesale Grocers, Inc.",USA,Parent,,HH2026006943062,6943062,"Associated Wholesale Grocers, Inc.",USA,100+
ec5ad334b0279c2a57e48121c1fc725b,Athena Capital Advisors LLC,USA,Subsidiary,,HH2026071883169,941102295,Athena Capital Advisors LLC,USA,30+
2c9bb3457ba629e3d14e1827b06d7acf,Avanade ™sterreich GmbH,Austria,Subsidiary,,HH2026985015354,300197520,Avanade Österreich GmbH,Austria,600+
04abb30af865f909e071094c799ec95b,Avery Dennison Belgie,Belgium,Subsidiary,,HH2026008256364,370514887,Avery Dennison Belgie,Belgium,400+
632d06c79f25740139e6c1d895e5cbe3,"Ayvens Slovakia, s. r. o.",Slovakia,Subsidiary,,HH2026275267813,367121799,"Ayvens Slovakia, s. r. o.",Slovakia,200+
20a62c821c632bac2d49270fbac787b,B.I.C. SERVICES PTY. LIMITED,Australia,,,HH2026538489246,754973139,B.I.C. SERVICES PTY. LIMITED,Australia,
8c7e90f9afccddc832922aa82de686c3,B2 IMPACT S A,Poland,Subsidiary,,HH2026671110805,368210816,B2 IMPACT S A,Poland,50+
af179bfc1e9497937247a85f1cb8971d,BALDWIN FAMILY HEALTH CARE,USA,Parent,,HH2026072571250,72571250,BALDWIN FAMILY HEALTH CARE,USA,100+
c8b70584c4b1ddbe7f84e2c5cdb9f878,BARCLAYS BANK TANZANIA LIMITED,Tanzania,Subsidiary,,HH2026210021531,850489115,BARCLAYS BANK TANZANIA LIMITED,Tanzania,35+
f6992dbde7bb3bcdae1750807feffcd3,BARCLAYS INTERNATIONAL COMPANY LIMITED,Thailand,Independent,,HH2026671659543,671659543,BARCLAYS INTERNATIONAL COMPANY LIMITED,Thailand,35+
3e62c422fb48ec2662593eba8d5d236a,BARCLAYS SAUDI ARABIA,Saudi Arabia,Subsidiary,,HH2026210021531,557730913,BARCLAYS SAUDI ARABIA,Saudi Arabia,35+
761d02f240ea611768a14862e66f64fa,BAXTER BULGARIA EOOD,Bulgaria,Subsidiary,,HH2026005146311,503545955,BAXTER BULGARIA EOOD,Bulgaria,300+
20bcd5c69ac41508f27567ebb3cfe65e,BBH Investments SIA,Latvia,Independent,,HH2026552747743,552747743,BBH Investments SIA,Latvia,100+
6a0949d32aa712452552e7ead2e80de4,"BCD PARKING, INC.",USA,Subsidiary,,HH2026414837620,32354271,"BCD PARKING, INC.",USA,10
8dbc99b929674850b71bdc2f40058d33,BEACON INTERFACE COMPANY LIMITED,Thailand,Subsidiary,,HH2026659668057,661726652,BEACON INTERFACE COMPANY LIMITED,Thailand,6
550cbb458c53f986e25e8cab83ad775c,BETTER COLLECTIVE BRASIL LTDA,Brazil,Independent,,HH2026630323569,630323569,BETTER COLLECTIVE BRASIL LTDA,Brazil,15+
c75e4a5348ea4da79b96be817e602f77,BILL & MELINDA GATES FOUNDATION,Nigeria,Subsidiary,,HH2026127256381,851741596,BILL & MELINDA GATES FOUNDATION,Nigeria,45+
54ce7b5c44cb7b0f18568382bdf0dc5c,BILL & MELINDA GATES FOUNDATION (BRANCH OFFICE),India,Independent,,HH2026918613597,918613597,BILL & MELINDA GATES FOUNDATION (BRANCH OFFICE),India,50+
2a48ad8f2c1a64d184ce21b00ba44d6f,BILL GOSLING INDIA PRIVATE LIMITED,India,Independent,,HH2026874187613,874187613,BILL GOSLING INDIA PRIVATE LIMITED,India,50+
527417af4997a70bb198bf7634e822a5,BIOGEN NZ BIOPHARMA LIMITED,New Zealand,Subsidiary,,HH2026121376230,593697373,BIOGEN NZ BIOPHARMA LIMITED,New Zealand,200+
6b376ee0bdead591d62db27389fbd8fa,BIOMARIN COLOMBIA LTDA,Colombia,Independent,,HH2026881404196,881404196,BIOMARIN COLOMBIA LTDA,Colombia,50+
2c5575557447df0cf55129ccf54ba753,BP AUSTRALIA INVESTMENTS PTY LTD,Australia,Subsidiary,,HH2026210042669,750927076,BP AUSTRALIA INVESTMENTS PTY LTD,Australia,300+
6640c00eec8ee11ef67e20a671b93b4c,BP BULWER ISLAND PTY LTD,Australia,Subsidiary,,HH2026210042669,753090778,BP BULWER ISLAND PTY LTD,Portugal,400+
0d11de3b1babab07c72e07173a7c759d,BP BUSINESS SOLUTIONS INDIA PRIVATE LIMITED,India,Subsidiary,,HH2026210042669,856829623,BP BUSINESS SOLUTIONS INDIA PRIVATE LIMITED,India,300+
7ed9baa94c5e70fcd2871a3ae521394e,BP EDUCACAO E ENTRETENIMENTO SA,Brazil,Parent,,HH2026945082807,945082807,BP EDUCACAO E ENTRETENIMENTO SA,Brazil,400+
2cc034c1ebe89d0df91f55752221948a,BP EQUITIES PRIVATE LIMITED,India,Subsidiary,,HH2026872125803,677480586,BP EQUITIES PRIVATE LIMITED,India,300+
913860b8a9b7cd669678303a67a4fc33,BP EXPLORATION (DELTA) LIMITED,Egypt,Subsidiary,,HH2026210042669,565531147,BP EXPLORATION (DELTA) LIMITED,Egypt,400+
f9b657cf3796a50042e67ec580575404,BP IRAQ N.V,Iraq,Subsidiary,,HH2026371668137,557899351,BP IRAQ N.V,Iraq,300+
2255cd47bc81109692d942f9105e0d35,BP Lingen Treuhand e.V.,Germany,Independent,,HH2026314888164,314888164,BP Lingen Treuhand e.V.,Germany,400+
08d05dc60aa944e35155f85fda076cfc,BP OIL INTERNATIONAL LIMITED,Spain,Independent,,HH2026464007807,464007807,BP OIL INTERNATIONAL LIMITED,Spain,400+
26c64c05460b8a850ec074ea4d091038,"BP PORTUGAL - COMÉRCIO DE COMBUSTÍVEIS E LUBRIFICANTES, S.A.",Portugal,Subsidiary,,HH2026210042669,449000132,"BP PORTUGAL - COMÉRCIO DE COMBUSTÍVEIS E LUBRIFICANTES, S.A.",Portugal,400+
fa0c1a11f8f68eeab4fd560929f23e2b,BP REAL ESTATE PRO LTDA,Brazil,Independent,,HH2026825345113,825345113,BP REAL ESTATE PRO LTDA,Brazil,300+
92f531a200a983b394c161dc43853d2d,BP REFINERY (KWINANA) PROPRIETARY LIMITED,Australia,Subsidiary,,HH2026210042669,757522511,BP REFINERY (KWINANA) PROPRIETARY LIMITED,Australia,400+
b587621c4b595c27682c7e1f336d25a3,BP TECHNOLOGY VENTURES INC,USA,Subsidiary,,HH2026210042669,6272429,BP TECHNOLOGY VENTURES INC,USA,400+
046707f390b66605a7cb90bb941a4318,BP TECNOLOGIA EM SISTEMAS E LOCACAO DE EQUIPAMENTOS LTDA,Brazil,Independent,,HH2026920732309,920732309,BP TECNOLOGIA EM SISTEMAS E LOCACAO DE EQUIPAMENTOS LTDA,Brazil,300+
d49456576b7dd0a78d1b37cb935ab249,BP TINTAS CAMAMU COMERCIO DE MATERIAIS DE CONSTRUCAO LTDA,Brazil,Parent,,HH2026629353365,629353365,BP TINTAS CAMAMU COMERCIO DE MATERIAIS DE CONSTRUCAO LTDA,Brazil,300+
007e6c0fe14cdc6fb87979939f9dd474,"BRC Group Holdings, Inc.",USA,Parent,,HH2026831045013,831045013,"BRC Group Holdings, Inc.",USA,100+
af144a7fbb19bb8391580a1a66be47db,BRG FOODS DO BRASIL LTDA,Brazil,Independent,,HH2026627697596,627697596,BRG FOODS DO BRASIL LTDA,Brazil,100+
be13e2afef3fb06e524e5261919214a2,BRG Suplementos Nutricionais Ltda,Brazil,Subsidiary,,HH2026944315184,899804801,BRG SUPLEMENTOS NUTRICIONAIS LTDA,Brazil,100+
78553bb9a260638d44460538715e0dc3,BRISTOL MYERS SQUIBB ARGENTINA S.R.L.,Argentina,Subsidiary,,HH2026001288497,970530713,BRISTOL MYERS SQUIBB ARGENTINA S.R.L.,Argentina,500+
7c321101aafe4f617df01f5b8e684dc8,BRISTOL-MYERS SQUIBB AUSTRALIA PTY LTD,Australia,Subsidiary,,HH2026001288497,753130608,BRISTOL-MYERS SQUIBB AUSTRALIA PTY LTD,Australia,500+
c536d081cabceb62e4b78ce68fd3d510,BRISTOL-MYERS SQUIBB PHARMACEUTICALS UNLIMITED COMPANY,Ireland,Parent,,HH2026219549334,219549334,BRISTOL-MYERS SQUIBB PHARMACEUTICALS UNLIMITED COMPANY,Ireland,500+
5600932d64629dc826c7b97069877931,BRITIVE INDIA PRIVATE LIMITED,India,Subsidiary,,HH2026026307040,861459963,BRITIVE INDIA PRIVATE LIMITED,India,15+
09c1ded6dc5c637ccc21314f18fee48c,BROOKFIELD BRASIL LTDA.,Brazil,Subsidiary,,HH2026899999577,898983770,BROOKFIELD BRASIL LTDA.,Brazil,100+
72620acb0bdba1bd861e00fbd6ef5531,BROWN BROTHERS HARRIMAN POLAND SP Z O O,Poland,Subsidiary,,HH2026006981310,425760247,BROWN BROTHERS HARRIMAN POLAND SP Z O O,Poland,100+
6d147a21df5aaa55fda284dfc7d33890,BROWN MACKIE COLLEGE - NORTHERN KENTUCKY,USA,,,HH2026080250944,43601617,BROWN MACKIE COLLEGE - NORTHERN KENTUCKY,USA,100+
d30386d7a2795f29b8fd27652f2b5c25,BUREAU OF COMMUNICATIONS SERVICES,Philippines,Subsidiary,,HH2026718969538,721945715,BUREAU OF COMMUNICATIONS SERVICES,Philippines,2000+
300f2d0099febcc5dae6e7243ca26528,Baidu USA LLC,USA,Subsidiary,,HH2026864398115,54954721,Baidu USA LLC,USA,24+
dc25bf3f29b10b80a3ee60628a639c6,"Baltimore City Community College Foundation, Incorporated",USA,,,HH2026018429410,18429410,"Baltimore City Community College Foundation, Incorporated",USA,50+
028763719263aa2c64e161c2d82bf19f,Bank of Singapore Limited,United Arab Emirates,Independent,,HH2026561428602,561428602,Bank of Singapore Limited,Hong Kong,1000+
bda60f5c64fe2edb40723671e4f07311,Barclays Financial Corporation,USA,Subsidiary,,HH2026210021531,142757496,Barclays Financial Corporation,USA,35+
273e67823f51ff439924ab7056c5d62,"Barry's Bootcamp Holdings, LLC",USA,,,HH2026080508198,80508198,"Barry's Bootcamp Holdings, LLC",USA,50+
d71496d940e546b43bef9ac8e20e3efb,Bavarian International School (BIS) gemeinnützige Aktiengesellschaft,Germany,Parent,,HH2026313222218,313222218,Bavarian International School (BIS) gemeinnützige Aktiengesellschaft,Germany,24+
3834b551911407f08dbaf44f852f7f29,Baylor Regional Medical Center at Grapevine,USA,Subsidiary,,HH2026079162757,73154338,Baylor Regional Medical Center At Grapevine,USA,24+
485d88f9e6b46857f70c3936f6cc869f,Baylor Regional Medical Center at Plano,USA,Independent,,HH2026192999717,192999717,Baylor Regional Medical Center at Plano,USA,24+
47476110b39876199aab5739e7bb4c6a,Baylor Scott & White Medical Center-Lakeway,USA,Subsidiary,,HH2026079162757,116957521,Baylor Scott & White Medical Center-Lakeway,USA,20+
c9f501fa83e811107dfc59728cd64832,Believers Fellowship of San Antonio,USA,Independent,,HH2026847371671,847371671,Believers Fellowship of San Antonio,USA,2000+
57b2ec3866c2ed52f4fb37173cfeae05,Bhc Fox Run Hospital Inc,USA,Independent,,HH2026619694946,619694946,Bhc Fox Run Hospital Inc,USA,50+
0cfaa1ba5a0db83e7f08b38ac9b81859,"Bill Jacobs Motorsport Holdings, Inc.",USA,Parent,,HH2026174815621,174815621,"Bill Jacobs Motorsport Holdings, Inc.",USA,50+
e0c79592b18be7a8ed31fed8046aec9b,"Bill, Hillary & Chelsea Clinton Foundation",USA,Parent,,HH2026786241716,786241716,"Bill, Hillary & Chelsea Clinton Foundation",USA,50+
3323b42e1f87028acd66711bd7822d4c,BioNTech SE,Germany,Parent,,HH2026340822384,340822384,BioNTech SE,Germany,100+
f77aea6589e413227d57059602b671c9,Biogen Korea LLC,Korea,Subsidiary,,HH2026121376230,694913282,Biogen Korea LLC,Korea,200+
d1dd96284f13afc5ca4fa9bdf2d0f575,Biomarin Chile Spa,Chile,Subsidiary,,HH2026758938295,953688323,Biomarin Chile Spa,Chile,50+
428e34b1c8b95d17b53d8c98b67426a7,Bird & Bird Partners Advokat AB,Sweden,Independent,,HH2026774278654,774278654,Bird & Bird Partners Advokat AB,Sweden,100+
d897eb3a98caf9a9d25dd789d0c1222,Bird Acquisition LLC,USA,,,HH2026016670485,16670485,Bird Acquisition LLC,USA,100+
36f67c22fccf8ec650624c0fb3952dba,Bird Island Olivia Lake Lillian Dist 2534,USA,Parent,,HH2026036287670,36287670,Bird Island Olivia Lake Lillian Dist 2534,USA,100+
e18b66f065a804dcb249af75a918b17b,Blue Cross & Blue Shield Of Nebraska,USA,Parent,,HH2026020174736,20174736,Blue Cross & Blue Shield Of Nebraska,USA,8
d96f301cdeb79e017cf991a01df4e8db,Bone Joint Surgery Clinic Llp,USA,Independent,,HH2026005508577,5508577,Bone Joint Surgery Clinic Llp,USA,2000+
6605da529abfd7c37404206f2f2ce8b1,Boys and Girls Club of Lake County,USA,Independent,,HH2026022534585,22534585,Boys and Girls Club of Lake County,USA,2000+
7574ad0ce129e3f7cbfa604f52b6bd3e,Bristol-Myers Squibb Costa Rica SA,Costa Rica,Subsidiary,,HH2026001288497,853077964,Bristol-Myers Squibb Costa Rica SA,Costa Rica,500+
0dbb8c434c3db0083f564e6b1a1da8ea,"British School Of Washington, L.L.C.",USA,Independent,,HH2026074858247,74858247,"British School Of Washington, L.L.C.",USA,2000+
071fba1c212a6458a375e20ec5bec8bd,Brookfield Properties (Canada) Inc,Canada,Independent,,HH2026243294819,243294819,Brookfield Properties (Canada) Inc,Canada,24+
b997e56877350c088ed06e37cec62bfc,"Brooklyn Events Center, LLC",USA,Independent,,HH2026078591988,78591988,"Brooklyn Events Center, LLC",USA,2000+
22e9bbec7640b02dc0d40db5e85f5a8b,Brown & Brown Insurance Agency Inc,USA,Independent,,HH2026129135430,129135430,Brown & Brown Insurance Agency Inc,USA,
92c335fc8065e57bbe7ba80a4cb5c4d3,"Brown & Brown Of Louisiana, LLC",USA,Subsidiary,,HH2026004429478,75045898,"Brown & Brown Of Louisiana, LLC",USA,2000+
b0e0eec39e8952463aa5c2f867e798c7,"Brown & Brown Program Insurance Services, Inc.",USA,Subsidiary,,HH2026004429478,113118616,"Brown & Brown Program Insurance Services, Inc.",USA,100+
a6cffa374fa2b82d5df5c92194998485,Brown County Msa Cellular Limited Partnership,USA,Subsidiary,,HH2026102344355,157312323,Brown County Msa Cellular Limited Partnership,USA,100+
239a25eee41c22c0522280ddab351d83,Brown's Ch LLC,USA,Subsidiary,,HH2026188839849,834951360,Brown's Ch LLC,USA,
7d781db42c23ecc91b58ebafe767ae67,"C. V. Starr & Co., Inc.",USA,Parent,,HH2026043590116,43590116,"C. V. Starr & Co., Inc.",USA,100+
b7ac0b31be6f970fca1d3842ee5cfda,CA Auto Finance Danmark A/S,Denmark,,,HH2026572179567,305982613,CA Auto Finance Danmark A/S,Denmark,100+
0c24c1136626fe18c9900f0eabd9ab26,CADS IMMOBILIER,France,Subsidiary,,HH2026261530984,286412460,CADS IMMOBILIER,France,
3217313d1981f962c89d39bdf71dfc6c,CAE AIRCRAFT MAINTENANCE PTY LTD,Australia,Subsidiary,,HH2026755563900,745583955,CAE AIRCRAFT MAINTENANCE PTY LTD,Australia,300+
2356a9372a9c6cc5afdea90b4870abf4,CANDESCENT,India,Independent,,HH2026878106409,878106409,CANDESCENT,India,50+
21a92b560b6bd0c0dad8d67e2975384b,CANTAB RESEARCH LIMITED,United Kingdom,Parent,,HH2026348999801,348999801,CANTAB RESEARCH LIMITED,United Kingdom,100+
7a8c90c2ea8201f5efa736ffe423a25b,CAPITALAND AUSTRALIA PTY LTD,Australia,Independent,,HH2026746424204,746424204,CAPITALAND AUSTRALIA PTY LTD,Australia,100+
2849f4cad287944a03da28e1f4ed7a9b,CAPITALANDS INC.,Philippines,Independent,,HH2026720939768,720939768,CAPITALANDS INC.,Japan,100+
9de798acb9c6818854611fb9997d551f,"CATHEDRAL FOUNDATION OF JACKSONVILLE, INC.",USA,Parent,,HH2026020987871,20987871,"CATHEDRAL FOUNDATION OF JACKSONVILLE, INC.",USA,2
a60085635f275361ce853316ce0401aa,CATHEDRAL MOTOR COMPANY LIMITED,United Kingdom,Parent,,HH2026239200301,239200301,CATHEDRAL MOTOR COMPANY LIMITED,United Kingdom,3
2b4cdf4a4f6757e25d66fb537910f2a3,"CE ACQUISITION, LLC",USA,Independent,,HH2026081129704,81129704,"CE ACQUISITION, LLC",USA,10
2f128e89c41c31688775147a7be107f2,CEGELEC MOBILITY,France,Subsidiary,,HH2026275244358,263622531,CEGELEC MOBILITY,France,100+
936abc044bf102d164da65fc1852d422,CEGELEC SAS,France,Subsidiary,,HH2026275244358,263622521,CEGELEC SAS,France,100+
ebb6dfe8c6d27b55767cc63ad8c8adc7,CEGELEC SP Z O O,Poland,Subsidiary,,HH2026522934272,367455321,CEGELEC SP Z O O,Poland,100+
9757b2fe993f4f3e4bf6c4079df1005,CEI CENTRO DE EDUCACAO INTEGRADA SA,Brazil,,,HH2026908753874,678441743,CEI CENTRO DE EDUCACAO INTEGRADA SA,Brazil,1000+
56219b1b1bfdb379a9342ab342917ffc,CENTENNIAL PARKLANDS FOUNDATION LIMITED,Australia,Independent,,HH2026743626228,743626228,CENTENNIAL PARKLANDS FOUNDATION LIMITED,Australia,50+
99b5b37b7944896f69809aff57e0d954,CENTRA APPROVI CHARENT POITOU,France,Parent,,HH2026263820912,263820912,CENTRA APPROVI CHARENT POITOU,France,6
4e90d209595866e20e072c2c4459d4aa,CENTRAL UNIVERSITY OF TECHNOLOGY,South Africa,Subsidiary,,HH2026653123781,652878872,CENTRAL UNIVERSITY OF TECHNOLOGY,South Africa,2000+
5268e5ed5d7999291c4799cb106ee732,CFA PHARMACIE DE L'AFPPREC - AssOCIATION POUR LA FORMATION DES PREPARATEURS EN PHARMACIE DE LA REGION CVDL,France,Parent,,HH2026278077441,278077441,CFA PHARMACIE DE L'AFPPREC - ASSOCIATION POUR LA FORMATION DES PREPARATEURS EN PHARMACIE DE LA REGION CVDL,France,20+
e37989ee2fb26e545eb3f172f3124c36,CFAI REGION NORD PAS-DE-CALAIS,France,Parent,,HH2026260716873,260716873,CFAI REGION NORD PAS-DE-CALAIS,France,20+
a163ca0e6c416cf7cefee303985e334c,CHA VE CHAMORRO VEICULOS LTDA,Brazil,Parent,,HH2026903236631,903236631,CHA VE CHAMORRO VEICULOS LTDA,Brazil,15+
ee7e7dd039eb2caeeaafdacbc33489fd,CHARLIE VOGT,Australia,Independent,,HH2026740318146,740318146,CHARLIE VOGT,Australia,
d7ef5c19a3394a1fe18858be36bac158,CHASE PAYMENTECH EUROPE LIMITED,Ireland,Subsidiary,,HH2026047675947,985018875,CHASE PAYMENTECH EUROPE LIMITED,Ireland,15+
0e386e7230c48630730df37b49cb0c98,CHR NUMERIQUE,France,Subsidiary,,HH2026274389056,264689462,CHR NUMERIQUE,France,100+
6e57fd007426e30fec3a1cf0c076f8c4,CHUBB CHINA LIMITED,Hong Kong,Subsidiary,,HH2026117489511,662128529,CHUBB CHINA LIMITED,Hong Kong,15+
bcd20946fdbc3407eed393377e4b864c,CIBA Vision GmbH,Germany,Subsidiary,,HH2026480259820,316199678,CIBA Vision GmbH,Germany,300+
f31997d17b77669905d09e7b59b8b288,CIFT GEYIK KARACA GIYIM SANAYI VE TICARET ANONIM SIRKETI,Turkey,Parent,,HH2026355539938,355539938,CIFT GEYIK KARACA GIYIM SANAYI VE TICARET ANONIM SIRKETI,Turkey,2000+
61aa88cade691dca56d4a9fa64829e2b,CIMT OF THE NAS OF UKRAINE State org.,Ukraine,Independent,,HH2026363736768,363736768,CIMT OF THE NAS OF UKRAINE State org.,Ukraine,2000+
5acfcac2400afa104ea04467ea84ab7f,CIS COMERCIO E SERVICOS LTDA,Brazil,Independent,,HH2026947798243,947798243,CIS COMERCIO E SERVICOS LTDA,Brazil,6
ac4f8c0e98492b332219d29fb0a9d3ac,CITI LAVA (PTY) LTD,South Africa,Independent,,HH2026653333857,653333857,CITI LAVA (PTY) LTD,South Africa,15+
a48b5b783ba79f31290c489a8c003abb,CITY OF ATKA,USA,Parent,,HH2026938803199,938803199,CITY OF ATKA,USA,2000+
bbafe1c020f8c4bb6f419239b296ba68,"CLS TRANSPORTATION LOS ANGELES, LLC",USA,Subsidiary,,HH2026804427859,622107837,"CLS TRANSPORTATION LOS ANGELES, LLC",USA,35+
ded6484bd397a9cfddb657e2bb97822d,CLS UK INTERMEDIATE HOLDINGS LTD.,United Kingdom,Independent,,HH2026520251265,520251265,CLS UK INTERMEDIATE HOLDINGS LTD.,United Kingdom,35+
788001efd7f320da373d1af86d188ba7,CLYDE FENTON SCHOOL COUNCIL INC,Australia,Independent,,HH2026744675572,744675572,CLYDE FENTON SCHOOL COUNCIL INC,Australia,
f220ea4ef0d65c8bb38fdecad240ac36,CNE HIDROGENO Y PILAS DE COMBUSTIBLE,Spain,Parent,,HH2026461450187,461450187,CNE HIDROGENO Y PILAS DE COMBUSTIBLE,Spain,35+
fcf8d190d028cc6db6137aabf9d2fdb4,COCHLEAR COLOMBIA SAS,Colombia,Independent,,HH2026954701222,954701222,COCHLEAR COLOMBIA SAS,Colombia,50+
60d5ec71fe67c4fbcc486c9471fa51a2,COLGATE PALMOLIVE COTE D'IVOIRE S A,Cote d'Ivoire,Subsidiary,,HH2026001344381,644011835,COLGATE PALMOLIVE COTE D'IVOIRE S A,Cote d'Ivoire,20+
615f8001906c80af75b785005e96e433,COLGATE-PALMOLIVE (H.K.) LIMITED,Hong Kong,Subsidiary,,HH2026001344381,686139619,COLGATE-PALMOLIVE (H.K.) LIMITED,Hong Kong,20+
8c89b893341e4ec898863663d03806a6,COLLEGE BLANQUI,France,Independent,,HH2026579070186,579070186,COLLEGE BLANQUI,France,35+
3157088130eb7e6fd67d7ecf22941fad,COLLEGE CAMILLE SEE,France,Independent,,HH2026579108515,579108515,COLLEGE CAMILLE SEE,France,45+
2367dbeef6f6eed27eb345dfbbe76443,COLLEGE DE LA HAUTE VEZOUZE,France,Independent,,HH2026579084831,579084831,COLLEGE DE LA HAUTE VEZOUZE,France,45+
0c8e84adf3ba315751887207d0a1f226,COLLEGE HELDER CAMARA,France,Independent,,HH2026734538168,734538168,COLLEGE HELDER CAMARA,France,35+
b47c9c91fb6d5303df37b45aa0ad498d,COLLEGE OF AGRICULTURE FOOD & RURAL ENTERPRISE,United Kingdom,Independent,,HH2026213912461,213912461,College Of Agriculture Food & Rural Enterprise,United Kingdom,35+
d5300a0c236c3fee232fbb6778258af3,"COLLEGE OF COASTAL GEORGIA FOUNDATION, INC.",USA,Subsidiary,,HH2026180655748,67009878,"COLLEGE OF COASTAL GEORGIA FOUNDATION, INC.",USA,35+
7be4bd44c7d4bf25009ae224f201fde3,COLLEGE VICTOR HUGO,France,Independent,,HH2026579080037,579080037,COLLEGE VICTOR HUGO,France,45+
932561aa09bf5e41b92bc38ef0c86c3b,COLLEGIUM MEDYCZNE MEDICA S C ANNA WASILEK GRZEGORZ WASILEK,Poland,Independent,,HH2026423139074,423139074,COLLEGIUM MEDYCZNE MEDICA S C ANNA WASIŁEK GRZEGORZ WASIŁEK,Poland,10+
656d39d035018e32e46c89450076868e,COLLIERS INTERNATIONAL ENGINEERING & DESIGN (VIC) PTY LIMITED,Australia,Subsidiary,,HH2026750642571,743853598,COLLIERS INTERNATIONAL ENGINEERING & DESIGN (VIC) PTY LIMITED,Australia,200+
771d8cbdace7a4e0fa9914a5aa9c4c77,COLLIERS POLAND SP Z O O,Poland,Subsidiary,,HH2026202596169,422205500,COLLIERS POLAND SP Z O O,Poland,200+
212b8d34c9c39f9c8d39733e11951cc5,COLOSSAL INTEGRATED FACILITIES SERVICES PRIVATE LIMITED,India,Independent,,HH2026861476932,861476932,COLOSSAL INTEGRATED FACILITIES SERVICES PRIVATE LIMITED,India,10+
e5228ad46df7c6469b76ac3d80ee8809,"COMMUNITY LIVING ALLIANCE, INC.",USA,Independent,,HH2026068509111,68509111,"COMMUNITY LIVING ALLIANCE, INC.",USA,1000+
4ca1d46c0f4ccb0dc7185c0e29d13c6a,CONCENTRIX CATALYST ROMANIA S.A.,Romania,Subsidiary,,HH2026079309922,566782208,CONCENTRIX CATALYST ROMANIA S.A.,Romania,1000+
84def792e27cc4d139201e66cecdbe78,CONCENTRIX CRM COLOMBIA SAS,Colombia,Subsidiary,,HH2026079309922,883010553,CONCENTRIX CRM COLOMBIA SAS,Colombia,1000+
b14a3b413d123b43d45f3087662d33b8,CONCENTRIX CVG CUSTOMER MANAGEMENT COLOMBIA S A S,Colombia,Subsidiary,,HH2026079309922,882403723,CONCENTRIX CVG CUSTOMER MANAGEMENT COLOMBIA S A S,Colombia,1000+
252a896ee500d56bdcb54b6c4551d3a0,CONCENTRIX CVG INTERNATIONAL SP Z O O,Poland,Subsidiary,,HH2026079309922,524771318,CONCENTRIX CVG INTERNATIONAL SP Z O O,Poland,1000+
27b47e028150ea80a377c2ccfc026983,CONCENTRIX CVG ITALY SRL,Italy,Subsidiary,,HH2026079309922,630535003,CONCENTRIX CVG ITALY SRL,Italy,1000+
4e37e888e2bebf7e8d013924f34d0e5,"CONCENTRIX CVG SERVICIOS INFORMATICOS, S.L.",Spain,,,HH2026079309922,463682471,"CONCENTRIX CVG SERVICIOS INFORMATICOS, S.L.",Spain,1000+
7576fbb49a017be361202636b8687648,CONCENTRIX CVG SOUTH AFRICA (PTY) LTD,South Africa,Subsidiary,,HH2026079309922,654229049,CONCENTRIX CVG SOUTH AFRICA (PTY) LTD,South Africa,1000+
efd84bf2a0d0c4d591ee35e973073a77,CONCENTRIX CVG TUNISIE BPO,Tunisia,Subsidiary,,HH2026079309922,561204758,CONCENTRIX CVG TUNISIE BPO,Tunisia,1000+
2200ac890e47cdb4fe226a8ebfc0146,CONCENTRIX CX COLOMBIA S A S,Colombia,,,HH2026885624212,885624212,CONCENTRIX CX COLOMBIA S A S,Colombia,1000+
21b9f715909dc11ea1ce6ccefe74506f,CONCENTRIX D.O.O.E.L.,North Macedonia,Subsidiary,,HH2026473477368,499336093,CONCENTRIX D.O.O.E.L.,North Macedonia,1000+
58ef4803f2c2562f9c630981e26b3a03,CONCENTRIX MADAGASCAR,Madagascar,Subsidiary,,HH2026079309922,984608206,CONCENTRIX MADAGASCAR,Madagascar,1000+
c472725af84bc46d4f46483f9c8eee14,CONCENTRIX MANAGEMENT SERVICE (UK) LTD,United Kingdom,Subsidiary,,HH2026079309922,210023830,CONCENTRIX MANAGEMENT SERVICE (UK) LTD,United Kingdom,1000+
47814c6d6b3dbfec353bc81fb3e60f0e,CONCENTRIX SAS JORDAN,Jordan,Subsidiary,,HH2026079309922,562370685,CONCENTRIX SAS JORDAN,Jordan,1000+
c40f2495c964b26b41b4f79a1ede38b5,CONCENTRIX SREV EUROPE UK LIMITED,United Kingdom,Subsidiary,,HH2026079309922,216730306,CONCENTRIX SREV EUROPE UK LIMITED,United Kingdom,1000+
85dbee56f33da7891bdb2c341c1893c0,CONCENTRIX SREV MALAYSIA SDN. BHD.,Malaysia,,,HH2026079309922,865787659,CONCENTRIX SREV MALAYSIA SDN. BHD.,Malaysia,1000+
6481165a99b0f72ce79babf55a3b54cd,CONCENTRIX UK HOLDINGS LTD,United Kingdom,Subsidiary,,HH2026079309922,218701891,CONCENTRIX UK HOLDINGS LTD,United Kingdom,1000+
dfb4d1de5c63395a592403f776acc12f,CONCORD CORPORATION PTE. LTD.,Singapore,Subsidiary,,HH2026659217108,595170003,CONCORD CORPORATION PTE. LTD.,Singapore,4
7a892578b04cb89ddae6288bd19443f7,COOPER VISION CONTACT LENS MALAYSIA SDN. BHD.,Malaysia,Subsidiary,,HH2026769088238,865770221,COOPER VISION CONTACT LENS MALAYSIA SDN. BHD.,Malaysia,15+
9333d06c06dbfd4db0d57af242e6ae1e,CORROHEALTH INFOTECH PRIVATE LIMITED,India,Parent,,HH2026861696608,861696608,CORROHEALTH INFOTECH PRIVATE LIMITED,India,100+
8651a48f1b9dce212b81141d5db7aee1,COVESTRO ELASTOMERS,France,Subsidiary,,HH2026231738508,264128989,COVESTRO ELASTOMERS,France,100+
3e05301d93a9d5a1295edfcec1ff2879,COVESTRO UK LIMITED,United Kingdom,Subsidiary,,HH2026231738508,238163609,COVESTRO UK LIMITED,United Kingdom,100+
c63d4f7f02f691c13940a9c09aae33a4,CROWE LEGAL Y TRIBUTARIO S.C.P.,Spain,Independent,,HH2026463990219,463990219,CROWE LEGAL Y TRIBUTARIO S.C.P.,Spain,200+
5c0bb9f1087da2d0dc1a3a82dc3dad8b,CROWE MACRO AUDITORES INDEPENDENTES SOCIEDADE SIMPLES,Brazil,Parent,,HH2026936201506,936201506,CROWE MACRO AUDITORES INDEPENDENTES LTDA,Brazil,200+
a24d94ec725bcafde22598a054994142,"CSC Investments, LLC",USA,Parent,,HH2026127714926,127714926,"CSC Investments, LLC",USA,24+
d181feefcbabcc4093a400571da59bb1,CSC SERVICOS MEDICOS E HOSPITALARES LTDA,Brazil,Independent,,HH2026910437511,910437511,CSC SERVICOS MEDICOS E HOSPITALARES LTDA,Brazil,24+
fbe8aadd948f4ee6361c29fa821da0f1,CURSO DE ENSINO FERNAO DIAS PAIS LTDA,Brazil,Parent,,HH2026913200197,913200197,CURSO DE ENSINO FERNAO DIAS PAIS LTDA,Brazil,100+
97d95470011a5103c18740a94529421a,CURSO E COLEGIO CIDADE DE TRES LAGOAS LTDA,Brazil,Independent,,HH2026903521493,903521493,CURSO E COLEGIO CIDADE DE TRES LAGOAS LTDA,Brazil,100+
f6f8609e23eda1fe37ca3070821e02de,CURSO E COLEGIO EXCELENCIA LTDA,Brazil,Independent,,HH2026900549404,900549404,CURSO E COLEGIO EXCELENCIA LTDA,Brazil,100+
2346f407c112f4d4d68b522137a1acbc,CURSO SAO CARLOS LTDA,Brazil,Parent,,HH2026900812642,900812642,CURSO SAO CARLOS LTDA,Brazil,100+
d283a9e363ad639d5248b19dd279f7e3,CYBERARK SOFTWARE (INDIA) PRIVATE LIMITED,India,Subsidiary,,HH2026514787837,877779142,CYBERARK SOFTWARE (INDIA) PRIVATE LIMITED,India,1000+
4d98b6f693a81dfa2a3708d486e3c661,Cabot Korea Ltd.,Korea,Subsidiary,,HH2026001013580,689848301,Cabot Korea Ltd,Korea,50+
230f537c6e72f33fd6513637c8d26f02,Cae TECHNOLOGY SERVICES LIMITED,United Kingdom,Subsidiary,,HH2026223718281,771082625,CAE TECHNOLOGY SERVICES LIMITED,United Kingdom,300+
ea32043bb1f73712f44c6b7a746cc299,"Cae US Holdings, Inc.",USA,Parent,,HH2026826060142,826060142,"CAE US Holdings, Inc.",USA,300+
b4136da58c486224df28143fd63eb36d,California Department of General Services,USA,Subsidiary,,HH2026071549000,961606167,California Department of General Services,USA,2000+
0aa9496d5ca41617b699ebca0aac010f,Campus Charter School,USA,Independent,,HH2026113066232,113066232,Campus Charter School,USA,15+
ed12f0422724387f3413c51b59d89115,Canada Infrastructure Bank,Canada,Subsidiary,,HH2026241015486,203836960,Canada Infrastructure Bank,Canada,20+
54316648419390119c2aa555603dcc68,"Cannon Design Architects, P.C.",USA,Independent,,HH2026962730060,962730060,"Cannon Design Architects, P.C.",USA,100+
361c5c7df2aa4f447a4c800a03a04f5b,Cantor Fitzgerald Germany GmbH,Germany,Subsidiary,,HH2026071052948,316761434,Cantor Fitzgerald Germany GmbH,Germany,24+
a1b37723aea66f7ad7fb176e341f5d63,Carolina International School,USA,Parent,,HH2026150721905,150721905,Carolina International School,USA,24+
fdcc178325139851c16b0ffed557a92,Cascadia Port Management Corporation,Canada,,,HH2026481284390,203619713,Cascadia Port Management Corporation,Canada,45+
c5970a0a137b05ba276de966519815de,Cathedral Village,USA,Independent,,HH2026088806955,88806955,Cathedral Village,USA,2
62ace73ee53e08bc2315a97d62d5a8f2,"Catholic Community Services Of Southern Arizona, Inc.",USA,Parent,,HH2026114439730,114439730,"Catholic Community Services Of Southern Arizona, Inc.",USA,2000+
ef2b94a357521c3b5463b9f3b38f219f,Cedar Creek Inn Corporation,USA,Parent,,HH2026113500953,113500953,Cedar Creek Inn Corporation,USA,
5df3e69d405ca4f516a0c6b361b79cc6,"Central Plastics, Inc.",USA,Independent,,HH2026045095197,45095197,"Central Plastics, Inc.",USA,300+
48e65ec3bb2fb5d7c13d99e6bf129095,Centre Hospitalier de Luxembourg,Luxembourg,Independent,,HH2026377118505,377118505,Centre Hospitalier de Luxembourg,Luxembourg,9
d7067db79895ad8acfcce37374917e39,Centre for Commercialization of Regenerative Medicine (CCRM),Canada,Parent,,HH2026248511805,248511805,Centre for Commercialization of Regenerative Medicine (CCRM),Canada,2000+
b01f4a224ccdca13b50f49585fd27ff9,Cfa Holding Company,USA,Parent,,HH2026797422623,797422623,Cfa Holding Company,USA,20+
3723670289f63aabba2645166250f94b,Chapter 13 Trustee For The Southern District Of Georgia,USA,Parent,,HH2026878882760,878882760,Chapter 13 Trustee For The Southern District Of Georgia,USA,2000+
7128de29d08f2b3cab512660551aca7d,Cheminova A/S,Denmark,Parent,,HH2026305060683,305060683,Cheminova A/S,Denmark,50+
c7c6c1f800123294b4e1a976a714d471,Children's Aid Society Of The County Of Renfrew,Canada,Parent,,HH2026202607417,202607417,Children's Aid Society Of The County Of Renfrew,Canada,300+
9845d3c4b0042f165f4056ae0194299,Children's Aid Society of Algoma,Canada,,,HH2026240798454,240798454,Children's Aid Society of Algoma,Canada,2000+
e6e777e9b0d5f3afef318c0e35b1f229,"Children's Healthcare of Atlanta, Inc.",USA,Parent,,HH2026938653458,938653458,"Children's Healthcare of Atlanta, Inc.",USA,2000+
3e361d3ee4f5d8adf63695abb967ad76,Childrens Hospital Los Angeles,USA,Parent,,HH2026052277936,52277936,Childrens Hospital Los Angeles,USA,300+
fc518465fdbbe6313e093ac666187870,Cigna Healthcare Eastern Technology Services Company Limited,Hong Kong,Subsidiary,,HH2026081161936,655918200,Cigna Healthcare Eastern Technology Services Company Limited,Hong Kong,500+
988739e5049341d480a96863152d54f9,Citizens Mutual Insurance Company,USA,Parent,,HH2026152045803,152045803,Citizens Mutual Insurance Company,USA,15+
0242092b1c45c6a3fd9da501ece31493,Citizens National Bank,USA,,,HH2026016669868,30690341,Citizens National Bank,USA,15+
ba349a98dfc057ba45216040f4ffcd9c,City And County Of Butte-Silver Bow,USA,Parent,,HH2026083701888,83701888,City And County Of Butte-Silver Bow,USA,2000+
80c2a8964eefbbe576da953ff8b3c09e,City of Battle Creek,USA,Parent,,HH2026020893244,20893244,City of Battle Creek,USA,2000+
0a2b75b732ae75312cf1aa202b226764,City of Boston,USA,Parent,,HH2026073812083,73812083,City of Boston,USA,2000+
652f724505cf9ff0dbf5a5e2101b7f59,City of Champlin,USA,Parent,,HH2026053177077,53177077,City of Champlin,USA,2000+
44e53f02de43d61b4179b59a07100e4d,City of Chattanooga,USA,Parent,,HH2026043112341,43112341,City of Chattanooga,USA,2000+
da88cd3864618857f8250e5cec45dd28,City of Covina,USA,Parent,,HH2026079602876,79602876,City of Covina,USA,2000+
696bbeac4dc158103cecf59d7885a33e,City of Fargo Park District,USA,Parent,,HH2026132570615,132570615,City of Fargo Park District,USA,2000+
8c0bd7a511ef02474f8b499d89aa758b,City of Guelph,Canada,Parent,,HH2026241414770,241414770,City of Guelph,Canada,2000+
4e8fd85ba7d707ecfb59fa96ab47cafc,City of Kannapolis,USA,Parent,,HH2026605998350,605998350,City of Kannapolis,USA,2000+
0b155af6929127e3601b8e0333952e34,City of La Habra Heights,USA,Parent,,HH2026169318987,169318987,City of La Habra Heights,USA,2000+
f5be80fcd12c8fbdabcc5503a17e3f0f,City of Miami Gardens,USA,Parent,,HH2026199472692,199472692,City of Miami Gardens,USA,2000+
4ea2a5044aecd4c7a0d3e41506f2f9f7,City of Niles,USA,Parent,,HH2026086780111,86780111,City of Niles,USA,2000+
f8c6d112b0b389925c29e54066e25ebc,City of Nixa,USA,Parent,,HH2026095830683,95830683,City of Nixa,USA,2000+
7b5bdc4117eec4477bb6507d87f257f2,City of Palos Hills,USA,Parent,,HH2026015093420,15093420,City of Palos Hills,USA,2000+
8fbebe27f9bee3258e11e040ec36f7b0,City of San Marcos,USA,Parent,,HH2026069462869,69462869,City of San Marcos,USA,2000+
c28f51a0008af485f53e438828c98fa3,City of Seguin,USA,Parent,,HH2026848509402,848509402,City of Seguin,USA,2000+
5a72e6f0980c9dfec21bde7f2b801e8e,City of South Saint Paul,USA,Parent,,HH2026181439159,181439159,City of South Saint Paul,USA,2000+
fab3f48a89d12c4df1d39cdd94e27d15,City of Sullivan,USA,Parent,,HH2026079144218,79144218,City of Sullivan,USA,2000+
82c12405db967886bfdff51c34449997,City of Whitesboro,USA,Parent,,HH2026134546522,134546522,City of Whitesboro,USA,2000+
0a0de123b0d9cbb114ae06cf218ca415,City of Yonkers,USA,Parent,,HH2026072722903,72722903,City of Yonkers,USA,2000+
78e7e026853329d526f6c1f1d5c1c0f2,Clay Center Unified School District 379,USA,Parent,,HH2026031932379,31932379,Clay Center Unified School District 379,USA,50+
e62d57edefc6b5491b959a6fb992f9ff,Clay Community Schools,USA,Parent,,HH2026079583597,79583597,Clay Community Schools,USA,50+
96dfb17a4eb4af406b099bfad89b8133,Clay County Medical Corporation,USA,Independent,,HH2026075473835,75473835,Clay County Medical Corporation,USA,50+
4e74bf3dba6725ebf4b266710b6bddc1,"Clay, Charles A",USA,Independent,,HH2026154751242,154751242,"Clay, Charles A",USA,50+
9d9aede3e4d06e9eec38324d765cb3fe,Clear Lake School District,USA,Parent,,HH2026100082429,100082429,Clear Lake School District,USA,30+
fe05617a12d08d6561bd26989e16c6a8,Cognizant Technology Solutions De Chile Spa,Chile,Subsidiary,,HH2026981379120,954114043,Cognizant Technology Solutions De Chile Spa,Chile,1000+
4f379076b723b0262b5df9d0d3679315,Cognizant Technology Solutions Hong Kong Limited,Hong Kong,Subsidiary,,HH2026799901301,680401333,Cognizant Technology Solutions Hong Kong Limited,Hong Kong,1000+
e8b4cfe2f3444753f2f202232e2ff661,"Coherent Thermal Solutions, Inc.",USA,Subsidiary,,HH2026055529333,62886981,"Coherent Thermal Solutions, Inc.",USA,20+
f2077d75dc25925a2ba45b713f33f659,Colgate Palmolive Co Distributors,USA,Subsidiary,,HH2026001344381,90517327,Colgate Palmolive Co Distributors,USA,20+
6ad815e4c7490bd70c9c7d5fafa6b12,College Of The Canyons Foundation,USA,,,HH2026964836691,964836691,College Of The Canyons Foundation,USA,45+
ceae39b221a51f10086d62e5848220d6,"College Park, Inc",USA,Parent,,HH2026022497051,22497051,"College Park, Inc",USA,45+
dc699c251136ce37cad03f8f6fcaaf9a,College Prep School Of America,USA,Independent,,HH2026794066316,794066316,College Prep School Of America,USA,
51734287aefb76667f3c82374782b0c6,"College of Central Florida Foundation, Inc.",USA,Parent,,HH2026026299545,26299545,"College of Central Florida Foundation, Inc.",USA,35+
9f8c2ec4ff21e1ce7eff451c8726b7a4,College of Physician & Surgeons of Saskatchewan,Canada,Independent,,HH2026241152628,241152628,College of Physician & Surgeons of Saskatchewan,Canada,45+
fb6b781026fec75b0be8817a8bc6bcb6,College of Southern Maryland,USA,Parent,,HH2026074934233,74934233,College of Southern Maryland,USA,35+
9a98bcd0ef27bfb73bfbb310845704ff,"College of St. Scholastica, Inc.",USA,Parent,,HH2026071508196,71508196,"College of St. Scholastica, Inc.",USA,45+
6aafbd9bc5e1d758a824504e03f26ca8,Colliers International Denmark Holdings ApS,Denmark,Subsidiary,,HH2026202596169,305797440,Colliers International Denmark Holdings ApS,Denmark,200+
a291ef5e029c72c920a1dfb89a2a74c0,"Colliers International REMS, s. r. o.",Slovakia,Subsidiary,,HH2026202596169,361482601,"Colliers International REMS, s. r. o.",Slovakia,200+
2253ee9160ba7f8c230c4dfb4942a1d3,"Colliers International, s.r.o.",Czech Republic,Subsidiary,,HH2026202596169,644722126,"Colliers International, s.r.o.",Czech Republic,200+
78c965668cc815efb5b5132b3f4991a1,Coll‚ge Notre-Dame-De-L'Assomption,Canada,Independent,,HH2026253240964,253240964,Collége Notre-Dame-De-L'Assomption,Canada,45+
ca2aa243d43f86c904bbeec5607742c,"Commerce.com US, Inc.",USA,,,HH2026117601671,40920143,"Commerce.com US, Inc.",USA,35+
226a588c0ed96b7341977d0f8db8ef2c,Concentrix,El Salvador,Subsidiary,,HH2026079309922,816055765,Concentrix,El Salvador,1000+
36035d3e5196666b657ca194b9749b59,Concentrix CRM Services Germany GmbH,Germany,Subsidiary,,HH2026079309922,329748243,Concentrix CRM Services Germany GmbH,Germany,1000+
8e9edf217ed4f9027377ab38b09ffc6b,Concentrix Cvg International Holding Bv,Dominican Republic,Subsidiary,,HH2026079309922,871478611,Concentrix Cvg International Holding Bv,Dominican Republic,1000+
6500937feeebe1aa1419e77e736c9e1a,"Concentrix Czech Republic, s.r.o.",Czech Republic,Subsidiary,,HH2026079309922,367083278,"Concentrix Czech Republic, s.r.o.",Czech Republic,1000+
f7c4197c91bfe7a81c58dc26bb376520,"Concentrix Georgia, LLC",Georgia,Subsidiary,,HH2026079309922,506880049,"Concentrix Georgia, LLC",Georgia,1000+
2a9b368ea019ff79f7676a6797ecda40,Concentrix IT Services Sweden AB,Sweden,Subsidiary,,HH2026079309922,777336442,Concentrix IT Services Sweden AB,Sweden,1000+
e1ca8f05c542e1fe2fed431c4ef14fb4,Concentrix Netherlands Holding B.V.,Netherlands,Subsidiary,,HH2026079309922,491274400,Concentrix Netherlands Holding B.V.,Netherlands,1000+
a9cd38f6444ab7e3ed94ba401ccb22b2,Concentrix Services d.o.o.,Croatia,Subsidiary,,HH2026079309922,672618941,Concentrix Services d.o.o.,Croatia,1000+
711d8b8699418b85f69abf3e26d99ee8,Concentrix d.o.o.,Serbia,Subsidiary,,HH2026473477368,680852838,Concentrix d.o.o.,Serbia,1000+
bb4005efda12b3bb6b73631497fa8649,"Constellation Brands, Inc.",USA,Parent,,HH2026059651117,59651117,"Constellation Brands, Inc.",USA,50+
ae50e58919dcd3eef6972fdbaf773826,County of Brazoria,USA,Parent,,HH2026040341430,40341430,County of Brazoria,USA,2000+
84e231871c5227366ee9da7c8b0d1501,County of Butler,USA,,,HH2026097707004,929518348,County of Butler,USA,2000+
870cc2425ee6c91d1901e16ba51026b5,County of Coryell,USA,Parent,,HH2026045460748,45460748,County of Coryell,USA,2000+
70d28f7c69e9798652a563dfb03c044a,County of Douglas,USA,Parent,,HH2026084114388,84114388,County of Douglas,USA,2000+
61f5242495fd3821c76988a5013fbb0,County of Dunn,USA,,,HH2026077624328,77624328,County of Dunn,USA,2000+
e490922c97719d02e7233ad36071a4a,County of Fountain,USA,,,HH2026627400377,627400377,County of Fountain,USA,2000+
9210dcc0496d9c07b4142410c2760404,County of Palm Beach,USA,Parent,,HH2026078470481,78470481,County of Palm Beach,USA,1000+
2414c113fa230cc669c121daf1f76e27,County of Sacramento,USA,Parent,,HH2026071550800,71550800,County of Sacramento,USA,2000+
88a67d5c9fde0325176e309950f3fba2,County of St Clair,USA,Parent,,HH2026070515945,70515945,County of St Clair,USA,2000+
30628301c98191989194c59952a40f81,County of Stafford,USA,Parent,,HH2026089005672,89005672,County of Stafford,USA,2000+
d96d74c95ef59401f8fe1c882d5e75a6,County of Uinta,USA,Parent,,HH2026093117661,93117661,County of Uinta,USA,2000+
85e07f73841620b11a0e48c7ec687a89,County of Union,USA,,,HH2026161179429,161179429,County of Union,USA,2000+
f046123173c22a3768d2d5e0308d692d,County of Van Buren,USA,Parent,,HH2026074305459,74305459,County of Van Buren,USA,2000+
a2d7a195aca7e8e8be386244716e8393,County of Vanderburgh,USA,Parent,,HH2026082318510,82318510,County of Vanderburgh,USA,2000+
bba05a6b4d5445278476cdfcd2f2d123,"Critical Mass Media, Inc.",USA,Subsidiary,,HH2026827761300,181132895,"Critical Mass Media, Inc.",USA,1000+
8d997fc80d0cb8183b0a8d561fc7d461,Cylance Inc.,USA,Subsidiary,,HH2026245645353,78579219,Cylance Inc.,USA,100+
669e454c3551fe521401a516ee1884b7,"D. L. Ryan Companies, LLC",USA,Subsidiary,,HH2026797847969,144770690,"D. L. Ryan Companies, LLC",USA,
c300e5d9ad22cb1094e66187436ac4be,DALLAS AUTO POSTO DE MARILIA LTDA,Brazil,Parent,,HH2026902860154,902860154,DALLAS AUTO POSTO DE MARILIA LTDA,Brazil,35+
6e2b81d63e5d956d2bdaa9ec670159fa,DALLAS CALCADOS LTDA,Brazil,Independent,,HH2026905121869,905121869,DALLAS CALCADOS LTDA,Brazil,35+
53b46f8495378e6e9396f5b73dba065b,DCC RETAILS,India,Independent,,HH2026855253313,855253313,DCC RETAILS,India,24+
8bd30b3028e3d73acdff23127497d4c5,DEALERSOCKET (INDIA) PRIVATE LIMITED,India,Independent,,HH2026877583884,877583884,DEALERSOCKET (INDIA) PRIVATE LIMITED,India,200+
715c82d5741bc1610de5000a8048f81f,DELOIT I TUSH LLC,Ukraine,Independent,,HH2026681299493,681299493,DELOIT I TUSH LLC,Ukraine,1000+
9925de67a4e1145f64b5e97e9ae9de0a,DELOITTE & TOUCHE AFR CEN,Cameroon,Independent,,HH2026559438920,559438920,DELOITTE & TOUCHE AFR CEN,Cameroon,1000+
4768a05b89dbf833e014189d088c57ce,"DELOITTE & TOUCHE, MMAC",Azerbaijan,Independent,,HH2026565719734,565719734,"DELOITTE & TOUCHE, MMAC",Azerbaijan,1000+
3e78f4ae2c221ef69cdfaa62b50f876c,"DELOITTE AUDIT, SRL",Moldova,Subsidiary,,HH2026535225593,535104738,"DELOITTE AUDIT, SRL",Moldova,24+
5386950a82f845ba315944764f4abaf4,DELOITTE ITALY SPA SOCIETA' BENEFIT,Italy,Parent,,HH2026387608099,387608099,DELOITTE ITALY SRL SOCIETA' BENEFIT IN FORMA ABBREVIATO DELOITTE ITALY SRL S.B,Italy,1000+
51370f64eca382f824933885ec449073,DELOITTE T&T (THAILAND) COMPANY LIMITED,Thailand,Subsidiary,,HH2026671949453,660728978,DELOITTE T&T (THAILAND) COMPANY LIMITED,Thailand,20+
5028f2e13c70e7113627fb767b0fa10a,DENTONS,South Africa,Independent,,HH2026568869395,568869395,DENTONS,South Africa,50+
b0109fe6cbcefff2cda2214dbba362ec,DENTONS PATENT ATTORNEYS AUSTRALASIA LIMITED,New Zealand,Subsidiary,,HH2026590300372,671458507,DENTONS PATENT ATTORNEYS AUSTRALASIA LIMITED,New Zealand,50+
893719c9c058ec1b71518ef4374439c6,DENTSU MEDIA AOTEAROA LIMITED,New Zealand,Subsidiary,,HH2026690545991,594511540,DENTSU MEDIA AOTEAROA LIMITED,New Zealand,800+
816d3133c6e23bb2308a5812a9de34cc,DEPARTMENT OF ENERGY,United Arab Emirates,Subsidiary,,HH2026864314781,557723613,DEPARTMENT OF ENERGY,Philippines,
952fb9e8ae2e65a952feaebbd8f27e43,DEV COMPUTERS,India,Independent,,HH2026868311819,868311819,DEV COMPUTERS,India,30+
f8b1d6c2cbcf2ae7b5c61ae32f20da7f,DGAS NJ Corporation,USA,Subsidiary,,HH2026985015354,118177190,DGAS NJ Corporation,Austria,600+
a3124cef368f7c8dbaa0c92d44c5ce99,DIGICERT AUSTRALIA PTY. LTD.,Australia,Subsidiary,,HH2026080967585,756863361,DIGICERT AUSTRALIA PTY. LTD.,Australia,50+
48189c20b841f094623db11f33f415c1,DIMENSION DATA HONG KONG LIMITED,Hong Kong,Subsidiary,,HH2026690626718,686480955,DIMENSION DATA HONG KONG LIMITED,Hong Kong,200+
99f1252a015067aca9e6d2653292cca6,DIMENSION DIGITAL CONTROLLS PRIVATE LIMITED,India,Parent,,HH2026675912738,675912738,DIMENSION DIGITAL CONTROLLS PRIVATE LIMITED,India,3
762faadfb23d12ff410be5edaecc02eb,DL INFORMATICA LTDA,Brazil,Independent,,HH2026944869214,944869214,DL INFORMATICA LTDA,Brazil,1000+
42a6d44b835fdd900fbf5ff833dd6857,DOM INWESTYCYJNY XELION SP Z O O,Poland,Subsidiary,,HH2026422128855,366069941,DOM INWESTYCYJNY XELION SP Z O O,Poland,1000+
08a38909c5a4aadfbb95d4655c7071ac,"DT COMMERCE, INC.",Japan,Subsidiary,,HH2026691890697,692256723,DT商事株式会社,Japan,35+
46381a2a19b300a94f959e495a4cc136,DTZ Deutschland Holding GmbH,Germany,Subsidiary,,HH2026726799318,316799386,DTZ Deutschland Holding GmbH,Czech Republic,50+
37e007210a4ffb6e37ef90ba8882f95c,DUN & BRADSTREET (D&B) MALAYSIA SDN. BHD.,Malaysia,Subsidiary,,HH2026659287309,894249317,DUN & BRADSTREET (D&B) MALAYSIA SDN. BHD.,Malaysia,100+
fd149870bae7685d0afd27138bc8670a,DUN & BRADSTREET (HK) LIMITED,Hong Kong,Subsidiary,,HH2026144869987,686565722,DUN & BRADSTREET (HK) LIMITED,Hong Kong,100+
31ad02ff3fff22e37c66909d1c819358,"DYN Specialty Contracting, Inc.",USA,Subsidiary,,HH2026017106386,929785350,"DYN Specialty Contracting, Inc.",USA,
fa383a045567576dfd37a110604f8827,Dallas Area Rapid Transit,USA,Parent,,HH2026051097897,51097897,Dallas Area Rapid Transit,USA,35+
7dc624af3f3ca4b7ec3210fe60dd0bcc,Dallas Baptist University,USA,Parent,,HH2026071381685,71381685,Dallas Baptist University,USA,35+
d6b9e4995ed59e25c5fce5afc4f6d361,Dallas N Motor Company LLC,USA,Independent,,HH2026080556477,80556477,Dallas N Motor Company LLC,USA,35+
be1e3fa3b4a68fd2b91cfa053c2fd354,Dallas-Fort Worth International Airport Facility Improvement Corporation,USA,Parent,,HH2026068986314,68986314,Dallas-Fort Worth International Airport Facility Improvement Corporation,USA,35+
5c88f4e61463efd8b10a50d43bf1f37c,Danske Bank avd Hovedekspedisjon,Norway,Subsidiary,,HH2026305368722,518895706,Danske Bank avd Hovedekspedisjon,Norway,100+
dd6ece5b568ca6123cf7a1a7b405300,"Datasite, Inc.",USA,,,HH2026555932508,555932508,"Datasite, Inc.",USA,35+
71aaf7453868e7cf949c557ffabee426,Davies Ward Phillips & Vineberg LLP,Canada,Parent,,HH2026207845090,207845090,Davies Ward Phillips & Vineberg LLP,Canada,200+
b9b169c614612a6bead9fb78de38bba8,Day Town of,USA,Parent,,HH2026948023858,948023858,Day Town of,USA,2000+
b531cffb04ba787b9fffaccd4c7b823c,Delegation Generale du Quebec,Belgium,Independent,,HH2026376583386,376583386,Delegation Generale du Quebec,Belgium,10+
63c676091c0ba85f8e21465c4ef30507,Deloitte & Touche (M.E),Oman,Independent,,HH2026557689773,557689773,Deloitte & Touche (M.E),Oman,1000+
6aaa9aae29e065302596b89423fe6beb,Deloitte & Touche Nicaragua S.A.,Nicaragua,Subsidiary,,HH2026216754602,852441497,Deloitte & Touche Nicaragua S.A.,Nicaragua,1000+
2f2a4fc0cc4f9fc63ea7d2b100bb4064,Deloitte ApS,Denmark,Subsidiary,,HH2026305295353,306473447,Deloitte ApS,Denmark,50+
a1e97aa0c55504f01289f11b9ce4f90e,Deloitte Inc.,Panama,Subsidiary,,HH2026216754602,853748528,Deloitte Inc.,Panama,35+
4c2854ab36cdd7393cb11b8bddd79f68,"Denton County Electric Cooperative, Inc.",USA,Parent,,HH2026008947913,8947913,"Denton County Electric Cooperative, Inc.",USA,50+
4f642819a62c7f1d2e2895799dc72649,Denver City Independent School District,USA,Parent,,HH2026084283068,84283068,Denver City Independent School District,USA,50+
c6a07f31ce17dbfe2a700e51d56777de,"Denver HS-EF Court Place, LLC",USA,Independent,,HH2026117523620,117523620,"Denver HS-EF Court Place, LLC",USA,50+
2d571714061b6d9d0e04b799e9ff613d,Denver Nuggets Limited Partnership,USA,Independent,,HH2026073406324,73406324,Denver Nuggets Limited Partnership,USA,50+
3a221ebd2185ba474c0ce03dda70f058,Diageo Brands B.V.,Netherlands,Subsidiary,,HH2026210129250,405232096,Diageo Brands B.V.,Netherlands,200+
0b10af4dde175fc2f400fbd3eca04c9b,Diageo Panama S.A.,Panama,Independent,,HH2026816805318,816805318,Diageo Panama S.A.,Panama,200+
ef877daa43c1cc2e0ef71162e59ce29d,Diageo Venezuela C.A.,Venezuela,Subsidiary,,HH2026210129250,886632678,Diageo Venezuela C.A.,Venezuela,100+
210fa5e0f2245f08f3655ea4b562567a,Dorsch Service GmbH,Germany,Subsidiary,,HH2026312625019,312871114,Dorsch Service GmbH,Germany,35+
cc436d52e8ee7635c1e1f1925bf6da2d,Dr. Theodor Körner Volksschule St. Veit an der Gölsen,Austria,Subsidiary,,HH2026301901232,300390286,Dr. Theodor Körner Volksschule St. Veit an der Gölsen,Austria,100+
abd0295fb73e168b4721f2bfd0d2d4eb,Dun & Bradstreet Denmark A/S,Denmark,Subsidiary,,HH2026144869987,306028494,Dun & Bradstreet Denmark A/S,Denmark,100+
8bd38951ec65eebab78d25c08af6fa63,Dun & Bradstreet Schweiz AG,Switzerland,Subsidiary,,HH2026144869987,481541597,Dun & Bradstreet Schweiz AG,Mexico,100+
0236d3c8f3a7bb159fb51ea6400533fb,E L FORGE LIMITED,India,Parent,,HH2026919631643,919631643,E L FORGE LIMITED,India,24+
70dc715f22cc50e3cae60a0f62e9c2aa,E.J. Brooks Company,USA,Subsidiary,,HH2026079973581,2159978,E.J. Brooks Company,USA,50+
eb09f10cec30a8caaf3a2ff7f0ba9c5c,EA ENTRETENIMENTO E ESPORTES S.A.,Brazil,Parent,,HH2026761432518,761432518,EA ENTRETENIMENTO E ESPORTES S.A.,Brazil,300+
ed80230fdfc48385d1881c4d2afbf34a,EA Mobile Inc,USA,Subsidiary,,HH2026073199531,930256222,EA Mobile Inc,USA,300+
816603119f854fe061072875b99d5316,EA TECHNOLOGY LIMITED,United Kingdom,Subsidiary,,HH2026232586132,764910147,EA TECHNOLOGY LIMITED,United Kingdom,300+
3c0af8daf17d0e574a85ff32e77a1c8a,EASTERN SAMAR STATE UNIVERSITY,Philippines,Subsidiary,,HH2026718969538,718949613,EASTERN SAMAR STATE UNIVERSITY,Philippines,24+
3451b193aa1cd764a50dd0d33bde5827,EC ACQUISITION HOLDING LLC,USA,Independent,,HH2026118697169,118697169,EC ACQUISITION HOLDING LLC,USA,10+
0462882a1c3390af67f1325958a20dce,EDU INVEST SH.P.K.,Kosovo,Parent,,HH2026499457928,499457928,EDU INVEST SH.P.K.,Kosovo,24+
66ead9aabfaf3522b4179f9da20021f3,EGIS ENGINEERING IRELAND LIMITED,Ireland,Subsidiary,,HH2026985040162,986245207,EGIS ENGINEERING IRELAND LIMITED,Ireland,1000+
6acc7125072a195dbcdcba27c3c83381,EGIS IRELAND LIMITED,Ireland,Subsidiary,,HH2026277226882,989869727,EGIS IRELAND LIMITED,Ireland,1000+
93e1db771f35d1df98a4950fef0e5ce4,EGIS KENYA,Kenya,Independent,,HH2026559911280,559911280,EGIS KENYA,Kenya,1000+
8a78d63a8f70dd4da1f1807d04e79ba9,EGIS Operations Austria GmbH,Austria,Subsidiary,,HH2026277226882,301598061,EGIS Operations Austria GmbH,Austria,1000+
a23f0c9297a8fc3260fd6af7cb53290,"EGIS PROJECTS PHILIPPINES, INC.",Philippines,,,HH2026277226882,721557379,"EGIS PROJECTS PHILIPPINES, INC.",Philippines,1000+
8ba34a2c40d8da55fbdeab78bc1037aa,EGIS PROJECTS UK LTD,United Kingdom,Subsidiary,,HH2026277226882,458901345,EGIS PROJECTS UK LTD,United Kingdom,1000+
4f127d4066a8e15ec23fb75297209e9a,EGIS RAIL TAIWAN BRANCH,Taiwan,Subsidiary,,HH2026277226882,963895690,法商一集思鐵路股份有限公司,Taiwan,1000+
bf64887cfdec3c56cba4ed37eecdb56c,EGIS ROAD & TUNNEL OPERATION IRELAND LIMITED,Ireland,Subsidiary,,HH2026277226882,896234106,EGIS ROAD & TUNNEL OPERATION IRELAND LIMITED,Ireland,1000+
4e790433c6fde9a8872616166722629d,EGIS ROAD OPERATION UK LIMITED,United Kingdom,Subsidiary,,HH2026277226882,211424823,EGIS ROAD OPERATION UK LIMITED,United Kingdom,1000+
3e4dc2ce5b536ebdd7e39e0f30a4dfb4,EGIS TUNEL ISLETMECILIGI ANONIM SIRKETI,Turkey,Subsidiary,,HH2026277226882,505266381,EGIS TUNEL ISLETMECILIGI ANONIM SIRKETI,Turkey,1000+
e854fd05e47f44cb541e407cf9ced666,EIFFAGE GENIE CIVIL MARINE S A S ZOMAC,Colombia,Independent,,HH2026987064471,987064471,EIFFAGE GENIE CIVIL MARINE S A S ZOMAC,Colombia,2000+
a4d6ba338b91bfa3cc0eb83b75098366,EINHUNDERT Energie GmbH,Germany,Subsidiary,,HH2026372569304,314347970,EINHUNDERT Energie GmbH,Germany,15+
9d156850447d8026ab1b331ed0b62bca,ELANCO COLOMBIA S A S,Colombia,Subsidiary,,HH2026081373036,886589032,ELANCO COLOMBIA S A S,Colombia,300+
42e70df7874b6783fd973dc3f1fbfc8e,ELISANDRO DE SOUZA E CIA LTDA,Brazil,Parent,,HH2026900367644,900367644,ELISANDRO DE SOUZA E CIA LTDA,Brazil,500+
e18e9ad95ad1360c95540f216a500bcc,ELSEVIER MAssON SAS,France,Subsidiary,,HH2026210244596,275133122,ELSEVIER MASSON SAS,France,100+
51b03f045015c9b6bf22f681d2741eec,ENCORE MINDSEEK PRIVATE LIMITED,India,Parent,,HH2026565269612,565269612,ENCORE MINDSEEK PRIVATE LIMITED,India,15+
2f5c6e75dae39cd50f86517e359b5e93,ENCORE PRINT SOLUTIONS LIMITED,United Kingdom,Subsidiary,,HH2026223399224,235165813,ENCORE PRINT SOLUTIONS LIMITED,United Kingdom,15+
a73b5379b1ccfc3e85cfb7704fde350f,END OLIVEIRA FISCALIZACAO TECNICA EM MONTAGEM LTDA,Brazil,Independent,,HH2026898353005,898353005,END OLIVEIRA FISCALIZACAO TECNICA EM MONTAGEM LTDA,Brazil,20+
0d3468328335a32cf1c3720935048d6f,END TO END SPORTS INTELLIGENCE LTDA,Brazil,Independent,,HH2026944403979,944403979,END TO END SPORTS INTELLIGENCE LTDA,Brazil,20+
a93111bdf5c6cebeca398b533eb7fb5c,ENDAVA LIMITED LIABILITY COMPANY,Vietnam,Subsidiary,,HH2026349260104,626136078,ENDAVA LIMITED LIABILITY COMPANY,Vietnam,100+
3275e82478a724ad83bbc6b53cc9801,ENDAVA VIETNAM LIMITED LIABILITY COMPANY,Vietnam,,,HH2026349260104,556421810,ENDAVA VIETNAM LIMITED LIABILITY COMPANY,Vietnam,100+
28b9a90c1ae886a8337066e50438bb26,ENEL GREEN POWER MOROCCO,Morocco,Subsidiary,,HH2026433013984,535424525,ENEL GREEN POWER MOROCCO,Morocco,300+
d3d1d3c601c479baf7d229d79caf0342,ENERGY MARKET AUTHORITY,Singapore,Subsidiary,,HH2026595950213,894831668,ENERGY MARKET AUTHORITY,Singapore,
e89bea54a6ec6a322f7f00492e6e92f7,ENERGY UTILITY CORPORATION LIMITED,Rwanda,Subsidiary,,HH2026645310517,851737042,ENERGY UTILITY CORPORATION LIMITED,Rwanda,50+
bb593ae7e2a414f38e16314f9ee13aec,ENSEMBLE DEVELOPPONS L'ACCOMPAGNEMENT,France,Parent,,HH2026280185265,280185265,ENSEMBLE DEVELOPPONS L'ACCOMPAGNEMENT,France,400+
9f4e898e4d2031c55a27d0cbc19fb9b5,ENSEMBLE SAINT ANTOINE SAINTE SOPHIE,France,Parent,,HH2026734174287,734174287,ENSEMBLE SAINT ANTOINE SAINTE SOPHIE,France,400+
7f1a38b2e6db76ef496b5b9a91a7559e,ENSEMBLE SCOLAIRE ST VINCENT OGEC,France,Parent,,HH2026365226703,365226703,ENSEMBLE SCOLAIRE ST VINCENT OGEC,France,400+
0d0b807ae915d0ef07c4c32359980a1d,EOS Hospitality SF Employee LLC,USA,Independent,,HH2026119185109,119185109,EOS Hospitality SF Employee LLC,USA,300+
e5256bdc4febe71feeaa743e6857b31b,EPLUS INFOTECH,India,Independent,,HH2026855324441,855324441,EPLUS INFOTECH,India,50+
a0298d8b008752bb8a1727df453467d2,EQUIFAX AUSTRALASIA WORKFORCE SOLUTIONS PTY LIMITED,Australia,Subsidiary,,HH2026045812369,744077541,EQUIFAX AUSTRALASIA WORKFORCE SOLUTIONS PTY LIMITED,Australia,100+
babcf0fb14da460397c762bfe95b29ec,"ER LIKID MUNAI TEKH GAZY, TOO",Kazakhstan,Subsidiary,,HH2026275260909,521113240,"ER LIKID MUNAI TEKH GAZY, TOO",Spain,
79ed1fb59e30a1c3d2db5bbbe3a2becd,ESA GESTAO DE NEGOCIOS LTDA.,Brazil,Independent,,HH2026914617035,914617035,ESA GESTAO DE NEGOCIOS LTDA.,Brazil,20+
e23ce3cdbaba777b4247ca45eea10b72,ESG GLOBAL (ENERGY) LTD,United Kingdom,Subsidiary,,HH2026222882964,738049881,ESG GLOBAL (ENERGY) LTD,United Kingdom,10+
a9029c59896c4224dcce0efd697c33ff,ETHOS LIFE TECHNOLOGIES (INDIA) PRIVATE LIMITED,India,Parent,,HH2026738652022,738652022,ETHOS LIFE TECHNOLOGIES (INDIA) PRIVATE LIMITED,India,50+
8966eb82ee8123c0bd1c556fa4d3d6f6,ETHOS ORGANIZACAO DE DOCUMENTOS LTDA,Brazil,Independent,,HH2026941865033,941865033,ETHOS ORGANIZACAO DE DOCUMENTOS LTDA,Brazil,50+
de89bf2febce1423f7a903c8163f612,EUROFINS CLINICAL DIAGNOSTICS PTE. LTD.,Singapore,,,HH2026400870870,659777755,EUROFINS CLINICAL DIAGNOSTICS PTE. LTD.,Singapore,2000+
c933e29175c92523b4ebec27f83f55e2,EUROFINS NSC JAPAN K.K.,Japan,Subsidiary,,HH2026400870870,713034051,ユーロフィン・エヌエスシー・ジャパン株式会社,Japan,2000+
051183283eefc6ba9c43a3f64d40cef8,EUROFINS QKEN K.K.,Japan,Parent,,HH2026698934135,698934135,ユーロフィンQKEN株式会社,Japan,2000+
7a49baaced5ab0a918502de4afdec720,EUROFINS WATER TESTING LUX,Luxembourg,Subsidiary,,HH2026400870870,370173835,EUROFINS WATER TESTING LUX,Luxembourg,2000+
a878b37fd2117371eadd36a20ee0182d,EVERYMATRIX SRL,Romania,Subsidiary,,HH2026520243805,682481130,EVERYMATRIX SRL,Romania,35+
40291bfbe6046d0768507ddfb54070b2,EVOORT SOLUTIONS,India,Independent,,HH2026754414843,754414843,EVOORT SOLUTIONS,India,7
9baa1b61d3c450e02fcab1bc74c76958,EXA SERVICOS DE TECNOLOGIA SA,Brazil,Parent,,HH2026818010692,818010692,EXA SERVICOS DE TECNOLOGIA SA,Brazil,50+
d5647bb676afbbd4b9987b2a0d862eb,EXCELSIOR SA HOTEIS DE TURISMO,Brazil,,,HH2026897933438,897933438,EXCELSIOR SA HOTEIS DE TURISMO,Brazil,100+
d4b92d1f370c68679edf36cf08466a1f,EYE CLINIC LTDA,Brazil,Parent,,HH2026678257134,678257134,EYE CLINIC LTDA,Brazil,2000+
85ee6bc75ba18df339b05a7da9090947,Eastern Shawnee Tribe Of Oklahoma,USA,Parent,,HH2026605416460,605416460,Eastern Shawnee Tribe Of Oklahoma,USA,24+
33ac69697e607d8206534bebc9c9d51a,Elanco Chile S.p.A.,Chile,Subsidiary,,HH2026964785556,954166425,Elanco Chile S.p.A.,Chile,300+
ddc9758bfc106df5cd034b40b08b8c5a,Electrical Safety Authority,Canada,Parent,,HH2026255132144,255132144,Electrical Safety Authority,Canada,4
5af84d54386e4f48a9bedc21dc587968,Ellsworth Municipal Hospital,USA,Parent,,HH2026045848008,45848008,Ellsworth Municipal Hospital,USA,35+
b304be12eb78a1f5e27f12417a5e298a,Embassy of the United States of America,USA,Subsidiary,,HH2026161906193,24964954,DEPARTMENT OF STATE,Georgia,30+
7620272280318acf65756257542b8e39,Emory Children Center,USA,Independent,,HH2026011046625,11046625,Emory Children Center,USA,50+
e9edc96f56ec4c9ef4a66053539fecd6,"Empire St Med, Sci & Ed foundation Inc",USA,Parent,,HH2026139266571,139266571,"Empire St Med, Sci & Ed foundation Inc",USA,50+
300964457469def5eb919e3286b5cd92,"Energy Alternatives, Inc.",USA,Subsidiary,,HH2026036324049,14987200,"Energy Alternatives, Inc.",USA,100+
a10da025cf2466c18d701e11f2c5b33b,"Energy XXI GOM, LLC",USA,Subsidiary,,HH2026119005024,135905656,"Energy XXI GOM, LLC",USA,
ef16630aab71a1fb950815ea50af8782,EssITY ITALY SPA,Italy,Subsidiary,,HH2026356004804,447947206,ESSITY ITALY SPA,Italy,300+
99b3467395a15aa068849040ad2f8558,EssITY OPERATIONS FRANCE,France,Subsidiary,,HH2026356004804,380537282,ESSITY OPERATIONS FRANCE,France,300+
db5d0622e1f2f3c2517837fc6f9b49d8,Essity North America Inc.,USA,Subsidiary,,HH2026356004804,787850148,Essity North America Inc.,USA,300+
05b9e583ba062df7134f9af59b38668c,Essity Operations Gennep B.V.,Netherlands,Subsidiary,,HH2026356004804,404102378,Essity Operations Gennep B.V.,Netherlands,300+
d75b034370a99973d8ce978db454a706,Essity Slovakia s.r.o.,Slovakia,Subsidiary,,HH2026356004804,888930612,Essity Slovakia s.r.o.,Slovakia,300+
4e0db8b7769912cccf6851335ebf02ac,"Ethics Commission, Texas",USA,Subsidiary,,HH2026002537595,879770196,"Ethics Commission, Texas",USA,500+
21a12c16d9603812c21b5b007f84f738,Euro-Fitting Management,Belgium,Subsidiary,,HH2026489498469,370355542,Euro-Fitting Management,Belgium,2000+
fdf8cf040602a4c5dcc4149e1110a702,Eurofins Derma Tronnier GmbH,Germany,Subsidiary,,HH2026400870870,537396744,Eurofins Derma Tronnier GmbH,Germany,2000+
8d7a48ce0f4ef4ec477ee4f4cc941d42,Eurofins Inpac Medizintechnik GmbH,Germany,Subsidiary,,HH2026400870870,332554364,Eurofins Inpac Medizintechnik GmbH,Germany,2000+
65d8afd46a8ead2097c05866565b703,Eurofins Laborbetriebsgesellschaft Gelsenkirchen GmbH,Germany,,,HH2026400870870,341879311,Eurofins Laborbetriebsgesellschaft Gelsenkirchen GmbH,Germany,2000+
c0eac66a9a7a1bcbed3fbba9abbc6891,Eurofins LifeCodexx GmbH,Germany,Subsidiary,,HH2026414830419,312688254,Eurofins LifeCodexx GmbH,Germany,2000+
0b2532ff9b58510c0b3399a806eb1f81,"Eurofins NSC US, Inc.",USA,Subsidiary,,HH2026400870870,102417213,"Eurofins NSC US, Inc.",USA,2000+
f80326c67fde98caa9ee1719985867a0,Eurofins Vbm Laboratoriet A/S,Denmark,Subsidiary,,HH2026400870870,586955775,Eurofins Vbm Laboratoriet A/S,Denmark,2000+
40f38a07a900e9beec7227899920c552,F&C INFORMATICA NETWORK LTDA,Brazil,Independent,,HH2026628523563,628523563,F&C INFORMATICA NETWORK LTDA,Brazil,20+
aabe508ee7ecf15d6d4065299b22c859,F5 NETWORKS NEW ZEALAND LIMITED,New Zealand,Subsidiary,,HH2026958448920,593507416,F5 NETWORKS NEW ZEALAND LIMITED,Japan,200+
6ed848a3221ec216c79085cfb0e059c9,F5 SOFTWARE LTDA,Brazil,Parent,,HH2026678308279,678308279,F5 SOFTWARE LTDA,Brazil,200+
39de531365d50a54720cbf862b59199e,FAIRFIELD HOUSING CO-OPERATIVE,United Kingdom,Independent,,HH2026212932722,212932722,FAIRFIELD HOUSING CO-OPERATIVE,United Kingdom,
a87ebb26d2868461bd6d08761f29f3ec,FEDERAL MINISTRY OF HEALTH & SOCIAL WELFARE,Nigeria,Subsidiary,,HH2026645310681,366135478,FEDERAL MINISTRY OF HEALTH & SOCIAL WELFARE,Nigeria,2000+
7f7b383851a6faf7ede4547ea98a8517,FERRING Pharmaceuticals d.o.o.,Serbia,Subsidiary,,HH2026371640248,522517639,FERRING Pharmaceuticals d.o.o.,Serbia,50+
6009f0bdb108b7f67f9d33764b3e0636,FHI 360,Zambia,Independent,,HH2026559914977,559914977,FHI 360,Zambia,50+
ebe836d898c36457d6eb54775e90cb6d,"FINDLAY MANAGEMENT, INC.",USA,Parent,,HH2026612039792,612039792,"FINDLAY MANAGEMENT, INC.",USA,30+
f2303284d69045789b0749419c1a6117,"FIRST BAPTIST CHURCH OF RUSKIN, INC.",USA,Independent,,HH2026079994992,79994992,"FIRST BAPTIST CHURCH OF RUSKIN, INC.",USA,2000+
c9539edc45cafdba011c14e4b7cdf41f,FLOWSERVE AL RUSHAID COMPANY LIMITED,Saudi Arabia,Subsidiary,,HH2026004241550,557735888,FLOWSERVE AL RUSHAID COMPANY LIMITED,Saudi Arabia,400+
4d451cdfa11150e9823bc563b4cb890f,FLYWHEEL DIGITAL BRAZIL LTDA.,Brazil,Subsidiary,,HH2026901059742,902733374,FLYWHEEL DIGITAL BRAZIL LTDA.,Brazil,1000+
6c3443857a8e3cd1f2c7713e6c3b4b64,FMC COLOMBIA S A S,Colombia,Subsidiary,,HH2026324661834,880392068,FMC COLOMBIA S A S,Colombia,50+
80baa27f0f9420f83719c9589ee2c084,FMC TECHNOLOGIES (GHANA) LIMITED,Ghana,Subsidiary,,HH2026221296097,561377159,FMC TECHNOLOGIES (GHANA) LIMITED,Ghana,50+
9c1a1a7133c0dece381b408b1200ba3,FMC TECHNOLOGIES ARGENTINA S.R.L.,Argentina,,,HH2026221296097,970609202,FMC TECHNOLOGIES ARGENTINA S.R.L.,Argentina,50+
7b8eb039d0c7749aad4e2f54ce2b5c42,FMC TECHNOLOGIES CAMEROON SARL,Cameroon,Subsidiary,,HH2026221296097,561242700,FMC TECHNOLOGIES CAMEROON SARL,Cameroon,50+
d3417962419b1093510168531ac61fd7,FMC TECHNOLOGIES SAUDI ARABIA,Saudi Arabia,Subsidiary,,HH2026221296097,557857250,FMC TECHNOLOGIES SAUDI ARABIA,Saudi Arabia,50+
5a7f8bfc8c1e7609411f87656a803d05,FMC TECHNOLOGIES SINGAPORE PTE LTD,Singapore,Subsidiary,,HH2026221296097,595105941,FMC TECHNOLOGIES SINGAPORE PTE LTD,Singapore,50+
ae812dfbb71e8fd04d1e04053e65e5ee,FMC VIETNAM COMPANY LIMITED,Vietnam,Subsidiary,,HH2026009146945,557157425,FMC VIETNAM COMPANY LIMITED,Vietnam,50+
cc973f7bc394a58b1c03043738fcd017,FNZ WEALTHTECH LIMITED,United Kingdom,Independent,,HH2026219685159,219685159,FNZ WEALTHTECH LIMITED,United Kingdom,50+
52659ae2e6b2bf9ff0e9fb8bf5feb4fc,FOREST HILL COLLEGE,Australia,Independent,,HH2026743892983,743892983,FOREST HILL COLLEGE,Australia,45+
c478a84423746ba3e56b8567cf55ac23,FORTREA AUSTRALIA PTY LTD,Australia,Subsidiary,,HH2026119024316,750558975,FORTREA AUSTRALIA PTY LTD,Australia,300+
4170b6cde797e7e779db48df28d8abd5,FORTREA POLAND SP Z O O,Poland,Subsidiary,,HH2026119024316,422513858,FORTREA POLAND SP Z O O,Poland,300+
97d81c1c828ebe7a9b96f0c3f2317e8,FORTUNE FOUNDATION,India,,,HH2026960714403,960714403,FORTUNE FOUNDATION,India,10+
285a2dc6343c2fad5f4a60f1af1e36b0,FORTUNE INSTITUTE OF TECHNOLOGY,Taiwan,Independent,,HH2026656456324,656456324,Fortune Institute Of Technology,Taiwan,10+
01d598eacfcf02cfb0e479ff80a82656,FORTUNE TOBACCO CORPORATION,Philippines,Subsidiary,,HH2026721002517,718676737,FORTUNE TOBACCO CORPORATION,Philippines,10+
4c3923906a1767bcd1efda45da61e495,FOUR C PLUS MEDIA TECH PRIVATE LIMITED,India,Parent,,HH2026869203636,869203636,FOUR C PLUS MEDIA TECH PRIVATE LIMITED,India,50+
85fe2a7d858328b27aa87b58a99c6662,FOUR SEASONS HEALTH CARE PROPERTIES (CARE HOMES) LIMITED,United Kingdom,Subsidiary,,HH2026229193560,239452167,FOUR SEASONS HEALTH CARE PROPERTIES (CARE HOMES) LIMITED,United Kingdom,50+
91cfe9a926515c7b9a4e57aacc6ec6b0,FOUR SEASONS HOTELS AND RESORTS VIETNAM COMPANY LIMITED,Vietnam,Subsidiary,,HH2026894674519,556933808,FOUR SEASONS HOTELS AND RESORTS VIETNAM COMPANY LIMITED,Vietnam,50+
63c16dc04c89cec186ad6336143823b7,FP Acquisition Company 3.5 LLC,USA,Subsidiary,,HH2026118521923,88156799,FP Acquisition Company 3.5 LLC,USA,10+
9827979ee233595ab63339b16e9f8bd0,FP Canadian Newspapers Limited Partnership,Canada,Parent,,HH2026200532682,200532682,FP Canadian Newspapers Limited Partnership,Canada,50+
1e6461edc729f1309877cfe6c8484b8,FRACTURE CARE CENTER,USA,,,HH2026191086482,191086482,FRACTURE CARE CENTER,USA,2000+
a0888f2935a2470ed1914088168aab90,FRESENIUS MEDICAL CARE ROMANIA SRL,Romania,Subsidiary,,HH2026324661834,565408309,FRESENIUS MEDICAL CARE ROMANIA SRL,Romania,2000+
78937bb11285ad065aedb3d8e9eeb575,FUJIFILM DIOSYNTH BIOTECHNOLOGIES UK LIMITED,United Kingdom,Subsidiary,,HH2026690536693,778997119,FUJIFILM DIOSYNTH BIOTECHNOLOGIES UK LIMITED,United Kingdom,20+
d5e72f3fe71f281fda4ba2d78b866547,FWD Group Management Holdings Limited,Hong Kong,Subsidiary,,HH2026815556152,663855426,FWD Group Management Holdings Limited,Hong Kong,100+
650083089bd210a32e867ebf14215f53,FWD Life Insurance Company (Bermuda) Limited,Hong Kong,Subsidiary,,HH2026815553948,662905751,FWD Life Insurance Company (Bermuda) Limited,Hong Kong,100+
268850d420276cc7f00c376c68008ba4,FYFE CO. LLC,USA,Subsidiary,,HH2026118137978,804413128,FYFE CO. LLC,USA,45+
0312ceaa3511de29d1b0ef9bdc16c07b,Fairfield Medical Center,USA,Parent,,HH2026079428397,79428397,Fairfield Medical Center,USA,
8e4b6aed94b3aa388b1127fe5393379b,"Ferrara Bros., LLC",USA,Subsidiary,,HH2026805344798,46830147,"Ferrara Bros., LLC",USA,45+
cd023defcaa9481d5fc62cbaa2fcb8cb,Ferring International Center SA,Switzerland,Subsidiary,,HH2026371640248,481210362,Ferring International Center SA,Switzerland,50+
9f766326c68d099ddd25851a547dff56,"Fidelity Newport Holdings, LLC",USA,Subsidiary,,HH2026080770676,831038075,"Fidelity Newport Holdings, LLC",USA,400+
6c572f0f51893f981bd0ff02ead721bd,Fifty5Blue Finland Oy,Finland,Subsidiary,,HH2026218784436,368478988,Fifty5Blue Finland Oy,Finland,35+
96a6ca730ca46370289b92baa1c0de1a,First Nationwide Group Incorporated,USA,Parent,,HH2026608759791,608759791,First Nationwide Group Incorporated,USA,35+
a17ebf9119f3fd0f22cc3787ae4b99b4,Fort McMurray Public School District #2833,Canada,Parent,,HH2026246278410,246278410,Fort McMurray Public School District #2833,Canada,10+
da4574f08a100eed428117926898a688,"Foundation Risk Partners of Florida, LLC",USA,Independent,,HH2026081045050,81045050,"Foundation Risk Partners of Florida, LLC",USA,50+
6b3a7320aefb7a0ffeb0d960613bbf32,Four in One Fast Food,United Kingdom,Independent,,HH2026210419751,210419751,Four in One Fast Food,United Kingdom,50+
c44c03cfa91caf308dc04017721a6893,Fresenius Medical Care Korea Ltd.,Korea,Subsidiary,,HH2026324661834,689386407,Fresenius Medical Care Korea Ltd.,Korea,2000+
27f8e7cc3a43953a06921d279c417822,GATE GOURMET COLOMBIA S A S,Colombia,Independent,,HH2026881592059,881592059,GATE GOURMET COLOMBIA S A S,Colombia,200+
6661e23ff8238be963c6284e3a5e0ea0,GATE GOURMET SUPPORT SERVICES UK LIMITED,United Kingdom,Subsidiary,,HH2026659764241,718999308,GATE GOURMET SUPPORT SERVICES UK LIMITED,United Kingdom,
8ca2860f9b037f35b64ccfc775633ac6,GATTON ACADEMY OF MATHEMATICS AND SCIENC,USA,Independent,,HH2026007877258,7877258,GATTON ACADEMY OF MATHEMATICS AND SCIENC,USA,200+
9352d5806e7990dd2d4f05de0ae31a42,GE COSMETICOS LTDA,Brazil,Parent,,HH2026896003013,896003013,GE COSMETICOS LTDA,Brazil,100+
77688dc75bf264aef73d77a04b293885,GE Europe,Belgium,Subsidiary,,HH2026001367960,372961227,GE Europe,Belgium,
0ac641e32642d9c7341a64566f54f37b,GE MEDICAL SYSTEMS TURKIYE LIMITED SIRKETI,Turkey,Parent,,HH2026644622540,644622540,GE MEDICAL SYSTEMS TURKIYE LIMITED SIRKETI,Turkey,
c823e7b1ca01f6c3764931a80f8a6819,GE Medical Systems Information Technologies GmbH,Germany,Subsidiary,,HH2026118851700,319584660,GE Medical Systems Information Technologies GmbH,Germany,100+
feb631b3174782bbe548576a007622e5,GE POWER CONVERSION BRASIL LTDA.,Brazil,Subsidiary,,HH2026581085695,914579917,GE POWER CONVERSION BRASIL LTDA.,Brazil,100+
f96f3c335b393cb45a34191bb46faeed,"GE Power s.r.o., v likvidaci",Czech Republic,Subsidiary,,HH2026119209152,366921161,"GE Power s.r.o., v likvidaci",Czech Republic,100+
be9b9ac634c4b308878eb7299afbdd7b,GE VERNOVA ENERGY HOLDING DO BRASIL LTDA,Brazil,Parent,,HH2026581085695,581085695,GE VERNOVA ENERGY HOLDING DO BRASIL LTDA,Brazil,2000+
a499018ed0476938b7864e7e12a5b1d3,GE VERNOVA ENERGY ISRaeL LTD,Israel,Independent,,HH2026533381443,533381443,GE VERNOVA ENERGY ISRAEL LTD,Israel,2000+
dc56d8e57b6437803764514e26fdbbbc,GE VERNOVA ENERGY UK LIMITED,United Kingdom,Subsidiary,,HH2026119209152,222499209,GE VERNOVA ENERGY UK LIMITED,United Kingdom,2000+
2863345e854e3d80c508dc76df208299,GE VERNOVA EQUIPAMENTOS E SOLUCOES ELETRICAS LTDA,Brazil,Subsidiary,,HH2026581085695,899962039,GE VERNOVA EQUIPAMENTOS E SOLUCOES ELETRICAS LTDA,Brazil,2000+
72805d93bf88dc59c329183b42083c0e,GE VERNOVA UKRAINE LLC,Ukraine,Subsidiary,,HH2026119209152,364928383,GE VERNOVA UKRAINE LLC,Ukraine,2000+
f98547123c283d25cd7bee825f3ce443,GE Vernova (Switzerland) GmbH,Switzerland,,,HH2026119209152,482356334,GE Vernova (Switzerland) GmbH,Switzerland,
54f7f369b8fa57bb8e78f67f7ab79ee8,GE Vernova Electrification Software LLC,USA,Subsidiary,,HH2026119209152,80479204,GE Vernova Electrification Software LLC,USA,2000+
c9c8642de5443b978232abe3313b3eca,"GE Vernova Hitachi SMR Technologies Canada, Ltd",Canada,Subsidiary,,HH2026119209152,208457926,"GE Vernova Hitachi SMR Technologies Canada, Ltd",Canada,2000+
798e647b784370da862ddcae856db29d,GE Vernova International AB,Sweden,Subsidiary,,HH2026119209152,354224594,GE Vernova International AB,Sweden,2000+
04d3624e2148af17e1696b703ad97ac2,GE.MA.TA. SPA,Italy,Subsidiary,,HH2026445156347,433846185,GE.MA.TA. SPA,Italy,100+
6ffbdbf06f2dc79247131d192249d118,GEDU SERVICES PRIVATE LIMITED,India,Independent,,HH2026956895238,956895238,GEDU SERVICES PRIVATE LIMITED,India,15+
74157485b8c613f43f668316d756a97d,GENESYS DISTRIBUICAO-COMERCIO E SERVICOS LTDA,Brazil,Independent,,HH2026944508107,944508107,GENESYS DISTRIBUICAO-COMERCIO E SERVICOS LTDA,Brazil,100+
8be1a8f865348f0992ee99401e883c47,GENIE INFOTECH PRIVATE LIMITED,India,Parent,,HH2026860256097,860256097,GENIE INFOTECH PRIVATE LIMITED,India,200+
96e7601a400f2a33bf2641e94902387e,GENPACT PL SP Z O O,Poland,Subsidiary,,HH2026875669538,422183420,GENPACT PL SP Z O O,Poland,2000+
eb77f598af8929ae3df389b95c8b624a,GEORG FISCHER SPA,Italy,Subsidiary,,HH2026480002955,428626535,GEORG FISCHER SPA,Italy,300+
749eb83a977ec3b9eb4ad338f6bd8943,GHD EMPREENDIMENTOS IMOBILIARIOS LTDA,Brazil,Parent,,HH2026900004187,900004187,GHD EMPREENDIMENTOS IMOBILIARIOS LTDA,Brazil,24+
5d99035a2837e872a3722f05ec6d6df5,GHL BRASIL GESTAO SOCIEDADE LTDA,Brazil,Parent,,HH2026628982172,628982172,GHL BRASIL GESTAO SOCIEDADE LTDA,Brazil,50+
407938578934b0b9c11e04bb110273b,GHL EPAYMENTS SDN. BHD.,Malaysia,,,HH2026690626718,534305036,GHL EPAYMENTS SDN. BHD.,Malaysia,50+
33a17aba8b5d96ba01ffbd5b6bcb2a59,GHL PROPERTY LIMITED,United Kingdom,Subsidiary,,HH2026222211144,769104910,GHL PROPERTY LIMITED,United Kingdom,50+
7600d5b4905706e8d576314dcd5c1fe9,GL.TI INFORMATICA LTDA,Brazil,Independent,,HH2026897442000,897442000,GL.TI INFORMATICA LTDA,Brazil,15+
aaabf2217b189ed9427b056378a7d413,GM Deutschland Holdings GmbH,Germany,Subsidiary,,HH2026832447812,315000737,GM Deutschland Holdings GmbH,Germany,500+
bf1e5043e43f301919be47fa50d60887,GM ENGENHARIA-EMPREENDIMENTOS LTDA,Brazil,Independent,,HH2026678226799,678226799,GM ENGENHARIA-EMPREENDIMENTOS LTDA,Brazil,500+
8cfb98d16f29bf4fb147404853c8e72,"GM PHARMACEUTICALS, LLC",Georgia,,,HH2026683518159,683518159,"GM PHARMACEUTICALS, LLC",Georgia,500+
21b6cedc9ed9f240b3d37c56f980a9d6,GM URBANISMO EMPREENDIMENTOS LTDA.,Brazil,Independent,,HH2026945393059,945393059,GM URBANISMO EMPREENDIMENTOS LTDA.,Brazil,500+
e096fafd7adc37a908ba2033f6b8a9ae,GOODYEAR TIRES ITALIA - SPA,Italy,Subsidiary,,HH2026004467924,437436517,GOODYEAR TIRES ITALIA - SPA,Italy,
fcef429798fa8336a8e1fcbd6aa89422,"GRANT THORNTON, CJSC",Armenia,Parent,,HH2026565670564,565670564,"GRANT THORNTON, CJSC",Armenia,20+
20dab62fef2702820dba92c45e87393c,GROW QUIMICA E FARMACEUTICA LTDA.,Brazil,Subsidiary,,HH2026969643367,899912652,GROW QUIMICA E FARMACEUTICA LTDA.,Brazil,30+
f99588ae91110c80a1d15450eb88b5f9,GROW UP INDUSTRIA E COMERCIO DE CONFECCOES LTDA,Brazil,Parent,,HH2026900192961,900192961,GROW UP INDUSTRIA E COMERCIO DE CONFECCOES LTDA,Brazil,30+
2722cca6491bf019e3ee72a807af5679,GUIDEHOUSE INDIA PRIVATE LIMITED,India,Subsidiary,,HH2026079529872,915027013,GUIDEHOUSE INDIA PRIVATE LIMITED,India,500+
96ad169ae69bd149eff282e5b150b296,GUILFORD YOUNG COLLEGE,Australia,Independent,,HH2026759369333,759369333,GUILFORD YOUNG COLLEGE,Australia,15+
4a7ab15627e97180c99e0aa1e7972d5b,Gate Gourmet Sweden AB,Sweden,Subsidiary,,HH2026659764241,354241176,Gate Gourmet Sweden AB,Sweden,
99cecc9c08ac3a15092b378011b1e99,"General Motors Financial Company, Inc.",Peru,,,HH2026832447812,177781390,"General Motors Financial Company, Inc.",Peru,45+
6a227773dc490d3eab5feb720ec1f36d,Georgetown Exempted Village Schools,USA,Parent,,HH2026038727129,38727129,Georgetown Exempted Village Schools,USA,100+
a280eed244e177b90f1e8f1fae7b3b7d,"Georgetown Preparatory School, Incorporated",USA,Independent,,HH2026072656077,72656077,"Georgetown Preparatory School, Incorporated",USA,100+
edb4a448454e7c5201fd2f4ffe844402,Georgetown-Ridge Farm Cusd #4,USA,Parent,,HH2026119557924,119557924,Georgetown-Ridge Farm Cusd #4,USA,100+
6a5753770329d5e538c964ffe967e016,Georgia-Pacific LLC,USA,Subsidiary,,HH2026119316570,9020777,GEORGIA-PACIFIC LLC,Hungary,500+
5e3d75b77b4aee7e2abce03051f56560,Gitlab Inc.,USA,Parent,,HH2026087987115,87987115,Gitlab Inc.,USA,
43a4c91fc09680558e0c2c0b883269f0,Glass Company For Industry,Egypt,Independent,,HH2026552437410,552437410,Glass Company For Industry,Egypt,2000+
48a5f13fc3f16fb67b96111167275261,"Goodwill, JSC",Georgia,Independent,,HH2026360532961,360532961,"Goodwill, JSC",Georgia,500+
99c2c154bbccb099ca4314577dc7670d,Granger School District 204,USA,Parent,,HH2026025114695,25114695,Granger School District 204,USA,30+
7c2555a4f092a452fe4c77a1fd048b8,Grant Thornton Advisory (Bermuda) Limited,Bermuda,,,HH2026726760383,726760383,Grant Thornton Advisory (Bermuda) Limited,Bermuda,24+
cb7e4556d6733418574478442a9d83af,Grantham College of Education Past Students' Association Whampoa Primary School,Hong Kong,Independent,,HH2026687241081,687241081,Grantham College of Education Past Students' Association Whampoa Primary School,Hong Kong,500+
3cc9df5336b246bdd26d4d716133c62a,"Grove Hill Medical Center, P.C.",USA,Parent,,HH2026039278577,39278577,"Grove Hill Medical Center, P.C.",USA,7
ab6eed6864504396b9039c9f1f5528c6,Grove Public School District 2,USA,Parent,,HH2026056561749,56561749,Grove Public School District 2,USA,6
24a058cbcac43858eb3a6d35edda5bec,Grundschule Am Alten Schloss,Germany,Independent,,HH2026341916274,341916274,Grundschule Am Alten Schloss,Germany,600+
86d032c62732419486ca7dbaafec0204,"Guardian Consolidated Technologies, Inc.",USA,Subsidiary,,HH2026068583749,878848779,"Guardian Consolidated Technologies, Inc.",USA,
bb5a7c90713d385d87ea9266100f592,Guardian General Insurance Limited,Trinidad and Tobago,,,HH2026860239529,857269963,Guardian General Insurance Limited,Trinidad and Tobago,
9a4a57ad37b204129fa133a1da650ba7,H & M RETAIL SDN. BHD.,Malaysia,Subsidiary,,HH2026356897793,865782437,H & M RETAIL SDN. BHD.,Malaysia,
a01cfcfb49d7f97a874b731c92a376e0,HARGREAVES LANSDOWN SAVINGS LIMITED,United Kingdom,Subsidiary,,HH2026232408804,219193353,HARGREAVES LANSDOWN SAVINGS LIMITED,United Kingdom,15+
5bd375ab97d2783055ac575612af52c6,HARNESS CARE LTD,United Kingdom,Independent,,HH2026211189930,211189930,HARNESS CARE LTD,United Kingdom,50+
667a2ba53da62341f560802f2710d712,HASBRO CONSUMER PRODUCTS LICENSING LIMITED,United Kingdom,Subsidiary,,HH2026001200443,225715629,HASBRO CONSUMER PRODUCTS LICENSING LIMITED,United Kingdom,100+
4e15edaf3d04addec5e227c30ea3133f,HAVEN OF HOPE CHRISTIAN SERVICE,Hong Kong,Independent,,HH2026662453018,662453018,HAVEN OF HOPE CHRISTIAN SERVICE,Hong Kong,2000+
208443de0dd93b01a1bb426070a9c5ed,HEALTH AND RECOVERY CENTER AT JACKSON MEMORIAL HOSPITAL,USA,Independent,,HH2026043710650,43710650,HEALTH AND RECOVERY CENTER AT JACKSON MEMORIAL HOSPITAL,USA,1000+
40ad0cfefbf1f4a957db9ecc0dd00b63,HEART OF THE VALLEY YMCA,USA,Parent,,HH2026084378678,84378678,HEART OF THE VALLEY YMCA,USA,200+
77ab677f506c69dec7c0483741e0c40a,HEIDELBERG MATERIALS COMPANY - HELWAN CEMENT,Egypt,Subsidiary,,HH2026315768515,535105779,HEIDELBERG MATERIALS COMPANY - HELWAN CEMENT,Egypt,500+
6eab6893c4c03a86a60c99fc2c13d469,HELLMANN WORLDWIDE LOGISTICS LIMITED,Hong Kong,Subsidiary,,HH2026315954487,662020064,HELLMANN WORLDWIDE LOGISTICS LIMITED,Hong Kong,300+
bbecfedf4c25e6ff469487a7e24b37c2,HENDERSON COMPANY,Hong Kong,Independent,,HH2026664304307,664304307,HENDERSON COMPANY,Hong Kong,24+
586f899f7ecb6d97ff9d86cc8668a871,HENDERSON INSURANCE BROKERS LIMITED,United Kingdom,Subsidiary,,HH2026503916843,296595523,HENDERSON INSURANCE BROKERS LIMITED,United Kingdom,24+
2247b33a143ccecba6fc8ce3f813256a,HIGHLEVEL INDIA PRIVATE LIMITED,India,Independent,,HH2026738683446,738683446,HIGHLEVEL INDIA PRIVATE LIMITED,India,50+
d7d470ba1e1ac31c9655af185892713a,HILL INTERNATIONAL,Morocco,Independent,,HH2026354258841,354258841,HILL INTERNATIONAL,Morocco,6
88bdd1c1f05cadfb31de92843e32eed6,HILL INTERNATIONAL INC,India,Subsidiary,,HH2026080819572,956896474,HILL INTERNATIONAL INC,India,6
4c768ecbf81c8cbfb44c2d9699552646,HIMEJI CITY BOARD OF EDUCATION,Japan,Subsidiary,,HH2026694585746,692693312,姫路市教育委員会,Japan,2000+
5d59e9f27f297e9e501a707333a27a1f,HITACHI RAIL NEW ZEALAND LIMITED,New Zealand,Subsidiary,,HH2026690541503,594252533,HITACHI RAIL NEW ZEALAND LIMITED,Spain,2000+
3a03aaa1c0f2f5845413950174ee5af7,HL EQUIPAMENTOS INDUSTRIAIS LTDA,Brazil,Independent,,HH2026900268994,900268994,HL EQUIPAMENTOS INDUSTRIAIS LTDA,Brazil,15+
b8ffcbc1031f409c3a8e02de50f89398,HMSHOST UK LIMITED,United Kingdom,Subsidiary,,HH2026482441321,236553454,HMSHOST UK LIMITED,United Kingdom,500+
ac0284e554b065a7606b816a2bbf5138,HN SERVICES,France,Parent,,HH2026274035278,274035278,HN SERVICES,France,
decfc7e247606fff866dd55822f5400f,HOFF & BRAIT LTDA,Brazil,Subsidiary,,HH2026966378914,912156226,HOFF & BRAIT LTDA,Brazil,9
012dd51662ce008cff9e3b8a7c8211aa,HOLY CROSS PRIMARY SCHOOL,Australia,Independent,,HH2026743898308,743898308,HOLY CROSS PRIMARY SCHOOL,Australia,50+
a9be67189cb164ebc6a44cda6a51729a,HOLY FAMILY CATHOLIC MULTI ACADEMY TRUST,United Kingdom,Parent,,HH2026218659011,218659011,HOLY FAMILY CATHOLIC MULTI ACADEMY TRUST,United Kingdom,50+
25909cdbc9aad6f14433efd8016398e8,HOLY FAMILY CATHOLIC PRIMARY SCHOOL PARKES,Australia,Independent,,HH2026740764528,740764528,HOLY FAMILY CATHOLIC PRIMARY SCHOOL PARKES,Australia,50+
db0aa500a73424eb6d7ebc816fd305f4,HOLY FAMILY PRIMARY SCHOOL BELL PARK,Australia,Independent,,HH2026741300665,741300665,HOLY FAMILY PRIMARY SCHOOL BELL PARK,Australia,50+
5715e568dbd4aee4e37d848bd7fdae2e,HOLY INNOCENTS HIGH SCHOOL,Singapore,Independent,,HH2026659178987,659178987,HOLY INNOCENTS HIGH SCHOOL,Singapore,50+
affbcaa402e5474b9617324832b64886,HOLY TRINITY ACADEMY OF CALAMBA INC,Philippines,Independent,,HH2026725168330,725168330,HOLY TRINITY ACADEMY OF CALAMBA INC,Philippines,50+
a168babcc0dfd5a8bb5fb9a9e4dfe54f,HOLY TRINITY CATHOLIC PRIMARY SCHOOL ELTHAM NORTH,Australia,Independent,,HH2026743891427,743891427,HOLY TRINITY CATHOLIC PRIMARY SCHOOL ELTHAM NORTH,Australia,50+
970cd9e80d3dc65a4908ee918222daf0,"HOLY TRINITY EPISCOPAL CHURCH OF MELBOURNE, FLORIDA, INC.",USA,Parent,,HH2026139675912,139675912,"HOLY TRINITY EPISCOPAL CHURCH OF MELBOURNE, FLORIDA, INC.",USA,2000+
b1ef5d6c7bb5ce7af92c04e7738d9df5,HOLY TRINITY PRIMARY SCHOOL WANTIRNA SOUTH,Australia,Independent,,HH2026743892941,743892941,HOLY TRINITY PRIMARY SCHOOL WANTIRNA SOUTH,Australia,50+
f1ca6e6063fc43bd492ae2c2c0ec8907,HONEYWELL TEKNOLOJI ANONIM SIRKETI,Turkey,Subsidiary,,HH2026139691877,552778672,HONEYWELL TEKNOLOJI ANONIM SIRKETI,Turkey,20+
a3eba3078656fa92a982a67cc74384be,HOSPITAL ALEMAO OSWALDO CRUZ,Brazil,Parent,,HH2026898410709,898410709,HOSPITAL ALEMAO OSWALDO CRUZ,Brazil,200+
849de5d8cac32737fc45069e24d744c3,HOSPITAL ANA NERY SANTA CRUZ DO SUL,Brazil,Parent,,HH2026914500272,914500272,HOSPITAL ANA NERY SANTA CRUZ DO SUL,Brazil,200+
469e2555151ea69ddc66ae935b59c3bf,HOSPITAL DAS CLINICAS DA FACULDADE DE MEDICINA DE BOTUCATU,Brazil,Subsidiary,,HH2026900617697,914709795,HOSPITAL DAS CLINICAS DA FACULDADE DE MEDICINA DE BOTUCATU,Brazil,100+
0902eefaff1dba8581f2695890351fd6,HOSPITAL DE CLINICAS RIO MAR BARRA LTDA,Brazil,Subsidiary,,HH2026914649181,899850846,HOSPITAL DE CLINICAS RIO MAR BARRA LTDA,Brazil,200+
76e58e451ed7f268c47fac779298a2a2,HOSPITAL E MATERNIDADE GECY R GOMES SA,Brazil,Independent,,HH2026910708825,910708825,HOSPITAL E MATERNIDADE GECY R GOMES SA,Brazil,200+
739dfdcbda3680aa3b4c9edab544ebce,HOSPITAL E MATERNIDADE SANTANA LTDA,Brazil,Independent,,HH2026899172956,899172956,HOSPITAL E MATERNIDADE SANTANA LTDA,Brazil,200+
8b171ad7a72ec974eff37fb37443f6ce,HOSPITAL NACIONAL PROFESOR ALEJANDRO POSADAS,Argentina,Subsidiary,,HH2026971332251,971520861,"Hospital Nacional ""Prof. Alejandro A. Posadas""",Argentina,100+
2ea39b57650e1239c55027e27253abf9,HOSPITAL NOssA SENHORA DA CONCEICAO,Brazil,Independent,,HH2026946305855,946305855,HOSPITAL NOSSA SENHORA DA CONCEICAO,Brazil,100+
edf285486f7481e66a59236cd8fced6,HOTEL PLAZA CALDAS DA IMPERATRIZ SA,Brazil,,,HH2026898057542,897783601,HOTEL PLAZA CALDAS DA IMPERATRIZ SA,Brazil,200+
984506af6f5ec82108ebe32cbf0d7362,HOWARD HANNA,USA,Independent,,HH2026006288404,6288404,HOWARD HANNA,USA,100+
adf6fac09b5dc47e7287af9ef91a9dc1,HOWARD ROAD ACADEMY,USA,Independent,,HH2026003077494,3077494,HOWARD ROAD ACADEMY,USA,100+
d69571ed53efeb12c8cd770927e53430,"HR Ottawa, L.P.",Canada,Independent,,HH2026203934401,203934401,"HR Ottawa, L.P.",Canada,50+
a2a12d74f07a7695f5d56641b8933a38,HV TALENT S.R.L.,Argentina,Independent,,HH2026979866311,979866311,HV TALENT S.R.L.,Argentina,2000+
63b083237145678c9f6bff1c07dd025b,"Haier US Appliance Solutions, Inc.",USA,Subsidiary,,HH2026653969790,78424131,"Haier US Appliance Solutions, Inc.",Peru,100+
ff8d2231e33aa2f80e1901fb078a7690,Hancock Place School District,USA,Parent,,HH2026084389345,84389345,Hancock Place School District,USA,100+
6f995c355512034b2b52a37dcaf41fb5,Harris County Department of Education Public Facility Corporation,USA,Parent,,HH2026188326151,188326151,Harris County Department of Education Public Facility Corporation,USA,200+
b8bffb26193a8e3dc8d8e7bce3aff5dc,Hawaii Academy Of Arts & Science Public Charter School,USA,Independent,,HH2026189289593,189289593,Hawaii Academy Of Arts & Science Public Charter School,USA,2000+
8214cbbd5e88a158aeca5f472988c255,Hazel Crest School District 152 1/2,USA,Parent,,HH2026094751310,94751310,Hazel Crest School District 152 1/2,USA,15+
0848b600d481509f303e7eff82e3251,Hillenbrand Germany Holding GmbH,Germany,,,HH2026832265602,342643121,Hillenbrand Germany Holding GmbH,Germany,50+
c5e65bed1d8158d33b96bc29914c3382,"Hitachi Global Air Power US, LLC",USA,Subsidiary,,HH2026690541503,5545835,"Hitachi Global Air Power US, LLC",USA,2000+
6aa313a0f2826d6ac813aa8aa11de2ef,Hitachi Rail Austria GmbH,Austria,Subsidiary,,HH2026690541503,301568676,Hitachi Rail Austria GmbH,Austria,300+
584df275b487362cf75645977c015c4d,Holy Angels Canossian School,Hong Kong,Independent,,HH2026662771740,662771740,Holy Angels Canossian School,Hong Kong,50+
4706c310fcdd766ea1f954a652101c5,Holy Eucharist and St Mary's Malvern East,Australia,,,HH2026744289671,744289671,Holy Eucharist and St Mary's Malvern East,Australia,50+
4b5743e3715cc27bef1a3a565a86f71,"Holy Innocents' Episcopal School, Inc.",USA,,,HH2026151023439,151023439,"Holy Innocents' Episcopal School, Inc.",USA,50+
7011d57e2a11ba5d6617b2a56a3d8543,Holy Redeemer Church,USA,Independent,,HH2026169397965,169397965,Holy Redeemer Church,USA,50+
b63429d194c70133ad2c85e57fedec7c,Holy Rosary Church,USA,Parent,,HH2026171178536,171178536,Holy Rosary Church,USA,50+
9b231122added4fd5c99b873f562975b,Holy Trinity School (Co-Educational) Richmond Hill,Canada,Independent,,HH2026251290755,251290755,Holy Trinity School (Co-Educational) Richmond Hill,Canada,50+
09ff65965cd005c3b9610dbfc26b06c3,Hospice of Charleston,USA,Parent,,HH2026154828888,154828888,Hospice of Charleston,USA,2000+
efafaa2576b38006dbfc109aeb391a51,Hospital Central Services Inc.,USA,Subsidiary,,HH2026064030216,68569953,Hospital Central Services Inc.,USA,200+
9bba4faecf5b5c2720c24339ffa4051f,Hospital Comunitario Buen Samaritano Inc,USA,Independent,,HH2026113104017,113104017,Hospital Comunitario Buen Samaritano Inc,USA,200+
e2f8e9ec49dafcd7076c7702bacf1c13,Howard Hughes Medical Institute,USA,Parent,,HH2026073862773,73862773,Howard Hughes Medical Institute,USA,100+
7bc4a3f34ed63bfffd6099b5ce8e6380,Howard Ternes Packaging Company,USA,Parent,,HH2026009807652,9807652,Howard Ternes Packaging Company,USA,100+
48e3b1c00bc216edefe7a1278705bc86,Howard University Hospital,USA,Independent,,HH2026794107099,794107099,Howard University Hospital,USA,100+
4bbb0b960a45495450e6f7225157069c,"Howard Young Health Care, Inc",USA,Parent,,HH2026151861184,151861184,"Howard Young Health Care, Inc",USA,100+
ab3e383e57ff64678529390f4ea88bb8,Huron Town Of,USA,Parent,,HH2026143157407,143157407,Huron Town Of,USA,200+
5ec30aa1c2cd5dad3723744b05f7a83b,"Huron Valley Ambulance, Inc.",USA,Subsidiary,,HH2026018772667,11121514,"Huron Valley Ambulance, Inc.",USA,200+
252f4c1fb8c65cc1c34eceb1891e04ec,Huron-Perth Children's Aid Society,Canada,Independent,,HH2026200477565,200477565,Huron-Perth Children's Aid Society,Canada,200+
69dc97f8277302f297816eb335af54fd,Huron-Superior Catholic District School Board,Canada,Parent,,HH2026244199865,244199865,Huron-Superior Catholic District School Board,Canada,200+
795a6fb23af20d9ac9b11d457243f32a,"Husqvarna Forestry Products N.A., Inc.",USA,Subsidiary,,HH2026353938095,19855901,"Husqvarna Forestry Products N.A., Inc.",USA,100+
875e78461f0e7c4501eae904016d4097,ICON CLINICAL (UK) LIMITED,United Kingdom,Subsidiary,,HH2026228444732,525616215,ICON CLINICAL (UK) LIMITED,United Kingdom,500+
7fdd9480953f0b4124341f0dcd28a7dd,ICON CLINICAL RESEARCH (U.K.) LIMITED,United Kingdom,Subsidiary,,HH2026228444732,762658995,ICON CLINICAL RESEARCH (U.K.) LIMITED,United Kingdom,500+
8b9efb3ba8074e841d9fea18c973f40,ICON CLINICAL RESEARCH S.A.,Argentina,,,HH2026974751257,974751257,ICON CLINICAL RESEARCH S.A.,Argentina,500+
44c0f95e1ff74b114d1c7f9132d212f5,ICON MAQUINAS E EQUIPAMENTOS LTDA,Brazil,Parent,,HH2026897500641,897500641,ICON MAQUINAS E EQUIPAMENTOS LTDA,Brazil,500+
fc27e038501728114da2e35bec987a4a,ICON PROPERTIES LTDA.,Brazil,Parent,,HH2026897453734,897453734,ICON PROPERTIES LTDA.,Brazil,500+
057cf7c41bb92e337ca44c76dedbd802,"IDAHO FALLS PEDIATRICS, L.L.C.",USA,Parent,,HH2026808012087,808012087,"IDAHO FALLS PEDIATRICS, L.L.C.",USA,1000+
d92db4dcaa15c0694edd6c8173fb682e,"IDAHO VIRTUAL ACADEMY, INCORPORATED",USA,Independent,,HH2026793722781,793722781,"IDAHO VIRTUAL ACADEMY, INCORPORATED",USA,1000+
efcdde6954a6b89e487b694b5e4a0b2,IDP EDUCATION NEPAL,Nepal,,,HH2026756888788,756888788,IDP EDUCATION NEPAL,Nepal,10
824f4669dbe7f88314ffc625c45a3dc9,IFS SOLUTIONS MALAYSIA SDN. BHD.,Malaysia,Independent,,HH2026660712992,660712992,IFS SOLUTIONS MALAYSIA SDN. BHD.,Malaysia,200+
b0f60919f3f385d076000045e80ba959,"IKE Gaming, Inc.",USA,Parent,,HH2026049338858,49338858,"IKE Gaming, Inc.",USA,100+
07a7508a0fdd1244aeee85c0821a1b90,IKEA DIS TICARET LIMITED SIRKETI,Turkey,Subsidiary,,HH2026448448253,365909121,IKEA DIS TICARET LIMITED SIRKETI,Turkey,100+
82b44b2d76e497fcd61588a4fac5d17e,IKEA Distribution Services CA Inc,Canada,Subsidiary,,HH2026418122222,202770343,IKEA Distribution Services CA Inc,Canada,100+
0eff7d55595425bcb43e1b1aa40ff6b0,IKEA ELLAS LTD,Greece,Subsidiary,,HH2026418122222,728574927,IKEA ELLAS LTD,Greece,100+
ecdd73798690cc20d13790e5a2682daf,"IKEA INDUSTRY PORTUGAL, S.A.",Portugal,Subsidiary,,HH2026448448253,585520695,"IKEA INDUSTRY PORTUGAL, S.A.",Portugal,100+
4c7c4207bbfa6e736838391b9dcd165e,IKEA S A S,Colombia,Independent,,HH2026883020769,883020769,IKEA S A S,Colombia,100+
b6196b0775dfd53cead1a5c5d2aca59e,IKEA Supply AG Corporation A/K/A IKEA Supply AG,USA,Subsidiary,,HH2026448448253,13170046,IKEA Supply AG Corporation A/K/A IKEA Supply AG,USA,100+
c9275a8bbc64d54eaae230c22f34fc8f,ILLUMINA GESTAO DE NEGOCIOS E CONSULTORIA DE INVESTIMENTOS SA,Brazil,Independent,,HH2026895853097,895853097,ILLUMINA GESTAO DE NEGOCIOS E CONSULTORIA DE INVESTIMENTOS SA,Brazil,100+
a48de06284ce6c13da1e52403fed3d9,IMPACT BIG DATA ANALYSIS PRIVATE LIMITED,India,,,HH2026083080112,876745395,IMPACT BIG DATA ANALYSIS PRIVATE LIMITED,India,50+
835f2b57197a3ef5b20295b32b88e7a5,IMPACT BRASIL COMERCIO E SERVICOS DE PRODUTOS DE INFORMATICA LTDA,Brazil,Independent,,HH2026900865131,900865131,IMPACT BRASIL COMERCIO E SERVICOS DE PRODUTOS DE INFORMATICA LTDA,Brazil,50+
5b7617d34916229e5251851322802055,IMPACT COMPUTER TECHNOLOGY SOLUTIONS CC,Namibia,Independent,,HH2026933566634,933566634,IMPACT COMPUTER TECHNOLOGY SOLUTIONS CC,Namibia,50+
5b33c771e92cfb17118892622be9c541,IMPACT DATA SOLUTIONS ehf.,Iceland,Independent,,HH2026815077387,815077387,IMPACT DATA SOLUTIONS ehf.,Iceland,50+
23abfb6245217f942feb602945245bd3,IMPACT HUB SL.,Spain,Subsidiary,,HH2026468733232,460937072,IMPACT HUB SL.,Spain,50+
ef89978204af07735f4d21b98359b7aa,IMPACT MAQUINAS E EQUIPAMENTOS AGRICOLAS LTDA,Brazil,Parent,,HH2026925924203,925924203,IMPACT MAQUINAS E EQUIPAMENTOS AGRICOLAS LTDA,Brazil,50+
48852e93d049a0f050a2ea40951908e5,IMPALA TERMINALS INFRASTRUCTURE UK LTD.,United Kingdom,Subsidiary,,HH2026401065312,220286809,IMPALA TERMINALS INFRASTRUCTURE UK LTD.,United Kingdom,35+
a3d4028442f8a165318fc4fca35a2279,IMS HEALTH INFORMATION SOLUTIONS INDIA PRIVATE LIMITED,India,Parent,,HH2026676190664,676190664,IMS HEALTH INFORMATION SOLUTIONS INDIA PRIVATE LIMITED,India,1000+
7784277cba5b582ba68b895695c1c31f,IMS Health Lanka (Private) Limited,Sri Lanka,Subsidiary,,HH2026832831783,659397249,IMS Health Lanka (Private) Limited,Sri Lanka,1000+
35cd29cdc62b61e35511accfe68e091,IND E COM DE MAQ E EQUIPAMENTOS PEDRO II LTDA,Brazil,,,HH2026908845472,908845472,IND E COM DE MAQ E EQUIPAMENTOS PEDRO II LTDA,Brazil,50+
71c39f0f7ea18f17b515b6ea2a43f7c2,IND E COM DE PROD ALIM CEPERA LTDA,Brazil,Parent,,HH2026899311732,899311732,IND E COM DE PROD ALIM CEPERA LTDA,Brazil,45+
4915e318ecd0f7ed6c06de33debcc3c0,IND MONTAGEM E INSTALACOES GIMI LTDA,Brazil,Parent,,HH2026898572326,898572326,IND MONTAGEM E INSTALACOES GIMI LTDA,Brazil,50+
2d85ff57ef7f476a81fd6d0c51346615,IND-BARATH COMMODITIES PRIVATE LIMITED,India,Parent,,HH2026872094838,872094838,IND-BARATH COMMODITIES PRIVATE LIMITED,India,45+
0fa0cbf793a108d4e8b5291eb3d28d47,INFINX HEALTHCARE,India,Independent,,HH2026860258147,860258147,INFINX HEALTHCARE,India,20+
75e6f7c53c0f4f38458f71fcbf2b3288,INOVA INDUSTRIA E COMERCIO DE EMBALAGENS LTDA,Brazil,Independent,,HH2026898267803,898267803,INOVA INDUSTRIA E COMERCIO DE EMBALAGENS LTDA,Brazil,100+
9f6305f1fc999bfdd4c780e8392a593d,INOVA MEDIC SERVICOS ESPECIALIZADOS EM SAUDE LTDA.,Brazil,Independent,,HH2026899746782,899746782,INOVA MEDIC SERVICOS ESPECIALIZADOS EM SAUDE LTDA.,Brazil,100+
2d261b9acfda50a24124a5886ba30b2f,INQABA IT SOLUTIONS (PTY) LTD,South Africa,Independent,,HH2026596901767,596901767,INQABA IT SOLUTIONS (PTY) LTD,South Africa,50+
d8bbd524ccc8f868acb364cca8220be6,INSTITUTO ABRADECONT,Brazil,Independent,,HH2026678629648,678629648,INSTITUTO ABRADECONT,Brazil,10+
aff0b528ae47747d2ec38c3ff6229f3e,INSTITUTO ADVENTISTA DE ENSINO,Brazil,Parent,,HH2026898410717,898410717,INSTITUTO ADVENTISTA DE ENSINO,Brazil,15+
63100ee7ac3cd133524532e6c2d29070,INSTITUTO ALCIDES D' ANDRADE LIMA,Brazil,Parent,,HH2026898832634,898832634,INSTITUTO ALCIDES D' ANDRADE LIMA,Brazil,15+
b9b5dfca19c761c14c151cd74d5a86b9,INSTITUTO AMPARA ANIMAL,Brazil,Parent,,HH2026941052257,941052257,INSTITUTO AMPARA ANIMAL,Brazil,10+
221b192962c37250a886d10dd57c5095,INSTITUTO ANIMA,Brazil,Parent,,HH2026903750043,903750043,INSTITUTO ANIMA,Brazil,10+
75b58b7236da3edef5e7681e1c4760ae,INSTITUTO AssISTENCIAL ESPIRITA ANDRE LUIZ,Brazil,Parent,,HH2026904713349,904713349,INSTITUTO ASSISTENCIAL ESPIRITA ANDRE LUIZ,Brazil,15+
d134440df67adc593265eab4fd5dd721,INSTITUTO BRASILEIRO DE APRENDIZAGEM PROFIssIONAL,Brazil,Parent,,HH2026937169620,937169620,INSTITUTO BRASILEIRO DE APRENDIZAGEM PROFISSIONAL,Brazil,10+
f82a27ff29407c8e72395dd43e85807,"INSTITUTO BRASILEIRO DE ENSINO, DESENVOLVIMENTO E PESQUISA IDP - LTDA",Brazil,,,HH2026678207857,678207857,"INSTITUTO BRASILEIRO DE ENSINO, DESENVOLVIMENTO E PESQUISA IDP - LTDA",Brazil,10+
044c5e71d9a378fe3e84c89857e91ff3,INSTITUTO BRASILEIRO DE GOVERNANCA CORPORATIVA,Brazil,Independent,,HH2026910411354,910411354,INSTITUTO BRASILEIRO DE GOVERNANCA CORPORATIVA,Brazil,10+
335824689e89652b1c63ec464d8c8e0b,INSTITUTO BRASILEIRO DE MEDICINA DE REABILITACAO LTDA,Brazil,Subsidiary,,HH2026899272054,902287267,INSTITUTO BRASILEIRO DE MEDICINA DE REABILITACAO LTDA,Brazil,15+
67b6a3b45d2b7f9b4401749eb0ecb120,INSTITUTO CARLOS AMERICO DE IMAGEM LTDA,Brazil,Independent,,HH2026899334338,899334338,INSTITUTO CARLOS AMERICO DE IMAGEM LTDA,Brazil,15+
6767751439b22036e0ca4b633e11dbf4,INSTITUTO CULTURAL HISPANOAMERICANO LTDA,Brazil,Independent,,HH2026910443266,910443266,INSTITUTO CULTURAL HISPANOAMERICANO LTDA,Brazil,10+
0e7389edf3098804efb46c1f350e6746,INSTITUTO CULTURAL SAO FRANCISCO DE AssIS,Brazil,Parent,,HH2026914570374,914570374,INSTITUTO CULTURAL SAO FRANCISCO DE ASSIS,Brazil,10+
ce1eaf50463d6249c0b3c056eeb7a00f,INSTITUTO DA OPORTUNIDADE SOCIAL,Brazil,Parent,,HH2026912276490,912276490,INSTITUTO DA OPORTUNIDADE SOCIAL,Brazil,10+
ddf14b06b54fb578af73adbb4bcaa155,INSTITUTO DA PRIMEIRA INFANCIA,Brazil,Parent,,HH2026910660997,910660997,INSTITUTO DA PRIMEIRA INFANCIA,Brazil,10+
e958b0df65719bdc46b6cf64068aa3f1,INSTITUTO DAS APOSTOLAS DO SAGRADO CORACAO DE JESUS,Brazil,Parent,,HH2026901308106,901308106,INSTITUTO DAS APOSTOLAS DO SAGRADO CORACAO DE JESUS,Brazil,10+
73d32335950240457b2d2bc9f397733,INSTITUTO DE CIENCIA E EDUCACAO DE SAO PAULO,Brazil,,,HH2026910833987,910833987,INSTITUTO DE CIENCIA E EDUCACAO DE SAO PAULO,Brazil,15+
0c0a8a871f4b2d347d6218157725f3ae,"INSTITUTO DE DESENVOLVIMENTO REGIONAL, IP-RAM",Portugal,Independent,,HH2026449139271,449139271,"INSTITUTO DE DESENVOLVIMENTO REGIONAL, IP-RAM",Portugal,10+
290b9d9ae49340e61d24f08fecf8e588,INSTITUTO DE DESENVOLVIMENTO SUSTENTAVEL MAMIRAUA,Brazil,Parent,,HH2026920575651,920575651,INSTITUTO DE DESENVOLVIMENTO SUSTENTAVEL MAMIRAUA,Brazil,15+
8f0687c4bdefc0c23eafcc031a7a75e9,INSTITUTO DE DESENVOLVIMENTO TECNOLOGICO E EDUCACIONAL DE PIRACICABA LTDA,Brazil,Independent,,HH2026898079593,898079593,INSTITUTO DE DESENVOLVIMENTO TECNOLOGICO E EDUCACIONAL DE PIRACICABA LTDA,Brazil,10+
c577078d68ba5fae6ed7ef2da8346c26,INSTITUTO DE DESENVOLVIMENTO TECNOLOGICO E HUMANO,Brazil,Parent,,HH2026914719591,914719591,INSTITUTO DE DESENVOLVIMENTO TECNOLOGICO E HUMANO,Brazil,10+
89970fe033bfa64bd661eb0da010f2c5,INSTITUTO DE DIAGNOSTICO MEDICO S A,Colombia,Parent,,HH2026880241075,880241075,INSTITUTO DE DIAGNOSTICO MEDICO S A,Colombia,15+
77c53fd6c2241e34aa7ea690e510c7e8,INSTITUTO DE ENSINO CAMPO LIMPO PAULISTA LTDA,Brazil,Parent,,HH2026678253915,678253915,INSTITUTO DE ENSINO CAMPO LIMPO PAULISTA LTDA,Brazil,15+
c51a6564a79f3c0db2823a260c2176b0,INSTITUTO DE ESTUDOS E PESQUISAS HUMANIZA,Brazil,Parent,,HH2026921331030,921331030,INSTITUTO DE ESTUDOS E PESQUISAS HUMANIZA,Brazil,15+
bfdbafa81b49470d8e05a4241208bacf,INSTITUTO DE ESTUDOS EM CIENCIAS SOCIAIS SA,Brazil,Independent,,HH2026824240764,824240764,INSTITUTO DE ESTUDOS EM CIENCIAS SOCIAIS SA,Brazil,10+
311c26762bd52ff695e65fae6ba4dd1,INSTITUTO DE METROLOGIA E QUALIDADE DO ESTADO DE MINAS GERAIS,Brazil,,,HH2026900882390,899127661,INSTITUTO DE METROLOGIA E QUALIDADE DO ESTADO DE MINAS GERAIS,Brazil,15+
3ed6ca89339bc59ee437fff567f48c80,INSTITUTO DE PESOS E MEDIDAS DO ESTADO DE SAO PAULO,Brazil,Subsidiary,,HH2026900617697,901271247,INSTITUTO DE PESOS E MEDIDAS DO ESTADO DE SAO PAULO,Brazil,15+
b0b09f091cce6673bad1d103bdb80a67,INSTITUTO DE PESQUISA E ESTRATEGIA ECONOMICA DO CEARA,Brazil,Subsidiary,,HH2026914717124,902014473,INSTITUTO DE PESQUISA E ESTRATEGIA ECONOMICA DO CEARA,Brazil,10+
cf608a4e4e9b3b1603b6c2793077993d,INSTITUTO DE PESQUISA ECONOMICA APLICADA,Brazil,Subsidiary,,HH2026901279328,901284708,INSTITUTO DE PESQUISA ECONOMICA APLICADA,Brazil,10+
4a31f15367ec6144cc363159e61775f9,INSTITUTO DE PESQUISAS ELDORADO,Brazil,Parent,,HH2026904567351,904567351,INSTITUTO DE PESQUISAS ELDORADO,Brazil,10+
0b661dc4d04e55eeeadd548096d8e37c,INSTITUTO DE PLANEJAMENTO E GESTAO DE SERVICOS ESPECIALIZADOS - IPGSE,Brazil,Parent,,HH2026903912588,903912588,INSTITUTO DE PLANEJAMENTO E GESTAO DE SERVICOS ESPECIALIZADOS - IPGSE,Brazil,10+
6c8179c957bff1f282317b95ef5d3ced,INSTITUTO DE PREVIDENCIA DOS SERVIDORES DO MUNICIPIO DE TERESINA - IPMT,Brazil,Independent,,HH2026679430251,679430251,INSTITUTO DE PREVIDENCIA DOS SERVIDORES DO MUNICIPIO DE TERESINA - IPMT,Brazil,10+
a4030a50b87f4d8923045c9afcd2ac6f,INSTITUTO DE PREVIDENCIA SOCIAL DOS SERVIDORES PUBLICOS MUNICIPAIS DE GUAJARA-MIRIM,Brazil,Independent,,HH2026902019580,902019580,INSTITUTO DE PREVIDENCIA SOCIAL DOS SERVIDORES PUBLICOS MUNICIPAIS DE GUAJARA-MIRIM,Brazil,10+
3226c0a3606c465582eff6656038e81a,INSTITUTO DE TECNOLOGIA E DESENVOLVIMENTO DE MINAS GERAIS LTDA,Brazil,Parent,,HH2026910909696,910909696,INSTITUTO DE TECNOLOGIA E DESENVOLVIMENTO DE MINAS GERAIS LTDA,Brazil,15+
0bb9411c60b9be1842f64ecf08a40cd0,INSTITUTO DE TECNOLOGIA EDUCACIONAL LTDA,Brazil,Independent,,HH2026900616963,900616963,INSTITUTO DE TECNOLOGIA EDUCACIONAL LTDA,Brazil,10+
23101d18a8a0fbcd589531cb9b139c7e,INSTITUTO DE TERRAS DO PIAUI INTERPI,Brazil,Subsidiary,,HH2026914717124,910627918,INSTITUTO DE TERRAS DO PIAUI INTERPI,Brazil,15+
ac18d434df5127b75e461d80b7493a5,INSTITUTO DESENVOLVIMENTO ESTRATEGIA E CONHECIMENTO - IDESCO,Brazil,,,HH2026914739487,914739487,INSTITUTO DESENVOLVIMENTO ESTRATEGIA E CONHECIMENTO - IDESCO,Brazil,10+
e759cebeadebf92af8cd5babb1191beb,INSTITUTO EDUCACIONAL ASSISTENCIAL COROADINHO,Brazil,Independent,,HH2026902486209,902486209,INSTITUTO EDUCACIONAL ASSISTENCIAL COROADINHO,Brazil,10+
9a40666a27ceb5b2fd747d0788eba126,INSTITUTO EDUCACIONAL E COMERCIAL PANNOZZO LTDA,Brazil,Independent,,HH2026902326441,902326441,INSTITUTO EDUCACIONAL E COMERCIAL PANNOZZO LTDA,Brazil,10+
f24e32a775308c2c6bca31c7bf8f9299,INSTITUTO EMPREENDER ENDEAVOR - BRASIL,Brazil,Parent,,HH2026907148639,907148639,INSTITUTO EMPREENDER ENDEAVOR - BRASIL,Brazil,15+
90ea432e087549b7d62aba50bf05a79f,INSTITUTO ENTER JOVEM,Brazil,Independent,,HH2026919552129,919552129,INSTITUTO ENTER JOVEM,Brazil,15+
c508c1a11289675d218d7e47b84e5f8f,INSTITUTO FALCAO BAUER DA QUALIDADE,Brazil,Independent,,HH2026904205528,904205528,INSTITUTO FALCAO BAUER DA QUALIDADE,Brazil,10+
09ea08251e05eb8fc0a0086c2089299a,INSTITUTO FEDERAL DE EDUCACAO CIENCIA E TECNOLOGIA DO MARANHAO,Brazil,,,HH2026914674044,903693882,INSTITUTO FEDERAL DE EDUCACAO CIENCIA E TECNOLOGIA DO MARANHAO,Brazil,10+
8483b9c54d7b833d46b3383261ab229c,INSTITUTO FEDERAL DO AMAZONAS,Brazil,,,HH2026906717637,903802638,INSTITUTO FEDERAL DO AMAZONAS,Brazil,10+
a1b24166f54b6bf7e4ef62c2f14ca504,INSTITUTO IMAGINACAO,Brazil,Independent,,HH2026946929931,946929931,INSTITUTO IMAGINACAO,Brazil,10+
237f3373df62e116c887c1ba6f4557a6,INSTITUTO KWARAY,Brazil,Parent,,HH2026936023232,936023232,INSTITUTO KWARAY,Brazil,15+
6da48702d5dda46ae3975b51edba534d,INSTITUTO LATINO - AMERICANO DE EMPREENDEDORISMO INOVACAO E DESENVOLVIMENTO SUSTENTAVEL - INSTITUTO EXITO,Brazil,Independent,,HH2026894366487,894366487,INSTITUTO LATINO - AMERICANO DE EMPREENDEDORISMO INOVACAO E DESENVOLVIMENTO SUSTENTAVEL - INSTITUTO EXITO,Brazil,10+
b856c32b9a98e5e0aa0bac8a7225a6fe,INSTITUTO MARIA AUXILIADORA,Brazil,Independent,,HH2026913287988,913287988,INSTITUTO MARIA AUXILIADORA,Brazil,10+
439d22c74dcaefc6ac738afd4246bac2,INSTITUTO MARINGA DE IMAGEM LTDA,Brazil,Parent,,HH2026910958388,910958388,INSTITUTO MARINGA DE IMAGEM LTDA,Brazil,15+
ea528ccf54400bb6a86b058c2b05d9cf,INSTITUTO METODISTA IZABELA HENDRIX - IMIH - EM RECUPERACAO JUDICIAL,Brazil,Parent,,HH2026910699370,910699370,INSTITUTO METODISTA IZABELA HENDRIX - IMIH - EM RECUPERACAO JUDICIAL,Brazil,15+
b8adf5d55fe4dcbf6cf9acebf26eca5,INSTITUTO NACIONAL CENTRAL UNICO COORDINADOR DE ABLACION E IMPLANTE,Argentina,,,HH2026971332251,971330824,INSTITUTO NACIONAL CENTRAL UNICO COORDINADOR DE ABLACION E IMPLANTE,Argentina,15+
dfdac5411ef372f6455b635aed39ed3e,INSTITUTO NACIONAL DE CULTURA E EDUCACAO CIDA POPPI,Brazil,Parent,,HH2026902518031,902518031,INSTITUTO NACIONAL DE CULTURA E EDUCACAO CIDA POPPI,Brazil,10+
873501a4ba203b44359c9c75cf0cce3c,INSTITUTO NACIONAL DE LA YERBA MATE,Argentina,Subsidiary,,HH2026971332251,978050227,INSTITUTO NACIONAL DE LA YERBA MATE,Argentina,15+
3aff992112b3d7dcd594bf10420d951d,INSTITUTO NACIONAL DE TECNOLOGIA INDUSTRIAL CENTROS DE INVESTIGACION,Argentina,Subsidiary,,HH2026971332251,975348822,INSTITUTO NACIONAL DE TECNOLOGIA INDUSTRIAL CENTROS DE INVESTIGACION,Argentina,10+
ebef780b5ddeb06aca33572d15de1f6d,INSTITUTO NACIONAL PENITENCIARIO Y CARCELARIO INPEC,Colombia,Independent,,HH2026880422761,880422761,INSTITUTO NACIONAL PENITENCIARIO Y CARCELARIO INPEC,Colombia,10+
8df01f1943a629ad78ef3c285195731,INSTITUTO OEP DE EDUCACAO,Brazil,,,HH2026920903771,920903771,INSTITUTO OEP DE EDUCACAO,Brazil,15+
4b8cf6cc0d8ae6b108f317cce1474033,INSTITUTO PARA LA DIVERSIFICACION Y AHORRO DE LA ENERGIA,Spain,Parent,,HH2026466374147,466374147,INSTITUTO PARA LA DIVERSIFICACION Y AHORRO DE LA ENERGIA,Spain,15+
a3d6b94414a7be05d16b9f512f02686a,INSTITUTO PARANaeNSE DE HEMOTERAPIA E HEMATOLOGIA - HEMOBANCO LTDA.,Brazil,Parent,,HH2026913667031,913667031,INSTITUTO PARANAENSE DE HEMOTERAPIA E HEMATOLOGIA - HEMOBANCO LTDA.,Brazil,15+
6862adc61f4b2a888c350b595d7c0f09,INSTITUTO PILAR,Brazil,Independent,,HH2026914909569,914909569,INSTITUTO PILAR,Brazil,10+
6af929ede054039bd75608d34863b2b7,INSTITUTO PROCARDIACO LTDA,Brazil,Independent,,HH2026678320263,678320263,INSTITUTO PROCARDIACO LTDA,Brazil,10+
b673571918a12eca4352acc9f6f003dc,INSTITUTO RELIGIOSO DAS FRANCISCANAS DE DILLINGEN DO RIO DE JANEIRO,Brazil,Independent,,HH2026900437717,900437717,INSTITUTO RELIGIOSO DAS FRANCISCANAS DE DILLINGEN DO RIO DE JANEIRO,Brazil,10+
e1f96007783a2573ffb3b7986d21cebb,INSTITUTO SUPERIOR DE CIENCIAS SOCIALES Y ECONOMICO FAMILIARES ICSEF,Colombia,Independent,,HH2026884968440,884968440,INSTITUTO SUPERIOR DE CIENCIAS SOCIALES Y ECONOMICO FAMILIARES ICSEF,Colombia,10+
32a46accdc04afafcaa38748f5fe863c,INSTITUTO SUPERIOR DE EDUCACAO SANTA CECILIA,Brazil,Parent,,HH2026901326975,901326975,INSTITUTO SUPERIOR DE EDUCACAO SANTA CECILIA,Brazil,15+
275b87606ef7965e9125146f830e162b,INSTITUTO SUPERIOR DE ENGENHARIA DO PORTO,Portugal,Independent,,HH2026452455629,452455629,INSTITUTO SUPERIOR DE ENGENHARIA DO PORTO,Portugal,15+
fa91ce16e2fcfa1c44ebf701b68eb0f2,INSTITUTO TERCEIRA VISAO T & D LTDA,Brazil,Independent,,HH2026903128631,903128631,INSTITUTO TERCEIRA VISAO T & D LTDA,Brazil,15+
dc5817978c80732b8e93eba50279ff71,INSTITUTO UNCAO E ADORACAO EM CRISTO,Brazil,Parent,,HH2026903762739,903762739,INSTITUTO UNCAO E ADORACAO EM CRISTO,Brazil,10+
8565ab7b81cee1df159f76071aef2390,INSTITUTO VILA GALVAO DE IDIOMAS LTDA,Brazil,Independent,,HH2026897835537,897835537,INSTITUTO VILA GALVAO DE IDIOMAS LTDA,Brazil,15+
e8edeb5bfa993c34037988d8b725fe15,INSTITUTO WALFREDO GUEDES PEREIRA,Brazil,Independent,,HH2026910648559,910648559,INSTITUTO WALFREDO GUEDES PEREIRA,Brazil,10+
a0f228dc50b8a19c683248e9f3e2eb61,INTEL (PRIVATE) LIMITED,Sri Lanka,Independent,,HH2026559835585,559835585,INTEL (PRIVATE) LIMITED,Sri Lanka,500+
a100e7b77734c28e3e9cc57aa3b8656e,INTEL INTERNATIONAL FINANCE,Belgium,Subsidiary,,HH2026047897855,400030121,Intel International Finance,Belgium,500+
52c8c95dc4f78ddaf554f1c74bb3d582,INTEL MIDDLE EAST,United Arab Emirates,Subsidiary,,HH2026047897855,552647083,INTEL MIDDLE EAST,United Arab Emirates,500+
e77936705887026330fb6e3285b1627e,INTEL SOUTH AFRICA CORPORATION,South Africa,Independent,,HH2026637659541,637659541,INTEL SOUTH AFRICA CORPORATION,South Africa,600+
4fdc2b409fab3afc2d49e2b872d0eadd,INTELEGENCIA BPO LLC CORP.,Philippines,Subsidiary,,HH2026117882507,659607674,INTELEGENCIA BPO LLC CORP.,Philippines,24+
7dec000281b072f5b74ede5539942814,INTELLECT APX PRIVATE LIMITED,India,Subsidiary,,HH2026650785806,862206419,INTELLECT APX PRIVATE LIMITED,India,200+
87a69051ad0d9d31feb0f62b6d44e363,INTERMOUNTAIN CEDAR CITY CLINIC,USA,Independent,,HH2026069312423,69312423,INTERMOUNTAIN CEDAR CITY CLINIC,USA,1000+
3dbf60edbec00ca2feea4c55efa2640e,INTERPATH ADVISORY (SPAIN) SL.,Spain,Subsidiary,,HH2026229811453,472942640,INTERPATH ADVISORY (SPAIN) SL.,Spain,50+
3f20bce8a53d909dcbc6b6c541dc357b,INTESA SANPAOLO S P A S A ODDZIAL W POLSCE,Poland,Subsidiary,,HH2026432019594,426911610,INTESA SANPAOLO S P A S A ODDZIAŁ W POLSCE,Poland,50+
5105aff0c314cb6af746e8638136b25d,INTU GmbH,Austria,Subsidiary,,HH2026300243805,301946836,INTU GmbH,Austria,100+
66a48b0d0726773a8b79b7854a4c14d0,INTUIT CORPORATION,Philippines,Independent,,HH2026721642700,721642700,INTUIT CORPORATION,Philippines,100+
511653de2abf16139d682141a93eded3,IPLASA INDUSTRIA E COMERCIO DE PRODUTOS DOMIssANITARIOS LTDA,Brazil,Subsidiary,,HH2026898038054,899791115,IPLASA INDUSTRIA E COMERCIO DE PRODUTOS DOMISSANITARIOS LTDA,Brazil,1
d4355ec3a0dd4733bf0acd0144eed86e,IQVIA Health System Services GmbH,Germany,Subsidiary,,HH2026315848796,330390618,IQVIA Health System Services GmbH,Germany,1000+
4276f735de295c0f0e9e6cae3c2ef408,IQVIA RDS PHILIPPINES INC.,Philippines,Subsidiary,,HH2026832831783,718904345,IQVIA RDS PHILIPPINES INC.,Philippines,1000+
bd1e54e031bd826901203667bb2438bd,"IQVIA RDS Slovakia, s. r. o.",Slovakia,Subsidiary,,HH2026832831783,360557291,"IQVIA RDS Slovakia, s. r. o.",Slovakia,1000+
a2bf57d7ad94c05f267aa6c07c748058,"IQVIA, d.o.o.",Slovenia,Subsidiary,,HH2026832831783,499666139,"IQVIA, d.o.o.",Slovenia,1000+
ee25f91b1de8ad6c35913ec94f24a3d1,IRISH MANAGEMENT INSTITUTE INTERNATIONAL LIMITED,Ireland,Subsidiary,,HH2026229588660,989215025,IRISH MANAGEMENT INSTITUTE INTERNATIONAL LIMITED,Ireland,300+
fd0f14fcfdd2e51a0bb0be4a78d47991,IRMANDADE DA SANTA CASA DE MISERICORDIA DE ILHEUS,Brazil,Independent,,HH2026899801518,899801518,IRMANDADE DA SANTA CASA DE MISERICORDIA DE ILHEUS,Brazil,100+
071e3afd4dd8f841929c994a813ad989,IS Acquisition Corporation,USA,Parent,,HH2026119879729,119879729,IS Acquisition Corporation,USA,10
a3f553349e3b8364d3017cef5e26e982,ISNF INTERNATIONAL SCHOOL OF NICOSIA - FOUNDATION LTD,Cyprus,Independent,,HH2026536792751,536792751,ISNF INTERNATIONAL SCHOOL OF NICOSIA - FOUNDATION LTD,Cyprus,2000+
c5320915456486e18f72e36b6bf110f6,ITRON FRANCE,France,Subsidiary,,HH2026093649895,397507943,ITRON FRANCE,France,50+
838f59e835fa5d2893ad3ffb6d3c0db3,ITRON METERING SOLUTIONS UK LIMITED,United Kingdom,Subsidiary,,HH2026093649895,222564838,ITRON METERING SOLUTIONS UK LIMITED,United Kingdom,50+
bfcecaed2b1c193eb7853dec8af12a24,ITRS Netherlands Holdings B.V.,Netherlands,Subsidiary,,HH2026228247184,493580339,ITRS Netherlands Holdings B.V.,Netherlands,15+
5ed05fa12aeecccc750be760e324e36c,IU NORTHWEST,USA,Independent,,HH2026071862120,71862120,IU NORTHWEST,USA,100+
cd902cf0a17a390703e0b0b1d1c1aa99,IVY EDUCATION DEVELOPMENT LIMITED,Hong Kong,Independent,,HH2026667564280,667564280,IVY EDUCATION DEVELOPMENT LIMITED,Hong Kong,500+
c2203dabded6ad1ec4f571b255ddc29f,Idaho Beef Council,USA,Independent,,HH2026168218014,168218014,Idaho Beef Council,USA,1000+
bfb9d3f412a83d3a258498a7c203b92e,Idaho Central Credit Union,USA,Parent,,HH2026108135278,108135278,Idaho Central Credit Union,USA,1000+
36416abac21d2ab0cd62c90b7a1f3f87,Idaho Department of Juvenile Corrections,USA,Subsidiary,,HH2026073133787,26467840,Idaho Department of Juvenile Corrections,USA,1000+
706daf36247cb0beb57b78ef9ea0291,Idaho Department of Water Resources,USA,,,HH2026073133787,825017403,Idaho Department of Water Resources,USA,1000+
7ab9c63eaaec2c7a9115b4464c6b17a2,Idaho Office of Drug Policy,USA,Subsidiary,,HH2026073133787,78805196,Idaho Office of Drug Policy,USA,1000+
e09d5a17341902f338c551ed99769ad8,Idaho State Historical Society,USA,Independent,,HH2026015301484,15301484,Idaho State Historical Society,USA,1000+
590a582f19066468b25efe7a70e13489,"Idaho Water Technologies, Inc.",USA,Parent,,HH2026834466294,834466294,"Idaho Water Technologies, Inc.",USA,1000+
813e1ae9339b08bfffc8cf3312d97177,Ifs Global AB,Sweden,Subsidiary,,HH2026659764241,350031676,Ifs Global AB,Sweden,200+
fd862f1ea37a8d6256aee4c043574af2,Ilia Chavchavadze National Parliamentary Library of Georgia,Georgia,Independent,,HH2026506856679,506856679,Ilia Chavchavadze National Parliamentary Library of Georgia,Georgia,24+
c749ddb4a046a3b6c8e79aa3573759dd,Imelda,Belgium,Parent,,HH2026372732529,372732529,Imelda,Belgium,15+
d8e7ef3a5d1bf9fd26b7da8faf56926e,Impact Academy Of Arts And Technology,USA,Independent,,HH2026028049793,28049793,Impact Academy Of Arts And Technology,USA,50+
decdc9b463905ec57af21731e6eb41b8,Imperial County Office of Education Foundation,USA,Parent,,HH2026084980176,84980176,Imperial County Office of Education Foundation,USA,2000+
5ca901a35ceb3c09fa622727590aea1a,Induservices FR SA,Switzerland,Subsidiary,,HH2026400711990,480106295,Induservices FR SA,Switzerland,50+
62838ffda4dde91585feefbcf5ff95ac,Ineos E&P A/S,Denmark,Subsidiary,,HH2026222652615,305821381,Ineos E&P A/S,Denmark,100+
9974a9a9ab7a81d8b967512b65d2dafc,Ineos Energy Petroleum USA Inc.,USA,Independent,,HH2026064137938,64137938,Ineos Energy Petroleum USA Inc.,USA,100+
a66f1a58c5178a4d92abf85a2eeb6fda,Infinera Asia Limited,Hong Kong,Subsidiary,,HH2026368400438,680087954,Infinera Asia Limited,Mexico,50+
acaf6c667715ac4a382beb484c26dd80,"Ing Arrendadora, S.A. de C.V.",Mexico,Independent,,HH2026813705100,813705100,"Ing Arrendadora, S.A. de C.V.",Mexico,35+
ca9e210f0486efbe6abffcd3f85c615a,Insight Enterprises Hong Kong,Hong Kong,Subsidiary,,HH2026127637962,663908598,Insight Enterprises Hong Kong,Hong Kong,10+
e18f3afb4d4cdbe417efae2142e1e43f,Instituto Mexicano de La Propiedad Industrial,Mexico,Subsidiary,,HH2026811979236,588196902,Instituto Mexicano de la Propiedad Industrial,Mexico,15+
9dfd25492afcb067ebbb7e8e028a4893,Instituto Mexicano del Petroleo,Mexico,Subsidiary,,HH2026811979236,810861229,Instituto Mexicano del Petróleo,Mexico,15+
c79bf22b1df56e2ecc7be7417d40d505,Instituto Nacional de Bellas Artes y Literatura,Mexico,Subsidiary,,HH2026812913623,812255198,Instituto Nacional de Bellas Artes y Literatura,Mexico,10+
6f936ffa8523e25860e9f83b2052f8b5,Intel Net d.o.o.,Croatia,Independent,,HH2026595583359,595583359,Intel Net d.o.o.,Croatia,500+
bad89aecb690295b958b82e0d876f4bf,Intel Semiconductor AG,Switzerland,Subsidiary,,HH2026047897855,480781863,Intel Semiconductor AG,Switzerland,600+
662fec19a61c4a7b52f80272449c1433,Intrum Global Technologies SIA,Latvia,Subsidiary,,HH2026353497772,360461814,Intrum Global Technologies SIA,Latvia,50+
d2ae2c31821da19c34d4baf1ab0112ca,Irish Pharmacy Union,Ireland,Parent,,HH2026989047667,989047667,Irish Pharmacy Union,Ireland,300+
a831fee68806f5b944c5e5993b4d8c46,Isfjord Norway AS,Norway,Subsidiary,,HH2026671110165,515452527,Isfjord Norway AS,Norway,1000+
4987f7a2aa35593e057169350888f7f5,Islamic Center of Irving,USA,Independent,,HH2026118848931,118848931,Islamic Center of Irving,USA,2000+
4c14f48790234f28b9110fa1ead2b64f,Iss Facility Services Limited,Hong Kong,Subsidiary,,HH2026309400898,662412972,ISS Facility Services Limited,Hong Kong,50+
d28aec4ea2063b7213f197be83da3e92,Iss IRELAND HOLDING LIMITED,Ireland,Subsidiary,,HH2026309400898,988399317,ISS IRELAND HOLDING LIMITED,Ireland,50+
2db98537b457f3bd2ff8b67638e2064e,"J. F. Taylor, Inc.",USA,Parent,,HH2026114358625,114358625,"J. F. Taylor, Inc.",USA,100+
7cd072096ddc4a7c925c85e80022849b,J.J. Mcateer & Associates Incorporated,Canada,Subsidiary,,HH2026243513962,245240882,J.J. Mcateer & Associates Incorporated,Canada,50+
da6330deafbf4606db17ba1569c35621,JBT MAREL COLOMBIA S A S,Colombia,Independent,,HH2026881890967,881890967,JBT MAREL COLOMBIA S A S,Colombia,200+
c25da3966b61fb4b26ac65a71fb38fad,JBT Marel ehf.,Iceland,Parent,,HH2026360314496,360314496,JBT Marel ehf.,Iceland,200+
5612d8ab6187ca00272ad875403896c2,JFROG UK LIMITED,United Kingdom,Subsidiary,,HH2026532486706,227854816,JFROG UK LIMITED,United Kingdom,
6819ff42c49f4e7b34347bc92a924cfa,JLL SERVICOS DE MANUTENCAO PREDIAL LTDA,Brazil,Subsidiary,,HH2026028781060,914763540,JLL SERVICOS DE MANUTENCAO PREDIAL LTDA,Brazil,2000+
a15b0d370acca717ce39296c7bdeece5,JOHNSON MATTHEY POLAND SP Z O O,Poland,Subsidiary,,HH2026210160321,539216834,JOHNSON MATTHEY POLAND SP Z O O,Poland,2000+
4b244d1fce79ee3d3550090e03583e11,JOHNSON MATTHEY SERVICES SDN. BHD.,Malaysia,Subsidiary,,HH2026210160321,660447150,JOHNSON MATTHEY SERVICES SDN. BHD.,Malaysia,2000+
4ea0397f51a0cdf66311390a28efaeec,JONES LANG LASALLE LIMITED,New Zealand,Subsidiary,,HH2026028781060,590207445,JONES LANG LASALLE LIMITED,New Zealand,2000+
97bc229ad9ed0cb4e604a6629ee7247,JONES LANG LASALLE LTDA,Brazil,,,HH2026028781060,902045363,JONES LANG LASALLE LTDA,Brazil,2000+
0fa03569e6e1533c85063c7eba0d9c9f,JONES LANG LASALLE SP Z O O,Poland,Subsidiary,,HH2026028781060,422393681,JONES LANG LASALLE SP Z O O,Poland,2000+
c882514b4891dec518413b7296328e28,Jenbacher A/S,Denmark,Subsidiary,,HH2026316845951,305274581,Jenbacher A/S,Denmark,50+
e0ccf410d6f67c4f216fc2949bc27e57,"Jet Aviation Specialists, LLC",USA,Subsidiary,,HH2026119359772,627265200,"Jet Aviation Specialists, LLC",USA,100+
00d90ebf0d5832fb41616cc30682e773,Jill Acquisition LLC,USA,Subsidiary,,HH2026080547489,831219295,Jill Acquisition LLC,USA,30+
34bfbaac4e1fd7cae8f466c1c609140,Johnson Leiter & Belsky Pa,USA,,,HH2026066432860,66432860,Johnson Leiter & Belsky Pa,USA,2000+
e0cf4499a0dce5c1e2ab25ed137ab56a,Jones Lang LaSalle SE,Germany,Subsidiary,,HH2026314303079,316630888,Jones Lang LaSalle SE,Germany,2000+
02502e6cc27bc9bb2f561ae7386cb57f,Joseph-Bernhart-Fachakademie fr Sozialp„dagogik in Krumbach gemeinntzige Schultr„ger GmbH,Germany,Subsidiary,,HH2026315003573,314947224,Joseph-Bernhart-Fachakademie für Sozialpädagogik in Krumbach gemeinnützige Schulträger GmbH,Germany,50+
ef79b7fbbe8e62a70b992565945961f6,K.S. SERVICES,France,Subsidiary,,HH2026531356871,772552360,K.S. SERVICES,France,
48b22d9dec001ee962fd9bd9286f1ef3,KAWAPACK COMERCIO E SERVICOS DE EMBALAGENS LTDA,Brazil,Parent,,HH2026678297764,678297764,KAWAPACK COMERCIO E SERVICOS DE EMBALAGENS LTDA,Brazil,50+
c6f08bc3172eee885c2267cd4ca66128,KEEN URBANITE (PTY) LTD,South Africa,Independent,,HH2026654277773,654277773,KEEN URBANITE (PTY) LTD,South Africa,24+
b339b54074c79297665f8b5067912a7a,KENVUE EMEA SERVICES LIMITED,United Kingdom,Subsidiary,,HH2026118846754,236538930,KENVUE EMEA SERVICES LIMITED,United Kingdom,200+
49af0176e21cc71b24755099e2c244ac,KENVUE HELLAS INDUSTRIAL SINGLE MEMBER S.A.,Greece,Subsidiary,,HH2026118846754,423077833,KENVUE HELLAS INDUSTRIAL SINGLE MEMBER S.A.,Greece,200+
0bffa54acd241ab261a10296f83156a4,KENVUE ITALIA SPA,Italy,Subsidiary,,HH2026118846754,433376803,KENVUE ITALIA SPA,Italy,200+
32427b8d9ff29b58acc2a9f356e92dcd,KENVUE SA (PTY) LTD,South Africa,Subsidiary,,HH2026001307081,568493238,KENVUE SA (PTY) LTD,South Africa,200+
9051d2e83d8102c5c0681da7644e6c28,KEYLOOP UK LIMITED,South Africa,Subsidiary,,HH2026227584340,635710718,KEYLOOP UK LIMITED,South Africa,50+
97832ea0b1b28147e81c4ef0dfe3fe12,"KGU IM. I.ARABaeVA, UCHREZHDENIE",Kyrgyzstan,Parent,,HH2026565437944,565437944,"KGU IM. I.ARABAEVA, UCHREZHDENIE",Kyrgyzstan,50+
6172e7a0f81d984853462a0f733994b3,KKR Nordics AB,Sweden,Subsidiary,,HH2026806256132,350888064,KKR Nordics AB,Sweden,100+
243425dc08ff1851b95a8a85aa2a9b07,KNIGHT FRANKSOUTH AFRICA (PTY) LTD,South Africa,Independent,,HH2026652968610,652968610,KNIGHT FRANKSOUTH AFRICA (PTY) LTD,South Africa,400+
abd9971cdf07f997c6181ffdbb37ca92,"KONGSBERG NANOAVIONICS, UAB",Lithuania,Subsidiary,,HH2026518910914,365884883,"KONGSBERG NANOAVIONICS, UAB",Lithuania,45+
dacb86d54f44f9b7e31a5197d17975a3,KORN/FERRY INTL (M) BHD,Malaysia,Subsidiary,,HH2026052239530,652140385,KORN/FERRY INTL (M) BHD,Malaysia,100+
f56ce5d26902ca408d5c397ae30bb642,KP STKE Munici Util. Co,Ukraine,Subsidiary,,HH2026364577750,363764281,KP STKE Munici Util. Co,Ukraine,15+
3fd6601f21992138ce0596701037ac17,KPMG ADVISORY (MYANMAR) LTD.,Myanmar,Independent,,HH2026659602879,659602879,KPMG ADVISORY (MYANMAR) LTD.,Myanmar,50+
b977a7216b52836ebece17b7b83962f8,KPMG ALBANIA SH.P.K.,Albania,Parent,,HH2026565936122,565936122,KPMG ALBANIA SH.P.K.,Albania,50+
d30f8a5dc30fc75b633faa2f4ce447f2,KPMG ALGERIA SPA,Algeria,Subsidiary,,HH2026275528102,850459882,KPMG ALGERIA SPA,Algeria,50+
28329a7a735a16f64b65e2098a2640e0,KRAKEN PRODUTOS DIGITAIS LTDA.,Brazil,Subsidiary,,HH2026763693620,919879249,KRAKEN PRODUTOS DIGITAIS LTDA.,Brazil,50+
657a0b91f97b1fb55053d546e20799f9,KS BRASILEIRA FERTILIZANTES E PRODUTOS INDUSTRIAIS LTDA.,Brazil,Parent,,HH2026899263453,899263453,KS BRASILEIRA FERTILIZANTES E PRODUTOS INDUSTRIAIS LTDA.,Brazil,1000+
7334ab4e455b472945c35825eac5a9f4,KSL ASSOCIADOS LTDA - GRUPO KSL,Brazil,Independent,,HH2026913078353,913078353,KSL ASSOCIADOS LTDA - GRUPO KSL,Brazil,1000+
fb07efda95d00e3a9b4cf0be0461ba9c,"KT COMMERCE CO., LTD.",Korea,Subsidiary,,HH2026688326214,688317267,"KT Commerce Co., Ltd.",Korea,35+
624bdaf6c1046175e9ac56c089f1f940,KURRI KURRI HIGH SCHOOL,Australia,,,HH2026758591293,758576452,KURRI KURRI HIGH SCHOOL,Australia,45+
c62a67b7bc5b65bcce983e1cf499c7ee,KYNDRYL AUSTRALIA CLIENT SERVICES PTY LTD,Australia,Subsidiary,,HH2026118340633,742735962,KYNDRYL AUSTRALIA CLIENT SERVICES PTY LTD,Australia,1000+
c005a55778058c270b14a2de2be07f6,KYNDRYL BULGARIA EOOD,Bulgaria,,,HH2026118340633,525532422,KYNDRYL BULGARIA EOOD,Bulgaria,1000+
bce7d4e9f2cdb934084271f00b9aaa6,KYNDRYL COLOMBIA S A S,Colombia,,,HH2026118340633,679554497,KYNDRYL COLOMBIA S A S,Colombia,1000+
ee8a9845644a1c1aac89c081747a9474,KYNDRYL GLOBAL SERVICES IS VE TEKNOLOJI HIZMETLERI VE TICARET LIMITED SIRKETI,Turkey,Subsidiary,,HH2026118340633,355602932,KYNDRYL GLOBAL SERVICES IS VE TEKNOLOJI HIZMETLERI VE TICARET LIMITED SIRKETI,Turkey,1000+
5bc8ccb2f4fa12e97b74fd3e941237bf,KYNDRYL ISRaeL LTD,Israel,Subsidiary,,HH2026118340633,600880388,KYNDRYL ISRAEL LTD,Israel,1000+
b13ecf9189625dd3a30f157d035e4ed0,KYNDRYL MALAYSIA SDN. BHD.,Malaysia,,,HH2026118340633,659301174,KYNDRYL MALAYSIA SDN. BHD.,Malaysia,1000+
c674c31dc127da97361d331ca9d8241f,KYNDRYL ROMANIA S.R.L.,Romania,,,HH2026118340633,448784591,KYNDRYL ROMANIA S.R.L.,Romania,1000+
d7fd4d84864829bec6c9afd7ec91e1be,KYNDRYL SOUTH AFRICA (PTY) LTD,South Africa,Subsidiary,,HH2026118340633,655084203,KYNDRYL SOUTH AFRICA (PTY) LTD,South Africa,1000+
83f8f6bc63f5be32b05957ea05aac32b,KYNDRYL UKRAINE LLC,Ukraine,Subsidiary,,HH2026118340633,538306850,KYNDRYL UKRAINE LLC,Ukraine,1000+
b1608dac848cf59de49f3e41d514d4c8,Kenvue Costa Rica S.A.,Costa Rica,Subsidiary,,HH2026118846754,853051613,Kenvue Costa Rica S.A.,Costa Rica,200+
9e31e4e5c1d76b97657af6d204b30efc,Kenvue Ecuador S.A.,Ecuador,Subsidiary,,HH2026001307081,935079194,Kenvue Ecuador S.A.,Ecuador,50+
e53261cce285405f66cedf2fb46bbf1f,"Kenvue Guatemala,SA",Guatemala,Subsidiary,,HH2026118846754,846089837,"Kenvue Guatemala,SA",Guatemala,200+
6b1e7d56653740e5b70edf66dc6f2eec,Kenvue Netherlands B.V.,Netherlands,Subsidiary,,HH2026118846754,409199536,Kenvue Netherlands B.V.,Netherlands,200+
97c8d46881fc4dba9356d724d6f1de6d,Known Global LLC,USA,Parent,,HH2026080928103,80928103,Known Global LLC,USA,15+
a220fcdba1c131b0ac9c25d5894c78dd,"Kongsberg Discovery US, LLC",USA,Subsidiary,,HH2026518910914,168628035,"Kongsberg Discovery US, LLC",USA,45+
05dca5db47401122a12a80137005c3c4,Kyndryl Costa Rica Sociedad de Responsabilidad Limitada,Costa Rica,Subsidiary,,HH2026118340633,727600341,Kyndryl Costa Rica Sociedad de Responsabilidad Limitada,Costa Rica,1000+
d6e41a8000b96dffe769d12c1ef8675d,Kyndryl Danmark ApS,Denmark,Subsidiary,,HH2026118340633,306288328,Kyndryl Danmark ApS,Denmark,1000+
f1256ea4711014c42526aab70e2d6788,Kyndryl Ecuador S.A.S.,Ecuador,Subsidiary,,HH2026118340633,813544741,Kyndryl Ecuador S.A.S.,Ecuador,1000+
0d60f333e3a0e4fcf56bca9f4b5391ba,Kyndryl Macau Limited,Macao,Subsidiary,,HH2026144939434,448551591,KYNDRYL MACAU LIMITED,Macao,1000+
ad856fafad48c4f22f8573fe79b1f245,Kyndryl Nederland B.V.,Netherlands,Subsidiary,,HH2026118340633,493686982,Kyndryl Nederland B.V.,Netherlands,1000+
2b962ef9b698bd2c37a3bdb56a53d4d2,Kyndryl Norway AS,Norway,,,HH2026118340633,347185439,Kyndryl Norway AS,Norway,1000+
43c8678fb631ac72e692827378b30531,Kyndryl Services AS,Norway,Subsidiary,,HH2026118340633,345262702,Kyndryl Services AS,Norway,1000+
586c56c72f74ac602e627fe13daa586,"Kyndryl Services Slovensko, spol. s r.o.",Slovakia,,,HH2026118340633,496736833,"Kyndryl Services Slovensko, spol. s r.o.",Slovakia,1000+
2ba5bfac12a133f72ce419f996229d56,Kyndryl Taiwan Corporation,Taiwan,Subsidiary,,HH2026144939434,657744656,Kyndryl Taiwan Corporation,Taiwan,1000+
616c558fa282b8be81082ab4a4507fe7,Kyndryl d.o.o.,Croatia,Subsidiary,,HH2026118340633,672565358,Kyndryl d.o.o.,Croatia,1000+
fdfff47dbc36f422f389cce92858dc86,"L and M Supply, Inc.",USA,Parent,,HH2026022806475,22806475,"L and M Supply, Inc.",USA,500+
ce27a4d69cd257230ff033f633a86fec,LABORATORIOS PIERRE FABRE DO BRASIL LTDA,Brazil,Parent,,HH2026900049602,900049602,LABORATORIOS PIERRE FABRE DO BRASIL LTDA,Czech Republic,200+
84a4ec57f1b664786954d445ae054dbb,LANDSEC 15 LIMITED,United Kingdom,Subsidiary,,HH2026423814263,221553596,LANDSEC 15 LIMITED,United Kingdom,10+
2d7645d87c43647827954d37cb930ba,LEGENDS GLOBAL HOLDINGS PTY LTD,Australia,,,HH2026759327588,759327588,LEGENDS GLOBAL HOLDINGS PTY LTD,Australia,2000+
80b1b315a80b561e6d9e9e8234d25d0e,LEONARDO AIRES SIMAS LTDA,Brazil,Independent,,HH2026939941371,939941371,LEONARDO AIRES SIMAS LTDA,Brazil,600+
7d42fd9a4c7c78e0dc15e4dcfcea5e6a,LEONARDO ALQUIMIM GONCALVES,Brazil,Independent,,HH2026678217322,678217322,LEONARDO ALQUIMIM GONCALVES,Brazil,600+
6eb661e71c2371dcf6f1e3475581e92b,LEONARDO BRUNIERA,Brazil,Independent,,HH2026895089341,895089341,LEONARDO BRUNIERA,Brazil,600+
dfca29bcf86114349a9e0cd1a917e6e8,LEONARDO DAVINCI HIGH SCHOOL,USA,Independent,,HH2026964939677,964939677,LEONARDO DAVINCI HIGH SCHOOL,USA,600+
646c2554348e38fd958d7e73297637aa,LEONARDO DE CAMPOS MELO - SOCIEDADE DE ADVOGADOS,Brazil,Parent,,HH2026947218539,947218539,LEONARDO DE CAMPOS MELO - SOCIEDADE DE ADVOGADOS,Brazil,600+
25402ee6a5a3b708d086c1328b5fa576,LES ATELIERS DE VERNEUIL-EN-HALATTE,France,Subsidiary,,HH2026863992673,275003551,LES ATELIERS DE VERNEUIL-EN-HALATTE,France,1000+
7dde18b2040e6e39bda708e3afe7f18c,LES DOCKS DES PETROLES D AMBES,France,Subsidiary,,HH2026275137164,275693661,LES DOCKS DES PETROLES D AMBES,France,
08e8fe9fe421885af3c790f7a99c7daa,LEVI STRAUss (HONG KONG) LIMITED,Hong Kong,Subsidiary,,HH2026009109273,686285255,LEVI STRAUSS (HONG KONG) LIMITED,Hong Kong,1000+
686690c395745bde3e0a8b337ce55aec,LEXISNEXIS SERVICOS DE ANALISE DE RISCO LTDA.,Brazil,Parent,,HH2026897700642,897700642,LEXISNEXIS SERVICOS DE ANALISE DE RISCO LTDA.,Brazil,300+
273edd1ff0cd2180ab68d1defbf012b6,LGC STANDARDS SOUTH AFRICA ESOP TRUST,South Africa,Independent,,HH2026599011344,599011344,LGC STANDARDS SOUTH AFRICA ESOP TRUST,South Africa,100+
fbc8fab1cd9f0dc41ee3614c430fa82d,LGT LYCEE DES METIERS MARIE CURIE,France,Parent,,HH2026579092552,579092552,LGT LYCEE DES METIERS MARIE CURIE,France,50+
687ab4bbf051480d2aedc8e4b8734e6e,LINCOLN GARDENS PRIMARY SCHOOL,Australia,Subsidiary,,HH2026758875996,759069409,LINCOLN GARDENS PRIMARY SCHOOL,Australia,50+
bea3f8c5a2f46dfdb488840a25f716e4,LINCOLN SOLDADURAS DE COLOMBIA LTDA,Colombia,Subsidiary,,HH2026004199048,880081336,LINCOLN SOLDADURAS DE COLOMBIA LTDA,Colombia,
7324c506e5ae3de836180e893fa48410,LITMOS AUSTRALIA SOFTWARE PTY. LTD.,Australia,Subsidiary,,HH2026744954047,744954278,LITMOS AUSTRALIA SOFTWARE PTY. LTD.,Australia,
74ca6ce9a4fae35983aa3872b4f1ea26,LJ INFORMATICA LTDA,Brazil,Independent,,HH2026905909946,905909946,LJ INFORMATICA LTDA,Brazil,20+
2c8e7f3aefdca38b7620d186275d44cf,LKQ German Holdings GmbH,Germany,Subsidiary,,HH2026028117104,314531552,LKQ German Holdings GmbH,Germany,500+
0d1a82c24a80b4b4a7f4d0bf0b8b3097,LOCUS CUSTOM SOFTWARE LTDA,Brazil,Parent,,HH2026903251279,903251279,LOCUS CUSTOM SOFTWARE LTDA,Brazil,10+
73f7a75d378453ac64ffa5cccf3398b,LOLA COSMETICOS LTDA,Brazil,,,HH2026902258934,902258934,LOLA COSMETICOS LTDA,Brazil,9
0ad6056301bb3fac1ee5352877d3cf5f,LONI BERGMANN RUPPENTHAL,Brazil,Independent,,HH2026904945677,904945677,LONI BERGMANN RUPPENTHAL,Brazil,200+
74f970f4a085738779de5441eefb1b5a,LOTUS TYCOON (M) SDN. BHD.,Malaysia,Independent,,HH2026660071661,660071661,LOTUS TYCOON (M) SDN. BHD.,Malaysia,24+
5ddbf85073cb9c0fd261f5a62afbd4c1,LR Pure Systems GmbH,Germany,Subsidiary,,HH2026313215151,313567055,LR Pure Systems GmbH,Germany,100+
02ae5eb81be77769df35119a09adb4d2,LS AIRPORT SERVICES S A,Poland,Subsidiary,,HH2026665861821,425464491,LS AIRPORT SERVICES S A,Poland,50+
9ab557f390c3ba3402d88996e62e4aed,LS DO BRASIL COMERCIO E INSTALACOES INDUSTRIAIS LTDA,Brazil,Parent,,HH2026936723476,936723476,LS DO BRASIL COMERCIO E INSTALACOES INDUSTRIAIS LTDA,Brazil,1000+
42e4b7fdb0f99548185a2d4a6a54e57,LS MTRON INDUSTRIA DE MAQUINAS AGRICOLAS LTDA,Brazil,,,HH2026914759522,914759522,LS MTRON INDUSTRIA DE MAQUINAS AGRICOLAS LTDA,Brazil,200+
a84d87358c235ecb406cf392d668d615,LS TECHNICS SP Z O O,Poland,Subsidiary,,HH2026665861821,366044241,LS TECHNICS SP Z O O,Poland,1000+
8f94fb6d25eebc0416f2d8b4448e802d,LT Acquisition Corp.,USA,Parent,,HH2026009031530,9031530,LT Acquisition Corp.,USA,10+
e05774272acdb92dceb78c9230d2e1ea,LUCILE PACKARD CHILDRENS HOSP.,USA,Independent,,HH2026026820784,26820784,LUCILE PACKARD CHILDRENS HOSP.,USA,100+
8d47009c216644b0a81557d6e3b9976,LUME DIVINUM COMERCIO E SERVICOS DE INFORMATICA LTDA,Brazil,,,HH2026942509905,942509905,LUME DIVINUM COMERCIO E SERVICOS DE INFORMATICA LTDA,Brazil,15+
6f1f047fb5b70eca68fae7c4a4b910c8,LUXURY TRAINS SERVIZI SRL,Italy,Subsidiary,,HH2026278145115,443094966,LUXURY TRAINS SERVIZI SRL,Italy,200+
821eacf505829875e749e1e966ce2f4,Legal Aid Society of Lubbock Inc,USA,,,HH2026804978419,804978419,Legal Aid Society of Lubbock Inc,USA,50+
9129cab89eeec0b0a76591b4be70cfe5,Legends Global Sweden AB,Sweden,Subsidiary,,HH2026117366383,353938707,Legends Global Sweden AB,Sweden,2000+
49b0a0cdaa7ff747f276f565b8410187,Les Entreprises Jasmin Gilbert Lt‚e,Canada,Parent,,HH2026244649117,244649117,Les Entreprises Jasmin Gilbert Ltée,Canada,
db92f84305aa7dc0d3952e2a095ed77,LexisNexis Verlag ARD ORAC GmbH,Austria,,,HH2026210244596,301435889,LexisNexis Verlag ARD ORAC GmbH,Austria,300+
dcd952aa5f416b32eb0fe2f8dcfe050,Liberty Academy Charter School,USA,,,HH2026797855215,797855215,Liberty Academy Charter School,USA,50+
61a232fa311514044ba227b39e896424,Lichtblick Kontaktlinsen Wirges GmbH,Germany,Subsidiary,,HH2026371015549,341689302,Lichtblick Kontaktlinsen Wirges GmbH,Germany,20+
8fd256fb1f6841828b35d2f8c6166761,Lifeline Home Health Care of Marathon LLC,USA,Subsidiary,,HH2026112871561,149159696,Lifeline Home Health Care of Marathon LLC,USA,2000+
46a30206db46fcb1321f41124c2c5ea4,"Lindblad Expeditions Holdings, Inc.",USA,Parent,,HH2026967304309,967304309,"Lindblad Expeditions Holdings, Inc.",USA,35+
07d41430804cb68441051e49246f28d4,Lutheran Church of Australia Queensland District,Australia,Independent,,HH2026759987592,759987592,Lutheran Church of Australia Queensland District,Australia,10
5f6bea7a0097a08d035bee9a46548e33,M-Files Oy,Finland,Subsidiary,,HH2026373144866,459758900,M-Files Oy,Finland,10+
79b107997f26a7ecac59f728d8046731,M.F.M. INFORMATICA LTDA,Brazil,Independent,,HH2026901868303,901868303,M.F.M. INFORMATICA LTDA,Brazil,1000+
2b5836958c206846423cffff98099cc4,M3 HEALTH INDUSTRIA E COMERCIO DE PRODUTOS MEDICOS ODONTOLOGICOS E CORRELATOS SA,Brazil,Parent,,HH2026900554942,900554942,M3 HEALTH INDUSTRIA E COMERCIO DE PRODUTOS MEDICOS ODONTOLOGICOS E CORRELATOS SA,Brazil,10+
916d7c11428ce55150d20408c2a10071,MAN AUTOMOTIVE SOUTH AFRICA (PTY) LTD,South Africa,Subsidiary,,HH2026300450729,635275605,MAN AUTOMOTIVE SOUTH AFRICA (PTY) LTD,South Africa,50+
4ec806c7599fce611a8e4072c18f47da,"MAPFRE INTERMEDIARIES, INC",USA,Independent,,HH2026023925539,23925539,"MAPFRE INTERMEDIARIES, INC",USA,24+
44b6d54bbcfb76de4dbb0fb6778fb447,MAPFRE SIGORTA ANONIM SIRKETI,Turkey,Parent,,HH2026525206967,525206967,MAPFRE SIGORTA ANONIM SIRKETI,Turkey,24+
25a7246abb3c3c16286442ec99a1d2d,MAREL AUSTRALIA PTY LTD,Australia,,,HH2026360314496,742166838,MAREL AUSTRALIA PTY LTD,Australia,200+
44b327da4954507a0f7653c68975fc7d,MAREL INDUSTRIA E COMERCIO DO BRASIL LTDA,Brazil,Subsidiary,,HH2026968854649,903125367,MAREL INDUSTRIA E COMERCIO DO BRASIL LTDA,Brazil,200+
2533365592a12a7e9f698de7cf5b9214,MARKEL PROTECTION LIMITED,United Kingdom,Subsidiary,,HH2026003134582,737010640,MARKEL PROTECTION LIMITED,United Kingdom,100+
d96d33c89aae977e1b38c03645801c8,MARVELL TECHNOLOGY ITALY SRL,Italy,,,HH2026117983182,438082145,MARVELL TECHNOLOGY ITALY SRL,Italy,100+
07718dfdc3819bb8ef44d9849d9fba92,MARVELL TECHNOLOGY ROMANIA S.R.L.,Romania,Subsidiary,,HH2026117983182,683420632,MARVELL TECHNOLOGY ROMANIA S.R.L.,Romania,100+
300dda663ff9814dfc9840112c3322f1,MASTER M3 ENGENHARIA E CONSULTORIA LTDA,Brazil,Independent,,HH2026822772676,822772676,MASTER M3 ENGENHARIA E CONSULTORIA LTDA,Brazil,7
60fd6f7f2561aa0a1e5ae9bd2c3443bb,MASTERCARD ASIA/PACIFIC (AUSTRALIA) PTY LTD,Australia,Subsidiary,,HH2026118569339,752389085,MASTERCARD ASIA/PACIFIC (AUSTRALIA) PTY LTD,Australia,1000+
d3e705b88ec5cadd6965271239744cb2,MAXIS INFORMATICA LTDA,Brazil,Parent,,HH2026904858862,904858862,MAXIS INFORMATICA LTDA,Brazil,100+
8a1442f7fa0d615656006713e8ea7323,MCCORMICK POLSKA S A,Poland,Subsidiary,,HH2026815587974,422187544,MCCORMICK POLSKA S A,Poland,50+
a1b4d2e3bf46d54d6c161abf8fd209fc,MCLAREN ELECTRIC RACING LIMITED,United Kingdom,Subsidiary,,HH2026558417102,223383443,MCLAREN ELECTRIC RACING LIMITED,United Kingdom,10+
38b346532cb3a0558f34f52f990a1407,MEDA Pharma GmbH & Co. KG,Germany,Subsidiary,,HH2026117542494,331676705,MEDA Pharma GmbH & Co. KG,Germany,400+
c267c88146ea30b0240660b11aa44185,MEDIACOM PARIS,France,Subsidiary,,HH2026218784436,576918452,MEDIACOM PARIS,France,1000+
e9bd4f0df3d7f268981a97a0c764efc9,MEDTRONIC (TAIWAN) LTD.,Taiwan,Subsidiary,,HH2026985596906,658127030,MEDTRONIC (TAIWAN) LTD.,Taiwan,1000+
ae424d89275c42397ca3cfd2aa3850a3,MEDTRONIC COLOMBIA S A,Colombia,Independent,,HH2026881182877,881182877,MEDTRONIC COLOMBIA S A,Colombia,1000+
d3c0d0012f3289bdc55e83a8618d439b,METHODIST LADIES' COLLEGE LIMITED,Australia,Independent,,HH2026753329788,753329788,METHODIST LADIES' COLLEGE LIMITED,Australia,500+
0654983ec47a13d5e8e677fb3c2a3dd7,MHC BUSINEss K.K.,Japan,Subsidiary,,HH2026690646815,696992788,MULビジネス株式会社,Japan,200+
e6e4c1c78273fdbdc921c45afc077e8d,MICHELS PARTICIPACAO E ADMINISTRACAO DE BENS LTDA,Brazil,Parent,,HH2026944756718,944756718,MICHELS PARTICIPACAO E ADMINISTRACAO DE BENS LTDA,Brazil,600+
0249cefd5b1c4a13ce020e1daad0f1a,MILLENNIUM CENTRAL GERADORA EOLICA SA,Brazil,,,HH2026914632245,914632245,MILLENNIUM CENTRAL GERADORA EOLICA SA,Brazil,200+
0e0443c00ec896ef7c4a87a887ffb92e,MINISTERE DE L'EUROPE ET DES AFFAIRES ETRANGERES,France,Subsidiary,,HH2026542472212,579004771,MINISTERE DE L'EUROPE ET DES AFFAIRES ETRANGERES,France,50+
8ae0ca3a566de6779de27b1fe18bb83c,MINISTRY OF AGRICULTURE,India,Subsidiary,,HH2026862172751,915687011,MINISTRY OF AGRICULTURE,Lebanon,2000+
9c79013bad58d79c646089cdd4423a1a,MINISTRY OF COMMUNICATIONS AND INFORMATION TECHNOLOGY,Qatar,Subsidiary,,HH2026534796045,561866664,MINISTRY OF COMMUNICATIONS AND INFORMATION TECHNOLOGY,Qatar,2000+
fb6fd2923dd20d81619c91837c274fcb,MINISTRY OF CULTURE,Thailand,Subsidiary,,HH2026660723081,659461664,MINISTRY OF CULTURE,Egypt,2000+
dde99dcd3d79dbf74281913b6396ba32,MINISTRY OF ELECTRICITY AND RENEWABLE ENERGY,Egypt,Subsidiary,,HH2026552647281,850547855,MINISTRY OF ELECTRICITY AND RENEWABLE ENERGY,Egypt,2000+
e372bedf212ebfc7ab63b8eafe4b6faa,MINISTRY OF ENERGY AND MINERAL DEVELOPMENT,Uganda,Subsidiary,,HH2026850547917,954546136,MINISTRY OF ENERGY AND MINERAL DEVELOPMENT,Uganda,2000+
977ff19a35cd1857f85f29b27172c59a,MINISTRY OF ENVIRONMENT WATER AND AGRICULTURE,Saudi Arabia,Subsidiary,,HH2026645311044,557665630,MINISTRY OF ENVIRONMENT WATER AND AGRICULTURE,Saudi Arabia,2000+
e39576387c7182105fbfd16c6e2781c7,MINISTRY OF HEALTH AND PREVENTION,United Arab Emirates,Subsidiary,,HH2026561428438,643537772,MINISTRY OF HEALTH AND PREVENTION,United Arab Emirates,2000+
7140c8af2638027ec02d9e8465101c20,MINISTRY OF INTERIOR,Libyan Arab Jamahiriya,Subsidiary,,HH2026850546341,850484180,MINISTRY OF INTERIOR,Libyan Arab Jamahiriya,2000+
f2dd6062170ce1170466daf5df22fbc8,MINISTRY OF INTERNAL AFFAIRS AND COMMUNICATIONS,Japan,Subsidiary,,HH2026718105944,691756501,総務省,Japan,2000+
64dcdb25f41ae6f5e61b7cc86eb0928,"MINISTRY OF JUSTICE, PRISON AFFAIRS AND CONSTITUTIONAL REFORMS",Sri Lanka,,,HH2026659424043,659424365,"MINISTRY OF JUSTICE, PRISON AFFAIRS AND CONSTITUTIONAL REFORMS",Sri Lanka,2000+
d8c7b61200956cbe75eb97ecb5535879,MINISTRY OF MARITIME AFFAIRS & INSULAR POLICY,Greece,Parent,,HH2026363290751,363290751,MINISTRY OF MARITIME AFFAIRS & INSULAR POLICY,Greece,2000+
61e4c60233ca7c4e0a4dcbfdac9ebb04,MINISTRY OF MUNICIPAL AND RURAL AFFAIRS,Saudi Arabia,Subsidiary,,HH2026645311044,557739419,MINISTRY OF MUNICIPAL AND RURAL AFFAIRS,Saudi Arabia,2000+
1f5f56d8534e2d601712eed4c162b7c,MINISTRY OF SUSTAINABILITY AND THE ENVIRONMENT,Singapore,,,HH2026595950213,653618892,MINISTRY OF SUSTAINABILITY AND THE ENVIRONMENT,Singapore,2000+
098a81ffbee8fc8f597a21403032eefd,MINISTRY OF YOUTH AND SPORTS,Bangladesh,Subsidiary,,HH2026731504841,731582321,MINISTRY OF YOUTH AND SPORTS,Bangladesh,2000+
2b99bad081a67a86de0b1d1ee0702f40,MINISTRY OF YOUTH AND SPORTS AFFAIRS,Bahrain,Subsidiary,,HH2026645332438,561676700,MINISTRY OF YOUTH AND SPORTS AFFAIRS,Bahrain,2000+
2735bf064f8d939a768a3ebdc657f2b8,MIX TELEMATICS LTD,South Africa,Subsidiary,,HH2026117156234,652826907,MIX TELEMATICS LTD,South Africa,30+
3a0cb3d36904e9a46922721f85c66ec9,"MIZUHO BANK, LTD. (YANGON BRANCH)",Myanmar,Independent,,HH2026659737161,659737161,"MIZUHO BANK, LTD. (YANGON BRANCH)",Myanmar,100+
ab82ab99b9697698534e60de4b7f2316,MIZUHO RA LEASING PRIVATE LIMITED,India,Parent,,HH2026650875060,650875060,MIZUHO RA LEASING PRIVATE LIMITED,India,100+
5e5f0cc60cc21cd4f26e122b4f795e4,"ML of Southfield, Inc.",USA,,,HH2026074247446,74247446,"ML of Southfield, Inc.",USA,2000+
f0bcbc1d6dfeb66fba9aa9c75657a94f,MONDI SILICART SRL,Italy,Subsidiary,,HH2026856159132,439962424,MONDI SILICART SRL,Italy,100+
59708af1cb035e35bc20ffe9b51f1b15,MONTGOMERY COUNTY COMMUNITY COLLEGE,USA,Parent,,HH2026069886679,69886679,MONTGOMERY COUNTY COMMUNITY COLLEGE,USA,35+
faf9910690ef12092f56c5174c1c3199,MOTHERSON DRSC MODULES SPAIN SA.,Spain,Subsidiary,,HH2026650106917,464000934,MOTHERSON DRSC MODULES SPAIN SA.,Spain,300+
d74cfa47d2c94855b874f5d3e591ecb1,MOTHERSON SAS AUTOMOTIVE SERVICES AND MODULE TECHNOLOGY DO BRAZIL LTDA.,Brazil,Parent,,HH2026901277830,901277830,MOTHERSON SAS AUTOMOTIVE SERVICES AND MODULE TECHNOLOGY DO BRAZIL LTDA.,Brazil,300+
ac0d93ccebb9545878439b0da8d2655a,MOTHERSON SAS TURKEY OTOMOTIV SERVIS TICARET LIMITED SIRKETI,Turkey,Subsidiary,,HH2026650106917,504494799,MOTHERSON SAS TURKEY OTOMOTIV SERVIS TICARET LIMITED SIRKETI,Turkey,300+
7af88eb8af9f1ccd27a024f82ea8262d,MOTHERSON YACHIYO AUTOMOTIVA BRASIL INDUSTRIA E COMERCIO DE PECAS LTDA,Brazil,Independent,,HH2026914687830,914687830,MOTHERSON YACHIYO AUTOMOTIVA BRASIL INDUSTRIA E COMERCIO DE PECAS LTDA,Brazil,300+
32aa7dcc5b84c7d2c4f58231e54cf882,MOTHERSON aeROSPACE SAS,France,Subsidiary,,HH2026650106917,274253512,MOTHERSON AEROSPACE SAS,France,300+
65bcd201da8b3a2b9dfe7bead3e33833,MOTOROLA SOLUTIONS SOUTH AFRICA (PTY) LTD,South Africa,Subsidiary,,HH2026001325463,636909863,MOTOROLA SOLUTIONS SOUTH AFRICA (PTY) LTD,South Africa,500+
06bba935dee7b44c68915b2956212b84,MOUNT NELSON HOTEL,South Africa,Subsidiary,,HH2026278145115,538763848,MOUNT NELSON HOTEL,South Africa,200+
4ea9e4bb15e7e4ec41152701eed124cf,MR SERVICES,India,Independent,,HH2026857265256,857265256,MR SERVICES,India,
344758c5351aa21b212b5f368f9282d3,MRM SUPERMERCADO LTDA,Brazil,Independent,,HH2026969843806,969843806,MRM SUPERMERCADO LTDA,Brazil,1000+
7fbcfeb00366eb872e96947178a0ac21,"MSK Group, PC",USA,Parent,,HH2026188112390,188112390,"MSK Group, PC",USA,50+
ad430fac5a9c27bf041d42f0dcd06d40,MT COMPASS AREA SCHOOL,Australia,,,HH2026758875996,758949478,MT COMPASS AREA SCHOOL,Australia,500+
510d24d407e31d0b85eada5265942884,MT ROSKILL GRAMMAR BOT,New Zealand,Independent,,HH2026760919100,760919100,MT ROSKILL GRAMMAR BOT,New Zealand,500+
dca761846da2fdcfd526c5ff174fd572,"MT. BETHER BIBLE CENTER AT GAME CREEK, INC.",USA,Independent,,HH2026100910181,100910181,"MT. BETHER BIBLE CENTER AT GAME CREEK, INC.",USA,500+
bf2c09fdfdd8da385a2af76b7778312d,"MUFG BANK, LTD., HANOI BRANCH",Vietnam,Independent,,HH2026555355341,555355341,"MUFG BANK, LTD., HANOI BRANCH",Vietnam,600+
ef2b6bd810ed69ada1b9ba774d2774bd,MUFG Corporate Markets Pty Limited,Hong Kong,Subsidiary,,HH2026755022584,664647337,MUFG Corporate Markets Pty Limited,Hong Kong,600+
6ea43b189080d975966959086ab7561e,MUFG FUNDING (UK) LIMITED,United Kingdom,Subsidiary,,HH2026691751148,211508643,MUFG FUNDING (UK) LIMITED,United Kingdom,600+
654ca3d4a7b9e46626f3497a107b9bc2,MUFG RETIREMENT SOLUTIONS PENSION ADMINISTRATION LIMITED,United Kingdom,Subsidiary,,HH2026755022584,223572857,MUFG RETIREMENT SOLUTIONS PENSION ADMINISTRATION LIMITED,United Kingdom,600+
7c2b54abca3a0a74bcb6a6bb9cf14b6,MULLER & MOREIRA ADVOCACIA,Brazil,,,HH2026914482229,914482229,MULLER & MOREIRA ADVOCACIA,Brazil,24+
04737a1dabc23cff085f50a045f635b4,MULLER-BBM ACOUSTIC TECHNOLOGY PRIVATE LIMITED,India,Subsidiary,,HH2026317518736,864146288,MULLER-BBM ACOUSTIC TECHNOLOGY PRIVATE LIMITED,India,24+
7181445bf9fd86a7044c1c2707b82607,MULLER-BBM VIBROACOUSTIC SYSTEMS INC.,USA,Subsidiary,,HH2026317518736,16846680,MULLER-BBM VIBROACOUSTIC SYSTEMS INC.,USA,24+
b92f92041ba568bb3a86657128a3a4be,MUNICIPIO DE DOMINGOS MOURAO,Brazil,Parent,,HH2026912963436,912963436,MUNICIPIO DE DOMINGOS MOURAO,Brazil,50+
f49fbb369321954922ec23c0e197fed3,"MVH BMC, LLC",USA,Subsidiary,,HH2026080005830,60075249,"MVH BMC, LLC",USA,2000+
98d6ba8c6379c6a7db39b5c3993a4599,Marcus L. Ward Home,USA,Independent,,HH2026082970187,82970187,Marcus L. Ward Home,USA,50+
d2f0bf80e5d38a3d9aed3a04f359102b,Marmon Specialty Products Company,USA,Subsidiary,,HH2026001024314,4186706,Marmon Specialty Products Company,USA,500+
c981ccadf9debd52b8ce093fe1d1a658,Massachusetts Institute Of Technology,USA,Parent,,HH2026001425594,1425594,Massachusetts Institute Of Technology,USA,2000+
ce5a955b4fce7e8edd9c19d9356e8731,Mavie Work GmbH,Austria,Subsidiary,,HH2026300405362,300898991,Mavie Work GmbH,Austria,15+
7c54e14e920608c036025edcb5e9cff,Mckesson Ireland Unlimited Company,Ireland,,,HH2026985664873,985664873,Mckesson Ireland Unlimited Company,Ireland,500+
68873fef829770be52943eff3486fd39,Merced County Office of Education,USA,Parent,,HH2026048463178,48463178,Merced County Office of Education,USA,2000+
2d0a3eb25751a15e10450b8315860c41,Mercy Home Care of Western New York,USA,Parent,,HH2026131683880,131683880,Mercy Home Care of Western New York,USA,2000+
6fea3c520dd855cee37dc249ef92d260,"Mercy Hospital, Cedar Rapids, Iowa",USA,Independent,,HH2026069620524,69620524,"Mercy Hospital, Cedar Rapids, Iowa",USA,2000+
9eda3fef2f86a5d643a1759e508ce0c2,Mercy regional Health Centre Auxilliary,USA,Independent,,HH2026174160978,174160978,Mercy regional Health Centre Auxilliary,USA,2000+
45a99657610ec7dd52e8859f44676322,"Methodist Healthcare System of San Antonio, Ltd., L.L.P.",USA,Subsidiary,,HH2026967697686,63067326,"Methodist Healthcare System of San Antonio, Ltd., L.L.P.",USA,500+
bebb35f3bba5256d8da4144680c91ca1,Methodist Homes Housing Association,United Kingdom,Parent,,HH2026232053363,232053363,Methodist Homes Housing Association,United Kingdom,500+
9267d91444908fb5998ffe9df8934583,Methodist West Houston Hospital,USA,Independent,,HH2026959914677,959914677,Methodist West Houston Hospital,USA,1000+
3990d2fb30b0fdc208487e6ccc825e9a,Michael Binder,Germany,Independent,,HH2026340067587,340067587,Michael Binder,Germany,10
7f045bb84074cd1e83c842f75195ec78,Michael Kepp,Germany,Independent,,HH2026312502163,312502163,Michael Kepp,Germany,35+
e69173deb721de9db4f253f15afe7508,Ministry of Foreign Affairs,Korea,Subsidiary,,HH2026688005487,688439884,Ministry of Foreign Affairs,Thailand,2000+
b0624f162e9e8448a4f0c80e85fef604,Mirth Corporation,USA,Subsidiary,,HH2026824667906,153156760,Mirth Corporation,USA,35+
8e4fd194d1cdb55bf5ed7d9078e2130c,Mississippi Department of Human Services,USA,Subsidiary,,HH2026008210692,809399918,MDHS Family And Children's Services,USA,2000+
9302a56a729167793dfe3072e8acdf1a,"Momentive Software Holdco, LLC",USA,Parent,,HH2026081177389,81177389,"Momentive Software Holdco, LLC",USA,
f42fa14d6fc4a0c762da16fb3cdf4d4b,Mondi Bupak s.r.o.,Czech Republic,Subsidiary,,HH2026856159132,644044679,Mondi Bupak s.r.o.,Czech Republic,100+
783c543b81c4cf94d995587d97e5d0b5,"Motherson Rolling Stocks, S. de R.L. de C.V.",Mexico,Subsidiary,,HH2026650106917,951641710,"Motherson Rolling Stocks, S. de R.L. de C.V.",Mexico,300+
5c25dff49e6e4a3d2e040e7a7faa3f29,"Motherson SAS Automotive Module Services Mexico, S.A. de C.V.",Mexico,Subsidiary,,HH2026650106917,812690779,"Motherson SAS Automotive Module Services Mexico, S.A. de C.V.",Mexico,300+
a17875feebbe18e1ec6fcdbb42fdf352,Motherson SAS Automotive Service Czechia s.r.o.,Czech Republic,Subsidiary,,HH2026650106917,360545842,Motherson SAS Automotive Service Czechia s.r.o.,Czech Republic,300+
7ceb3a725c641e3769a7fa25a2bdd8ab,Mt Hood Community College,USA,Parent,,HH2026050964063,50964063,Mt Hood Community College,USA,500+
c7bccaf1506c0910cdbab9d5f37ecaba,"Mt. Graham Regional Medical Center, Inc.",USA,Parent,,HH2026080531034,80531034,"Mt. Graham Regional Medical Center, Inc.",USA,500+
50789a7ccd926c7eea2a255861e07626,"Mundet Tennessee, Inc.",USA,Subsidiary,,HH2026301683710,788207632,"Mundet Tennessee, Inc.",USA,50+
311779d57778d1e2804155f1497b9f0a,Mutual Fund Dealers Association of Canada,Canada,Parent,,HH2026201925281,201925281,Mutual Fund Dealers Association of Canada,Canada,2000+
e08d0a412805ca801bf3e6956728b081,N.C. Nielsen A/S,Denmark,Subsidiary,,HH2026305814982,305496259,N.C. Nielsen A/S,Denmark,100+
7ac37709362a7de6124024a9b1aff974,"NAS Insurance Services, LLC",USA,Subsidiary,,HH2026691762236,153183033,"NAS Insurance Services, LLC",USA,100+
52d55405234f38342b888644050ae84d,NASDAQ INTERNATIONAL LIMITED,United Kingdom,Subsidiary,,HH2026126554732,298917808,NASDAQ INTERNATIONAL LIMITED,United Kingdom,100+
ca71b90dfec72bde19b80d2bec9ea42b,NATIONAL AID FUND,Jordan,Subsidiary,,HH2026534673582,534702514,NATIONAL AID FUND,Jordan,20+
cd6d15ae424f6c806001da2dae84c9d,NATIONAL BUREAU OF INVESTIGATION,Philippines,,,HH2026718969538,721945798,NATIONAL BUREAU OF INVESTIGATION,Philippines,2000+
605b7e3ad710074f6d59a07c6b95a8f5,NATIONAL CANCER CENTER,Korea,Subsidiary,,HH2026688005487,688323039,NATIONAL CANCER CENTER,Korea,24+
e29f3cc1b11e6c886084d6589c27dd84,NATIONAL CANCER CENTRE OF SINGAPORE PTE LTD,Singapore,Subsidiary,,HH2026595950213,894683739,NATIONAL CANCER CENTRE OF SINGAPORE PTE LTD,Singapore,20+
884fb210533291bdf7974cae59834072,"NATIONAL COUNCIL FOR CULTURE, ARTS AND LITERATURE",Kuwait,Subsidiary,,HH2026645310509,557906980,"NATIONAL COUNCIL FOR CULTURE, ARTS AND LITERATURE",Kuwait,20+
687721c7a2872260f419746fa2c6f5be,NATIONAL DIET LIBRARY,Japan,Parent,,HH2026694437054,694437054,国立国会図書館,Japan,24+
e8bb2bdcace841db75df9d5056d5ad39,NATIONAL HIGHWAYS AUTHORITY OF INDIA,India,Subsidiary,,HH2026862172751,862202355,NATIONAL HIGHWAYS AUTHORITY OF INDIA,India,2000+
a5aded31a31826e0462afd9bce1e44bf,NATIONAL HOUSE-BUILDING COUNCIL,United Kingdom,Parent,,HH2026226386910,226386910,NATIONAL HOUSE-BUILDING COUNCIL,United Kingdom,24+
55461da7b2c804f66ec2bd8c46bb5519,NATIONAL INFORMATION TECHNOLOGY BOARD,Pakistan,Subsidiary,,HH2026645413793,645782546,NATIONAL INFORMATION TECHNOLOGY BOARD,Pakistan,24+
88211cfef45bbae47e6780ebdf0b9eef,NATIONAL INSTRUMENTS ITALY SRL,Italy,Subsidiary,,HH2026006269633,439223215,NATIONAL INSTRUMENTS ITALY SRL,Italy,24+
940a6b0d9b960817b745f078f82b209c,NATIONAL INTELLIGENCE AGENCY,Thailand,Subsidiary,,HH2026660723081,659460898,NATIONAL INTELLIGENCE AGENCY,South Africa,20+
30c5187c5c3f8725da4b6595385aa8e4,NATIONAL LIBRARY BOARD,Singapore,Subsidiary,,HH2026595950213,595932906,NATIONAL LIBRARY BOARD,Singapore,24+
c01a47a4afccf640a477fde36c0e4f4b,NATIONAL LIBRARY OF THE PHILIPPINES,Philippines,Subsidiary,,HH2026718969538,721945467,NATIONAL LIBRARY OF THE PHILIPPINES,Philippines,20+
fa34ddbda467ce846b9ea2a8633e47bc,NATIONAL LOTTERIES BOARD,South Africa,Independent,,HH2026538466727,538466727,NATIONAL LOTTERIES BOARD,Sri Lanka,24+
afb20d5e77e2d1080e0a04aa7fff9c02,NATIONAL MARITIME MUSEUM ENTERPRISES LIMITED,United Kingdom,Subsidiary,,HH2026218307149,295359830,NATIONAL MARITIME MUSEUM,United Kingdom,24+
e4fd4c66759bd9a9bc86396d7fcd3cd8,NATIONAL METROLOGY INSTITUTE OF SOUTH AFRICA,South Africa,Independent,,HH2026538433923,538433923,NATIONAL METROLOGY INSTITUTE OF SOUTH AFRICA,South Africa,50+
f028928cde8b132b9c0df1ef0887af68,NATIONAL MOTOR MUSEUM TRADING LIMITED,United Kingdom,Independent,,HH2026771022779,771022779,NATIONAL MOTOR MUSEUM TRADING LIMITED,United Kingdom,50+
5ae9ea3b39c4ad2898733fd7939b6b5e,NATIONAL OPEN UNIVERSITY,Taiwan,Subsidiary,,HH2026656904000,658061940,國立空中大學,Taiwan,20+
0268ae2583673f5407fc61efa3a1126a,NATIONAL PETROLEUM TECHNOLOGY SINGLE PERSON COMPANY,Saudi Arabia,Subsidiary,,HH2026080668446,557684482,NATIONAL PETROLEUM TECHNOLOGY SINGLE PERSON COMPANY,Saudi Arabia,20+
0d0a964ca971430ee8947de9ad11b422,NATIONAL SPORTS ACADEMY AT LAKE PLACID,USA,Independent,,HH2026005541487,5541487,NATIONAL SPORTS ACADEMY AT LAKE PLACID,USA,20+
dc93d5101ebbf7887957bf995b8e74f0,NATIONAL STUDENTS FINANCIAL AID SCHEME,South Africa,Subsidiary,,HH2026653123781,653318779,NATIONAL STUDENTS FINANCIAL AID SCHEME,South Africa,20+
32c9e0835d97019f1d162c275abe9bf9,NC COMUNICACOES SA,Brazil,Subsidiary,,HH2026945241455,913763665,NC COMUNICACOES SA,Brazil,500+
a9ab37400ad31829fa66355d7cfae6a4,NC SEGURANCA LTDA,Brazil,Independent,,HH2026927874132,927874132,NC SEGURANCA LTDA,Brazil,500+
55c39b6e74e0fa34c56278ceecdc4474,NCR COMMERCE PHILIPPINES INC.,Philippines,Subsidiary,,HH2026001316090,850439343,NCR COMMERCE PHILIPPINES INC.,Philippines,100+
56c307c99d5a4a97470fe1d52428cee1,NEBRASKA INDIAN COMMUNITY COLLEGE,USA,Parent,,HH2026119729960,119729960,NEBRASKA INDIAN COMMUNITY COLLEGE,USA,200+
e6ab10c3be605b3b9e1ecc0a2702acc0,NELSON MANDELA METROPOLITIAN UNIVERSITY,South Africa,Parent,,HH2026653048764,653048764,NELSON MANDELA METROPOLITIAN UNIVERSITY,South Africa,24+
8f7ea0cede401ddf94c1beae49f142d7,NELSON PASCHOALOTTO ADVOGADOS ASSOCIADOS,Brazil,Parent,,HH2026678983651,678983651,Nelson Paschoalotto Advogados Associados,Brazil,20+
896755608e914ab90705621580531b5b,NEOENERGIA TRANSMISSAO SA,Brazil,Independent,,HH2026929222440,929222440,NEOENERGIA TRANSMISSAO SA,Brazil,200+
86389730edd967fc1c769a9dca205d5b,NETAPP (HONG KONG) LIMITED,Hong Kong,Subsidiary,,HH2026802054742,669475563,NETAPP (HONG KONG) LIMITED,Hong Kong,35+
95fed3aa65467f4670c57f195cc61a78,NETAPP NETWORK TECHNOLOGY,Ethiopia,Independent,,HH2026764070492,764070492,NETAPP NETWORK TECHNOLOGY,Ethiopia,35+
4f8ec21adebdebdcd767b32a0502c0f1,NEUROLOGICAL INSTITUTE OF THAILAND,Thailand,Subsidiary,,HH2026660723081,672041074,NEUROLOGICAL INSTITUTE OF THAILAND,Thailand,2000+
3be74c62ba71f7ccc8f67f8c293f8ff5,NEXPERIA UK LTD.,United Kingdom,Independent,,HH2026779110621,779110621,NEXPERIA UK LTD.,United Kingdom,200+
57ab10d511be8cbef5a1bc1795d7f1af,NEXTGEN PROJECT MANAGEMENT SYSTEMS PRIVATE LIMITED,India,Parent,,HH2026650495760,650495760,NEXTGEN PROJECT MANAGEMENT SYSTEMS PRIVATE LIMITED,India,50+
2119d74810778e500e74c6579dda8fb3,NOKIA SOLUTIONS AND NETWORKS ITALIA SPA,Italy,Subsidiary,,HH2026368400438,857194950,NOKIA SOLUTIONS AND NETWORKS ITALIA SPA,Italy,50+
d3c1e1c8947e6ac2e6e916065645b2aa,"NORDIC SUGAR KEDAINIAI, AB",Lithuania,Subsidiary,,HH2026313317609,644820201,"NORDIC SUGAR KEDAINIAI, AB",Lithuania,24+
43ef1c56a701556d809a5036cc084e27,NORTH WEST HOSPITAL AND HEALTH SERVICE,Australia,Independent,,HH2026759099570,759099570,NORTH WEST HOSPITAL AND HEALTH SERVICE,Australia,100+
3abba007b430904a81c4e55e4ead5ea6,NORTH-WEST POWER GENERATION COMPANY LIMITED,Bangladesh,Subsidiary,,HH2026731504841,731581661,NORTH-WEST POWER GENERATION COMPANY LIMITED,Bangladesh,100+
d987dc49abab78964d1717126343ca3c,NORTHEAST DUBOIS COUNTY SCHOOL CORP,USA,Parent,,HH2026050469485,50469485,NORTHEAST DUBOIS COUNTY SCHOOL CORP,USA,300+
f008c506371fb799c3cdceb81debac54,NORTHEASTERN TECHNICAL COLLEGE,USA,,,HH2026661285742,661285742,NORTHEASTERN TECHNICAL COLLEGE,USA,300+
7a96654aab16f06cfedc408615fa56a4,NORTHERN ILOILO POLYTECHNIC STATE COLLEGE,Philippines,Subsidiary,,HH2026718969538,718949134,NORTHERN ILOILO POLYTECHNIC STATE COLLEGE,Philippines,600+
8056307926ea138531ea9e0a127287a8,NORTONLIFELOCK ITALY SRL,Italy,Subsidiary,,HH2026987936788,442666699,NORTONLIFELOCK ITALY SRL,Italy,100+
0580cd2c951e250b355bfd550e8b6f84,NORTONLIFELOCK POLAND SP Z O O,Poland,Subsidiary,,HH2026064696941,367161416,NORTONLIFELOCK POLAND SP Z O O,Poland,100+
2b4fd8185ed4eae2acfd73afc70be103,NOVARTIS FINANCE SA,Luxembourg,Subsidiary,,HH2026485609796,400042880,NOVARTIS FINANCE SA,Luxembourg,600+
efdf5a77b135ad3d8f1bc260ac4b506f,NOVARTIS SAGLIK GIDA VE TARIM URUNLERI SANAYI VE TICARET ANONIM SIRKETI,Turkey,Subsidiary,,HH2026485609796,628123309,NOVARTIS SAGLIK GIDA VE TARIM URUNLERI SANAYI VE TICARET ANONIM SIRKETI,Turkey,500+
fb781614bd8b164bb64730aebe66b535,NTT DATA BUSINESS SOLUTIONS (THAILAND) LIMITED,Thailand,Independent,,HH2026660850439,660850439,NTT DATA BUSINESS SOLUTIONS (THAILAND) LIMITED,Thailand,200+
8fcad5a190fed56f0952e2ef4cfeca91,NTT DATA DO BRASIL SERVICOS DE TECNOLOGIA DA INFORMACAO LTDA,Brazil,Subsidiary,,HH2026690626718,914799791,NTT DATA DO BRASIL SERVICOS DE TECNOLOGIA DA INFORMACAO LTDA,Brazil,200+
339cdceb9163a289c910c13b0356371c,NTT DATA SERVICES AUSTRALIA PTY LTD,Australia,Independent,,HH2026744302281,744302281,NTT DATA SERVICES AUSTRALIA PTY LTD,Australia,200+
7df7348e576169b63a485b4db158724b,NTT DATA Services Slovakia s.r.o.,Slovakia,Subsidiary,,HH2026690626718,495659159,"NTT DATA Services Slovakia s.r.o., v likvidácii",Slovakia,200+
778487f411dd16e73bd4fcf634758571,NTT DATA UK LIMITED,United Kingdom,Subsidiary,,HH2026690626718,490755022,NTT DATA UK LIMITED,Ireland,200+
e6d7ef06084d84f39e0939a2fbcd349a,NVIDIA (THAILAND) COMPANY LIMITED,Thailand,Independent,,HH2026662880480,662880480,NVIDIA (THAILAND) COMPANY LIMITED,Thailand,2000+
00080c3cf09c6a3ba662707290c1c7c6,NVIDIA Development Inc,Canada,Subsidiary,,HH2026806724555,203645288,NVIDIA Development Inc,Canada,2000+
c2b2b685780ab4f9a3ad382e6343a8fd,NVIDIA PTY LIMITED,Australia,Independent,,HH2026755898889,755898889,NVIDIA PTY LIMITED,Australia,2000+
eda0d5584adaf0075c452ae96269450f,NYC DEPARTMENT OF EDUCATION,USA,Independent,,HH2026059648377,59648377,NYC DEPARTMENT OF EDUCATION,USA,1000+
35f0da825782be5f0a0fe9a1470d923f,"Nasdaq Ise, LLC",USA,Subsidiary,,HH2026126554732,831579177,"Nasdaq Ise, LLC",USA,100+
3be20fefaa8e726c3b1c4342059c5a38,"National Forensic Science Technology Center, Inc.",USA,Independent,,HH2026008136678,8136678,"National Forensic Science Technology Center, Inc.",USA,20+
74c8ef400b71e4daeaca4e5eaf3dcf60,National Library of Korea,Korea,Subsidiary,,HH2026688005487,690457189,National Library of Korea,Korea,24+
fa42079d1348a675ed86e9ad3e3c1dca,National Museum of Ireland,Ireland,Subsidiary,,HH2026442354510,987301314,National Museum of Ireland,Ireland,50+
ccff8fa5d8cd03f66a45ec7adcd30fb3,National Park Community College Foundation Inc,USA,Parent,,HH2026120233267,120233267,National Park Community College Foundation Inc,USA,50+
71c35b82d3079cfcaa46f218632fc75c,National Rifle Association of America,USA,Parent,,HH2026003256500,3256500,National Rifle Association of America,USA,20+
c343576b6465dd2c9c164f4f07234c1c,National Taiwan Ocean University,Taiwan,Subsidiary,,HH2026656904000,656455185,國立臺灣海洋大學,Taiwan,20+
0ad1fea2839ec12dc66888a3d84c66e8,Nebraska Chamber of Commerce & Industry,USA,Independent,,HH2026609225354,609225354,Nebraska Chamber of Commerce & Industry,USA,200+
f46c184e989bb234325276be5513468,New York Division of Homeland Security and Emergency Services,USA,,,HH2026041002973,134721856,New York Division of Homeland Security and Emergency Services,USA,2000+
25f893766afb982f725fda74e4dd07f2,"New York Society For The Relief Of The Ruptured And Crippled, Maintaining The Hospital For",USA,Subsidiary,,HH2026101677065,3937364,"New York Society For The Relief Of The Ruptured And Crippled, Maintaining The Hospital For",Brazil,200+
72c75db89351749c3f375382dbf06785,Newark Beth Israel Medical Center Inc.,USA,Subsidiary,,HH2026080256802,71183214,Newark Beth Israel Medical Center Inc.,USA,1000+
3d03a8519b516016525d33c4c2b2c52d,Nextgen Communications,Canada,Independent,,HH2026208497335,208497335,Nextgen Communications,Canada,45+
02c0ca0592f11e28168033c28a92448,Nextgen It Corporation,USA,,,HH2026021382467,21382467,Nextgen It Corporation,USA,35+
5d40a8aec7915fc441814da634fadfeb,"Niagara County Chapter, NYSARC, Inc.",USA,Parent,,HH2026092465285,92465285,"Niagara County Chapter, NYSARC, Inc.",USA,300+
7f85638a4013e4fb84a305a55af51d56,"Niagara Lutheran Health System, Inc.",USA,Parent,,HH2026031765530,31765530,"Niagara Lutheran Health System, Inc.",USA,200+
22498a06e530e92ed5df5f22f878da88,Nokia Hong Kong Limited,Hong Kong,,,HH2026368400438,665647587,Nokia Hong Kong Limited,Hong Kong,50+
d3a1719cd76d8b0f69aa34a4392c3bc,Nokia Siemens Networks Jv Egypt,Egypt,,,HH2026368400438,850452149,Nokia Siemens Networks Jv Egypt,Egypt,50+
611dc157c1d078ef0be98876d1c97c74,Nokia Solutions And Networks Norge AS,Norway,Subsidiary,,HH2026368400438,671180917,Nokia Solutions And Networks Norge AS,Norway,50+
c49c32a9c8d2df5e2310f753463156a9,Nokia Solutions and Networks Branch Operations Oy - Dege e shoqerise se huaj,Albania,Subsidiary,,HH2026368400438,565939464,Nokia Solutions and Networks Branch Operations Oy - Dege e shoqerise se huaj,Albania,20+
0e8b8808d12a92aa7f7f8b0aeae26ccd,Nokia Solutions and Networks d.o.o.,Croatia,Subsidiary,,HH2026368400438,672851359,Nokia Solutions and Networks d.o.o.,Croatia,20+
bd11c23e1dbdf46ba1d4324f71fed855,Norlys Forsyning A/S,Denmark,Subsidiary,,HH2026307577721,305542459,Norlys Forsyning A/S,Denmark,10
29cd8e76ec73f420383294ad2faabb50,North West Ambulance Service N H S Trust,United Kingdom,Parent,,HH2026548644053,548644053,North West Ambulance Service N H S Trust,United Kingdom,100+
748585e8803119bde0117691d9dcf1d7,North West Wales Nhs Trust,United Kingdom,Independent,,HH2026217764993,217764993,North West Wales Nhs Trust,United Kingdom,100+
b57c9ed9586d1b4acf17207e12347dbb,"Northeast Arc, Inc.",USA,Parent,,HH2026076580760,76580760,"Northeast Arc, Inc.",USA,300+
e71bccb19ad442d0dca5bd5527d517bd,"Northeast Indiana Bancorp, Inc",USA,Parent,,HH2026928431519,928431519,"Northeast Indiana Bancorp, Inc",USA,300+
78a5db79e8f41cd5f755c28e32797a01,Northeastern Clinton Central School District,USA,Parent,,HH2026114247166,114247166,Northeastern Clinton Central School District,USA,300+
ed013f721fea5f9fdc792f78c526e6ef,Northeastern Educational Intermediate Unit 19,USA,Parent,,HH2026060518511,60518511,Northeastern Educational Intermediate Unit 19,USA,300+
ea2e096424f1aebec3247f0adaa71700,Northeastern Local School Dist,USA,Parent,,HH2026100666155,100666155,Northeastern Local School Dist,USA,300+
da3d3e1a5c543bb908f9fcb21126724b,"Northeastern Professional Nurses Registry, Inc",USA,Independent,,HH2026797514379,797514379,"Northeastern Professional Nurses Registry, Inc",USA,
2c57025bf1a16c638d64f9d3b56af4dc,Northeastern School District Of York County,USA,Parent,,HH2026034079566,34079566,Northeastern School District Of York County,USA,300+
53c689e3748beda1f90926f84a43f3f2,Northern Berkshire Regional Vocational Technical Schools,USA,Parent,,HH2026797478596,797478596,Northern Berkshire Regional Vocational Technical Schools,USA,600+
bec7990a8f6695417ff1f12649430b99,Northern Virginia Christian Academy,USA,Independent,,HH2026623450827,623450827,Northern Virginia Christian Academy,USA,600+
a4c72493f719cbd0ec5b182a30890203,"Northern Virginia Surgery Center II, LLC",USA,Subsidiary,,HH2026192018141,961620643,"Northern Virginia Surgery Center II, LLC",USA,600+
637406c898161f2a2221adf65c3d3139,Northwest Allen County Schools,USA,Parent,,HH2026086772571,86772571,Northwest Allen County Schools,USA,100+
52932d4a146437e15c05737b298df46,"Northwest Bancshares, Inc.",USA,,,HH2026832282375,832282375,"Northwest Bancshares, Inc.",USA,100+
b90b0f32b12c220692eff89b4e4d07d,"Northwest Capital Appreciation, Inc.",USA,,,HH2026805650058,805650058,"Northwest Capital Appreciation, Inc.",USA,100+
ee5b1ef8aae1dba3f7b75f3a7dde4df1,"Northwest Cascade, Inc.",USA,Parent,,HH2026029695053,29695053,"Northwest Cascade, Inc.",USA,100+
f1572f2696d1c2cb3d123cf91a5f2e90,Northwest Federal Credit Union Foundation,USA,Parent,,HH2026086352036,86352036,Northwest Federal Credit Union Foundation,USA,100+
02c336290c32b2b4cd805fa18ed05b6f,"Northwest Group, Inc",USA,Independent,,HH2026031063194,31063194,"Northwest Group, Inc",USA,100+
fd01abe15fa234603a05b411753d0954,"Northwest Hospital Center, Inc.",USA,Independent,,HH2026069369791,69369791,"Northwest Hospital Center, Inc.",USA,100+
6832c5560c37e7feffdb986a6a2062b0,Northwest Missouri State University (Inc),USA,Parent,,HH2026076253319,76253319,Northwest Missouri State University (Inc),USA,100+
2de6c263d64a2584559dfe08f9d4e46a,Northwest Technology Center,USA,Parent,,HH2026039759147,39759147,Northwest Technology Center,USA,100+
904f93e05a5dd874246d8fc78ae5b15f,Northwest Tri-County Intermediate Unit,USA,Parent,,HH2026072157993,72157993,Northwest Tri-County Intermediate Unit,USA,100+
970832206cf2e435dd111eeed2f5f975,Nortonlifelock Norway AS,Norway,Subsidiary,,HH2026987936788,345038766,Nortonlifelock Norway AS,Norway,100+
a568df6d279044e67e1b54fe465bb5f,"Norwalk Community College Foundation, Inc.",USA,,,HH2026827481115,827481115,"Norwalk Community College Foundation, Inc.",USA,1000+
5866f850de4610b1f11a29a6c809f17,Nouryon Chemicals Finland Oy,Finland,,,HH2026492377001,369551820,Nouryon Chemicals Finland Oy,Finland,50+
f0464b5d1ed284ea4804155997906af9,"Nova Machine Products, Inc.",USA,Subsidiary,,HH2026002013522,604521752,"Nova Machine Products, Inc.",USA,300+
a6c2be4888d3da19f514176bd6937ab5,Novartis Ecuador S.A.,Ecuador,,,HH2026485609796,935111195,Novartis Ecuador S.A.,Ecuador,500+
aa6cc300cac99d10844057ca04cdd1b5,"Novartis Farma Servisis AG - Pretstavnishtvo Republika Severna Makedonija, Skopje",North Macedonia,Independent,,HH2026499333783,499333783,"Novartis Farma Servisis AG - Pretstavnishtvo Republika Severna Makedonija, Skopje",North Macedonia,1000+
9814d4768e71090594eede651a5a7651,ODOO BR LTDA,Brazil,Subsidiary,,HH2026372441183,629115875,ODOO BR LTDA,Brazil,300+
bc297d629fdd10ba6d938804c073284d,OFFICE OF THE AUDITOR GENERAL,Australia,Subsidiary,,HH2026758591294,759434285,OFFICE OF THE AUDITOR GENERAL,Australia,2000+
b5d8b9923a200d0a3beeb89c10922d84,OKLAHOMA PROTECTIVE HEALTH SERVICES DIVISION,USA,Independent,,HH2026111680718,111680718,OKLAHOMA PROTECTIVE HEALTH SERVICES DIVISION,USA,500+
b7e471ac5a645ea499419f563111d611,OLD MUTUAL FINANCE LTD,South Africa,Subsidiary,,HH2026210021531,638267914,OLD MUTUAL FINANCE LTD,South Africa,500+
d7c7540314dd7db5e1f57cd0af8e6356,OMR Education GmbH,Germany,Subsidiary,,HH2026341954150,313766195,OMR Education GmbH,Germany,20+
c94496f77c21b2ef7ff538e87b80ef64,OMX CARGO LIMITED,India,Subsidiary,,HH2026871931661,918250218,OMX CARGO LIMITED,India,100+
d081aa30e68b54e949ea8588469ab663,ONTIC TECHNOLOGIES INDIA PRIVATE LIMITED,India,Parent,,HH2026861390392,861390392,ONTIC TECHNOLOGIES INDIA PRIVATE LIMITED,India,
340c760d2fad1c9aacd2cf4ffb460d3b,"OPENLANE, Inc.",USA,Parent,,HH2026800567534,800567534,"OPENLANE, Inc.",USA,100+
8ae5cef76ca863ff99722a3d3b3dae1e,OVER ESTATES (WINSFORD) LIMITED,United Kingdom,Independent,,HH2026290354950,290354950,OVER ESTATES (WINSFORD) LIMITED,United Kingdom,4
8c2b9ee3be11bf2d3d55808dd1dd616d,"Ocean West Enterprises, Inc.",USA,Parent,,HH2026173647835,173647835,"OCEAN WEST ENTERPRISES, INC.",USA,300+
b2ceaaa4c628337223232667207f1370,Office Of The Sheriff Hampden County,USA,Independent,,HH2026079219655,79219655,Office Of The Sheriff Hampden County,USA,2000+
8e8abec403fb2c898fae1f41116f891a,Ohio Health Group LLC,USA,Independent,,HH2026799618509,799618509,Ohio Health Group LLC,USA,1000+
58e2a2a11e13544b640002b5cd5dbcef,Oklahoma Blood Institute,USA,Parent,,HH2026085532224,85532224,Oklahoma Blood Institute,USA,500+
3d45f092dca6f13001ddac3a957e2a0b,Oklahoma Capital Investment Board,USA,Independent,,HH2026829689074,829689074,Oklahoma Capital Investment Board,USA,500+
daf7b1431b414406b7ad8b8ebb2efc14,Oklahoma City Airport Trust,USA,Independent,,HH2026621177463,621177463,Oklahoma City Airport Trust,USA,500+
f857985788909e18c8784db629b7a351,"Oklahoma Heart Hospital South, LLC",USA,Subsidiary,,HH2026100679096,833234219,"Oklahoma Heart Hospital South, LLC",USA,500+
d87baf4b796f7158da297665773179ef,"Oklahoma Heart Hospital, L.L.C.",USA,Parent,,HH2026100679096,100679096,"Oklahoma Heart Hospital, L.L.C.",USA,500+
93674a6690524c1528880ae0e999e0db,Oklahoma Medical Research Foundation,USA,Independent,,HH2026077333797,77333797,Oklahoma Medical Research Foundation,USA,500+
c3934e77a151afd06238ada0c5454eed,Oklahoma State Bureau of Investigation,USA,Subsidiary,,HH2026043440601,933347106,Oklahoma State Bureau of Investigation,USA,500+
62e01b5ee644da736f1e815cb1c11026,Oklahoma State University,USA,Parent,,HH2026049987720,49987720,Oklahoma State University,USA,500+
c0c5dcb77782d52d4faec49f8a632c07,Oklahoma State University Medical Trust,USA,Subsidiary,,HH2026049987720,830480427,Oklahoma State University Medical Trust,USA,500+
645716503eb68509d528246c734ee4c8,"Oklahoma Tank Lines, Inc.",USA,Parent,,HH2026007460835,7460835,"Oklahoma Tank Lines, Inc.",USA,500+
e0041de29bf4c8cc7b9cb90383191e63,OnProcess Technology Costa Rica SA,Costa Rica,Subsidiary,,HH2026985015354,815743614,OnProcess Technology Costa Rica SA,Costa Rica,1000+
e8defe27d48e67d2955a97246d90afe7,Ottawa Public Library Board,Canada,Parent,,HH2026208940965,208940965,Ottawa Public Library Board,Canada,50+
5c48c4011c071bf74e30dcf884cc80f1,Oy Essity Finland Ab,Finland,Subsidiary,,HH2026356004804,368691275,Oy Essity Finland Ab,Finland,300+
644c516e8580fab5bb179a00f20a5954,Oy Samlink Ab,Finland,Subsidiary,,HH2026118340633,540446325,Oy Samlink Ab,Finland,1000+
02d75522210a89c67fd57d79256587ea,"P2 Acquisition, LLC",USA,Parent,,HH2026828556048,828556048,"P2 Acquisition, LLC",USA,10+
d0def073d7fc8ef10ceb5afe5de04317,PACIFIC COOPERATION FOUNDATION,New Zealand,Parent,,HH2026592199876,592199876,PACIFIC COOPERATION FOUNDATION,New Zealand,100+
d796e133612d7dea0884426639ac4661,PAK-AUSTRIA FACHHOCHSCHULE INSTITUTE OF APPLIED SCIENCES AND TECHNOLOGY,Pakistan,Independent,,HH2026645809190,645809190,PAK-AUSTRIA FACHHOCHSCHULE INSTITUTE OF APPLIED SCIENCES AND TECHNOLOGY,Pakistan,50+
2ec6566d91300a6a8b5698ac5b464ae3,PARAMETRIC TECHNOLOGY ISRAEL LTD.,Israel,Subsidiary,,HH2026175749431,514734623,PARAMETRIC TECHNOLOGY ISRAEL LTD.,Japan,
fb6ea51b7aab82c8b2b1f5f8e2a594f5,PAULA & PAULA ESCRITORIO CONTABIL SS LTDA.,Brazil,Independent,,HH2026899059755,899059755,PAULA & PAULA ESCRITORIO CONTABIL SS LTDA.,Brazil,8
9c6126e0a1493243c26c01505c67bedc,PAULA ELIANI ZERBINATTI FERNANDES,Brazil,Independent,,HH2026825311620,825311620,PAULA ELIANI ZERBINATTI FERNANDES,Brazil,7
4208078f540dfda0bcb1c0447c423762,PEACE WORLD GENERAL TRADING (L.L.C),United Arab Emirates,Parent,,HH2026561322538,561322538,PEACE WORLD GENERAL TRADING (L.L.C),United Arab Emirates,10+
4e13453e374f700e629b4e74bb23ccec,PEOPLE SERVICOS TEMPORARIOS LTDA,Brazil,Parent,,HH2026649254096,649254096,PEOPLE SERVICOS TEMPORARIOS LTDA,Brazil,45+
c3c1a2364319806e23b28f4b3ede6f67,PEOPLE'S AssOCIATION - (COMMUNITY DEVELOPMENT COUNCIL PROJECT FUND MANAGEMENT COMMITTEE),Singapore,Subsidiary,,HH2026595950213,894630065,PEOPLE'S ASSOCIATION - (COMMUNITY DEVELOPMENT COUNCIL PROJECT FUND MANAGEMENT COMMITTEE),Singapore,50+
ff3ea1b2aa32fccb2b65bd86bc7caa4a,PEOPLE'S LEASING & FINANCE PLC,Sri Lanka,Subsidiary,,HH2026659424043,559836769,PEOPLE'S LEASING & FINANCE PLC,Sri Lanka,50+
027aa059b8300626d970577ac3005b88,PERSHING SECURITIES SINGAPORE PRIVATE LIMITED,Singapore,Independent,,HH2026595170591,595170591,PERSHING SECURITIES SINGAPORE PRIVATE LIMITED,Singapore,10+
4a874d96c086241054c018a58f3f49f6,PETROLEUM GEO-SERVICES EXPLORATION (M) SDN. BHD.,Malaysia,Subsidiary,,HH2026562246454,596956771,PETROLEUM GEO-SERVICES EXPLORATION (M) SDN. BHD.,Malaysia,20+
36060aa8f7387a7390cb780902d78f5e,"PFIZER EXPORT B.V., Podruznica Ljubljana",Slovenia,Subsidiary,,HH2026402167592,522486788,"PFIZER EXPORT B.V., Podruznica Ljubljana",Slovenia,500+
ccde691f25161ec286828dba34c555c2,PFIZER GLOBAL PHARMACEUTICALS,Lebanon,Independent,,HH2026557756924,557756924,PFIZER GLOBAL PHARMACEUTICALS,Lebanon,500+
5f65bd8b6e9ae235d090333ebfada595,PFIZER LUXEMBOURG SARL,Luxembourg,Subsidiary,,HH2026402167592,400890935,PFIZER LUXEMBOURG SARL,Luxembourg,500+
5e5c2bd5fa8297bdcdaa509473ed11de,PFIZER PFE ILACLARI ANONIM SIRKETI,Turkey,Subsidiary,,HH2026402167592,533119394,PFIZER PFE ILACLARI ANONIM SIRKETI,Austria,500+
3167f4a800678af7010e52c6a08251a9,PFIZER PHARM ALGERIE,Algeria,Subsidiary,,HH2026402167592,850470183,PFIZER PHARM ALGERIE,Algeria,500+
bea53202281b2282905b281403154bd5,PHILIPPINE NATIONAL RAILWAYS,Philippines,Subsidiary,,HH2026718969538,718690308,PHILIPPINE NATIONAL RAILWAYS,Philippines,20+
e56d0671e0d88e0bec79e24345c91ed5,PHILIPS LIGHTING EGYPT LLC,Egypt,Subsidiary,,HH2026491893287,561223336,PHILIPS LIGHTING EGYPT LLC,Egypt,200+
c3c725dd624e844cd20e6d22d1d67a5d,PHS AUTOHAUS SDN. BHD.,Malaysia,Subsidiary,,HH2026315016295,659310145,PHS AUTOHAUS SDN. BHD.,Malaysia,600+
c351ce2240a713b6392a139c3f988e42,PIERCE CITY R-VI SCHOOL DISTRICT,USA,Parent,,HH2026052277498,52277498,PIERCE CITY R-VI SCHOOL DISTRICT,USA,
97282971e7683b9d34ed1a7d0b64dc1c,PLURAL COMUNICACIONES S A S,Colombia,Independent,,HH2026886019596,886019596,PLURAL COMUNICACIONES S A S,Colombia,20+
5c57eaf61e48528fc3c68181601f4b58,PLUXEE UK LTD,United Kingdom,Subsidiary,,HH2026260184148,771036464,PLUXEE UK LTD,United Kingdom,100+
8687d67317d269f89daaca041a2234ff,"PMG Community Newsgroup, LLC",USA,Subsidiary,,HH2026006366207,799638499,"PMG Community Newsgroup, LLC",USA,
c61f3c833790932e9babeedb321ebf5e,POMONA VALLEY HOSPITAL MEDICAL CENTER,USA,Parent,,HH2026077246197,77246197,POMONA VALLEY HOSPITAL MEDICAL CENTER,USA,24+
77ab69072bb277606f7251084d20212b,POWERFLEET BRASIL LTDA,Brazil,Independent,,HH2026899665432,899665432,POWERFLEET BRASIL LTDA,Brazil,24+
c69e84d25f805300b2f77de04b691192,PRECISELY SOFTWARE BRASIL LTDA.,Brazil,Subsidiary,,HH2026072700198,920100979,PRECISELY SOFTWARE BRASIL LTDA.,Brazil,
c9b9eba4818694bbe91876ea8aeaebca,PREDSTAVNISTVO EGIS INTERNATIONAL,Serbia,Subsidiary,,HH2026277226882,499451165,PREDSTAVNISTVO EGIS INTERNATIONAL,Bahrain,1000+
0c5006352f183023f1a5842e3576bd33,PRINCES HILL PRIMARY SCHOOL,Australia,Subsidiary,,HH2026758591290,758585325,PRINCES HILL PRIMARY SCHOOL,Australia,300+
697cd2c63ae02d130d6fb78ed879ff21,PRINCES READY TO DRINK SPA IN FORMA ABBREVIATO PRINCES RTD SPA,Italy,Subsidiary,,HH2026482717972,428323740,PRINCES READY TO DRINK SPA IN FORMA ABBREVIATO PRINCES RTD SPA,Italy,300+
2d7ad456e0cbdde8069e7ef008e7f1c2,PRINCESS NOURAH BINT ABDULRAHMAN UNIVERSITY,Saudi Arabia,Subsidiary,,HH2026645311044,534640066,PRINCESS NOURAH BINT ABDULRAHMAN UNIVERSITY,Saudi Arabia,300+
0dd8e66e578930327bf782aa73ecdb9b,PROMEDICA INDAIATUBA SERVICOS MEDICOS LTDA,Brazil,Independent,,HH2026899062057,899062057,PROMEDICA INDAIATUBA SERVICOS MEDICOS LTDA,Brazil,500+
80b26741ecb0e212fc26b2cc7e86555e,PROOFPOINT ARGENTINA S.R.L.,Argentina,Independent,,HH2026973403844,973403844,PROOFPOINT ARGENTINA S.R.L.,Argentina,100+
2ea13a7840bb4f6b2caa4e7a6df43141,PRUDENTIAL DO BRASIL SEGUROS SA,Brazil,Subsidiary,,HH2026018300884,902247940,PRUDENTIAL DO BRASIL SEGUROS SA,Brazil,100+
8084b870c57dda30532179abe679b9fa,PRUDENTIAL HOLDINGS LIMITED,United Kingdom,Subsidiary,,HH2026211628409,220614148,PRUDENTIAL HOLDINGS LIMITED,United Kingdom,100+
d6e937c642f13ee3a09ca2e934e13495,PRUDENTIAL HONG KONG LIMITED,Hong Kong,Subsidiary,,HH2026211628409,686498247,PRUDENTIAL HONG KONG LIMITED,Hong Kong,100+
c2aeba1bd3ef76d711518227917a5a15,PRYKARPATTIAOBLENERHO AT,Ukraine,Parent,,HH2026366490014,366490014,PRYKARPATTIAOBLENERHO AT,Ukraine,20+
93cd0fb217a86b3d0e6216f064c05b86,PSACEA State org.,Ukraine,Parent,,HH2026363676046,363676046,PSACEA State org.,Ukraine,5
24e35e3fb8064cd1cddf9a0a6573e911,PT ACCENTURE,Indonesia,Subsidiary,,HH2026985015354,728857723,PT ACCENTURE,Indonesia,1000+
642218f352f12ae5c7fc587a08c3e88e,PT AIA FINANCIAL,Indonesia,Subsidiary,,HH2026663244126,726402584,PT AIA FINANCIAL,Indonesia,500+
b8b1fa7a6c8881b813dca0f49b508181,PT AISAN NASMOCO INDUSTRI,Indonesia,Subsidiary,,HH2026690578364,728851085,PT AISAN NASMOCO INDUSTRI,Indonesia,500+
a1bca0ca4fdc9937c320e9e9248776be,PT ANGLER BIOCHEM LAB,Japan,,,HH2026564544702,564544702,PT ANGLER BIOCHEM LAB,Japan,2000+
9832897a6e005a87bb55b6101cb3411,PT ASURANSI SIMAS JIWA,Indonesia,,,HH2026666867265,726876571,PT ASURANSI SIMAS JIWA,Indonesia,500+
5e77a3ed9a79719d2fa8d885f9ad8248,PT AXA SERVICES INDONESIA,Indonesia,Subsidiary,,HH2026275477800,726591295,PT AXA SERVICES INDONESIA,Indonesia,500+
e35bc7d9c5710525a6f114a46402c9da,PT BANK BNP PARIBAS INDONESIA,Indonesia,Subsidiary,,HH2026276676939,728696550,PT BANK BNP PARIBAS INDONESIA,Indonesia,500+
ed3f55f8161cbe01d19abd90a333b83,PT BANK CENTRAL ASIA TBK,Indonesia,,,HH2026727806122,728656935,PT BANK CENTRAL ASIA TBK,Indonesia,500+
de78d8f9e2ce8a96059b92eed241feb0,PT BANK DBS INDONESIA,Indonesia,Subsidiary,,HH2026894721898,728707597,PT BANK DBS INDONESIA,Indonesia,500+
492bf20482b42fed8dfdc404ce050d88,PT BANK SHINHAN INDONESIA,Indonesia,Subsidiary,,HH2026688290076,728675596,PT BANK SHINHAN INDONESIA,Indonesia,500+
1a888bbf40dd575d4f261bd17708ed7,PT BARAMULTI SUGIH SENTOSA,Indonesia,,,HH2026727205200,728870556,PT BARAMULTI SUGIH SENTOSA,Indonesia,500+
4189331dfa23930f9c5b9fbdb3ccb988,PT BAYER INDONESIA,Indonesia,Subsidiary,,HH2026315034629,728656034,PT BAYER INDONESIA,Indonesia,500+
ab36f3d4a56b10ac8f60a9b143d5cf6f,PT BOEHRINGER INGELHEIM INDONESIA,Indonesia,Subsidiary,,HH2026318099009,728916305,PT BOEHRINGER INGELHEIM INDONESIA,Indonesia,500+
cb9a1de392fa259afbb8d39e7b5b6a2e,PT BUKALAPAK.COM TBK,Indonesia,Parent,,HH2026727543774,727543774,PT BUKALAPAK.COM TBK,Indonesia,500+
746491ee1f56f19555f6a690b88ba72,PT CHAROEN POKPHAND INDONESIA TBK,Indonesia,,,HH2026595206138,728661141,PT CHAROEN POKPHAND INDONESIA TBK,Indonesia,500+
e0aaf650e0d5ff851bcd722049d4e23,PT CILIANDRY ANKY ABADI GROUP,Indonesia,,,HH2026726914091,726914091,PT CILIANDRY ANKY ABADI GROUP,Indonesia,500+
9aceb517134315ef88ff5bc20e31c4c2,PT CORIANT INDONESIA,Indonesia,Subsidiary,,HH2026368400438,727632270,PT CORIANT INDONESIA,Indonesia,500+
c975f5750183ec1b569b26cf57bbaae,PT CUSHMAN & WAKEFIELD INDONESIA,Indonesia,,,HH2026726799318,726798494,PT CUSHMAN & WAKEFIELD INDONESIA,Indonesia,200+
9ef348a2fbf4bccddcf79a366e9c56d,PT DANONE BISCUITS INDONESIA,Indonesia,,,HH2026728857892,728857892,PT DANONE BISCUITS INDONESIA,Indonesia,500+
bfb2391f20c12714b48030c33c8dff85,PT DENTSU INDONESIA,Indonesia,Subsidiary,,HH2026690545991,726414907,PT DENTSU INDONESIA,Indonesia,500+
40d8c66174c5823e2829a2c5c8aa8829,PT DIAGEO,Indonesia,Independent,,HH2026727705951,727705951,PT DIAGEO,Indonesia,200+
77e7254ab024528b1c44052897439996,PT DONGGI SENORO LNG,Indonesia,Subsidiary,,HH2026216596199,726638625,PT DONGGI SENORO LNG,Indonesia,500+
ad451ebca4f01eb412030b995f029cbe,PT ECART SERVICES INDONESIA,Indonesia,Subsidiary,,HH2026864402453,727197951,PT ECART SERVICES INDONESIA,Indonesia,500+
ad916ff4c758cf29a924325e7c49e36f,PT EDEN PANGAN INDONESIA,Indonesia,Subsidiary,,HH2026660000111,660017537,PT EDEN PANGAN INDONESIA,Indonesia,500+
5d01f477b5213f7e27d2fce26ff2fb59,PT ENI INDONESIA,Indonesia,Independent,,HH2026726451412,726451412,PT ENI INDONESIA,Indonesia,500+
f96265f8d053a86462e9b8d989acc328,PT ERHA CLINIC INDONESIA,Indonesia,Subsidiary,,HH2026673314904,727345840,PT ERHA CLINIC INDONESIA,Indonesia,2000+
66c3d3c64b268e6a60019d77018691dc,PT EVOLUTION MEDIA INDONESIA,Indonesia,Independent,,HH2026726918282,726918282,PT EVOLUTION MEDIA INDONESIA,Indonesia,500+
6995da6b3baed56a7c779f721faf49ae,PT FLEXTRONICS TECHNOLOGY INDONESIA,Indonesia,Independent,,HH2026726490725,726490725,PT FLEXTRONICS TECHNOLOGY INDONESIA,Indonesia,1000+
56830f3a3c237c4ab548918f92fa20dc,PT FORE KOPI INDONESIA TBK,Indonesia,Subsidiary,,HH2026659541687,659750290,PT FORE KOPI INDONESIA TBK,Indonesia,500+
e25aa903ef15dd16870f9f53c9dd5cd1,PT GALLEY ADHIKA ARNAWAMA,Indonesia,Independent,,HH2026564505828,564505828,PT GALLEY ADHIKA ARNAWAMA,Indonesia,500+
38a69f11a013dcd3576a6dcb7847f233,PT GLENCORE INDONESIA,Indonesia,Subsidiary,,HH2026217063934,726545291,PT GLENCORE INDONESIA,Indonesia,500+
e4265cd07997e108ec4492c3c04ae5d5,PT GOODRICH PINDAD aeRONAUTICAL SYSTEMS INDONESIA,Indonesia,Subsidiary,,HH2026558257397,726489458,PT GOODRICH PINDAD AERONAUTICAL SYSTEMS INDONESIA,Indonesia,500+
360130e34cee841cafb409d84454714d,PT GOOGLE INDONESIA,Indonesia,Subsidiary,,HH2026079942718,727321643,PT GOOGLE INDONESIA,Indonesia,500+
abeed902f2c8b5cec02da1f513cb9957,PT HALDIN PACIFIC SEMESTA,Indonesia,Parent,,HH2026728815747,728815747,PT HALDIN PACIFIC SEMESTA,Indonesia,500+
474c18d3e8fa36acfdba8d28744d007c,PT HALE INTERNATIONAL,Indonesia,Subsidiary,,HH2026728656802,726911972,PT HALE INTERNATIONAL,Indonesia,35+
6cca757d30781d4f2af74db3ce8d04b9,PT HITACHI SAKTI ENERGY INDONESIA,Indonesia,Subsidiary,,HH2026690541503,660012230,PT HITACHI SAKTI ENERGY INDONESIA,Peru,2000+
b3768329278459658f3aec0384a772b4,PT INABATA INDONESIA,Indonesia,Subsidiary,,HH2026690674932,728667353,PT INABATA INDONESIA,Indonesia,500+
c09aa4dcd8acce27b7e26a2b2011c0c2,PT JONES LANG LASALLE,Indonesia,Subsidiary,,HH2026028781060,726485162,PT JONES LANG LASALLE,Indonesia,2000+
e0912d18f41fc966913c31c6f7f6ee33,PT KHI PIPE INDUSTRIES,Indonesia,Independent,,HH2026726668077,726668077,PT KHI PIPE INDUSTRIES,Indonesia,500+
67e1faa88967083773bb68b35e3e67b2,PT KORN FERRY INTERNATIONAL,Indonesia,Subsidiary,,HH2026052239530,728865374,PT KORN FERRY INTERNATIONAL,Indonesia,100+
13cd3a3e6261088493a456171635b74,PT LEVI STRAUSS INDONESIA,Indonesia,,,HH2026009109273,726587038,PT LEVI STRAUSS INDONESIA,Indonesia,1000+
0d1cb4ae1961380288cfa3cd5411d70f,PT MITRA INDOGUNA YASA,Indonesia,Subsidiary,,HH2026727824661,565151665,PT MITRA INDOGUNA YASA,Indonesia,500+
9d011ba3139e0a27ef7db846a0b43fdf,PT MULTI BINTANG INDONESIA TBK,Indonesia,Subsidiary,,HH2026409856346,728681222,PT. MULTI BINTANG INDONESIA TBK,Indonesia,500+
549a8394c057f4271f8db4b5fa3af3dc,PT NANINDAH MUTIARA SHIPYARD,Indonesia,Subsidiary,,HH2026595116948,728852559,PT NANINDAH MUTIARA SHIPYARD,Indonesia,500+
47fc8b497184b29418689c6e8a691b29,PT NIPPON INDOSARI CORPINDO TBK,Indonesia,Parent,,HH2026726483878,726483878,PT NIPPON INDOSARI CORPINDO TBK,Indonesia,500+
9d6dc482f7de421a55e22241f4617a96,PT NOVARTIS INDONESIA,Indonesia,Subsidiary,,HH2026485609796,728658527,PT NOVARTIS INDONESIA,Indonesia,500+
56973543a00f895bd55e4f2814ffc57d,PT NTT DATA INDONESIA,Indonesia,Subsidiary,,HH2026690626718,727555588,PT NTT DATA INDONESIA,Indonesia,200+
817ebb562ce1f964a555a4666d5e934,PT PEPSI COLA INDOBEVERAGES,Indonesia,,,HH2026726512721,726512721,PT PEPSI COLA INDOBEVERAGES,Indonesia,500+
c009e6f77a0f57a3e05a85018e025d55,PT ROBERT BOSCH,Indonesia,Subsidiary,,HH2026318280815,726700292,PT ROBERT BOSCH,Indonesia,2000+
c9648c41c0f116762685c8bb94d8a3a8,PT SHIELD ON SERVICE TBK,Indonesia,Subsidiary,,HH2026690597281,727096062,PT SHIELD ON SERVICE TBK,Indonesia,500+
1dfb503943682b74186d6add3a88a1e,PT SIEMENS GAMESA RENEWABLE ENERGY,Indonesia,,,HH2026659748772,659748772,PT SIEMENS GAMESA RENEWABLE ENERGY,Indonesia,2000+
af656e244668a31515794b432a82e597,PT SIEMENS INDONESIA,Indonesia,Subsidiary,,HH2026316067164,728671082,PT SIEMENS INDONESIA,Hungary,1000+
66dcf6b5815ff6fa38bb4b992ee3b907,PT SINAR ARTHA INFORINDO,Indonesia,Independent,,HH2026564525552,564525552,PT SINAR ARTHA INFORINDO,Indonesia,500+
b5675d5dc17309985978d2c6a94810f9,PT SOLUSI BANGUN INDONESIA TBK,Indonesia,Subsidiary,,HH2026728851887,728672643,PT SOLUSI BANGUN INDONESIA TBK,Indonesia,500+
e746cdde04bb141fc4e4d10da65bd41,PT THE NIELSEN COMPANY INDONESIA,Indonesia,,,HH2026220634233,726404937,PT THE NIELSEN COMPANY INDONESIA,Indonesia,100+
805e813d808253b82fa1b0988db210d3,PT TOYOTA TSUSHO INDONESIA,Indonesia,Subsidiary,,HH2026690537790,728862181,PT TOYOTA TSUSHO INDONESIA,Indonesia,500+
7600757eef9f0bfbe4e4d0f5d8bfffd7,PT UNITED TRACTORS PANDU ENGINEERING,Indonesia,Subsidiary,,HH2026875632531,728691452,PT UNITED TRACTORS PANDU ENGINEERING,Indonesia,50+
599abf598beebb750c461ad325d9d3a,PT UNIVERSAL TEKNO REKSAJAYA,Indonesia,,,HH2026875632531,727118684,PT UNIVERSAL TEKNO REKSAJAYA,Indonesia,500+
36eda710547aaecb412caef39d6d9fdb,PT VIDIO DOT COM,Indonesia,Subsidiary,,HH2026728828385,659750908,PT VIDIO DOT COM,Indonesia,500+
9720c4b578aefc6e332f8eee0ea54b6c,PT WAPINDO JASAARTHA,Indonesia,Subsidiary,,HH2026666867265,726855708,PT WAPINDO JASAARTHA,Indonesia,500+
7f600db17a948fdef945a9846f988c0c,PT WIJAYA KARYA INDUSTRI & KONSTRUKSI,Indonesia,Subsidiary,,HH2026728851887,726635183,PT WIJAYA KARYA INDUSTRI & KONSTRUKSI,Indonesia,500+
4cdc65b53e6787a533b64c9aaaba3a32,PT aeON CREDIT SERVICE INDONESIA,Indonesia,Subsidiary,,HH2026690864087,726583789,PT AEON CREDIT SERVICE INDONESIA,Indonesia,500+
82ab63de7287e2e6b4b3f07c0398ccf8,PV Commerce GmbH,Germany,Subsidiary,,HH2026329733211,313407356,PV Commerce GmbH,Germany,35+
2e22181bcfaff380995e2657b8fc30d5,Palo Verde Unified School District,USA,Parent,,HH2026086585916,86585916,Palo Verde Unified School District,USA,1000+
5edbdb2c6efded9c8dfab1e548af5c91,Peace Wapiti School Division No.76,Canada,Parent,,HH2026250145893,250145893,Peace Wapiti School Division No.76,Canada,10+
fe8c4627c3f31d3beca1ab07a1e17793,"People With Developmental Disabilities, New York State Office for",USA,Subsidiary,,HH2026041002973,44415979,OPWDD,USA,45+
98401fe18f2a3807368681c232dbc5f,Performance Driven Workforce LLC,USA,,,HH2026080048483,80048483,Performance Driven Workforce LLC,USA,1000+
b734e8353c7977037835c4e6499bea6f,Performance Foods Corp,USA,Parent,,HH2026101511335,101511335,Performance Foods Corp,USA,
51423a3b5294166c4045239347afa8a7,PerkinElmer GmbH,Germany,Subsidiary,,HH2026118909786,344316090,PerkinElmer GmbH,Germany,200+
6efc9ee1e748fcb44b5c3a9dba9f0ea2,Pfizer BH d.o.o. Sarajevo,Bosnia and Herzegovina,Subsidiary,,HH2026402167592,360185234,"""Pfizer BH"" d.o.o. Sarajevo",Bosnia and Herzegovina,500+
5c44049513f568188423e5909bc4c13d,"Philips Lighting Caribbean, Inc.",Panama,Subsidiary,,HH2026404553448,816805958,"Philips Lighting Caribbean, Inc.",Panama,200+
ef8d7f23ec788b74024193efd1682a72,Placer Hills Union School District,USA,Parent,,HH2026013414115,13414115,Placer Hills Union School District,USA,10+
6dea02dfdd78930d5751940698f06d4,Planned Parenthood of Michigan,USA,,,HH2026074212002,74212002,Planned Parenthood of Michigan,USA,8
69db8e7832498d640fc2444a441aa238,Plymouth Rd Christian Academy,USA,Independent,,HH2026556051852,556051852,Plymouth Rd Christian Academy,USA,200+
dbbdb28d7e13b83c88f4e0072ce9a977,Pocono Mountain School District,USA,Parent,,HH2026073662355,73662355,Pocono Mountain School District,USA,500+
0380152e30db065f8357eee9f76600c4,Point Biopharma Corp,Canada,Subsidiary,,HH2026006421325,208969973,Point Biopharma Corp,Canada,50+
99b5e7b5c4e55964ef72ba01ebb85c72,Point Lisas Nitrogen Limited,Trinidad and Tobago,Independent,,HH2026857267322,857267322,Point Lisas Nitrogen Limited,Trinidad and Tobago,50+
fa561586890d6576366ab75362852881,"Porch.com, Inc.",USA,Subsidiary,,HH2026117321994,62069936,"Porch.com, Inc.",USA,35+
43dab16efb155df0634b57bb1ccf61a0,Princes Gates Hotel Limited Partnership,Canada,Independent,,HH2026259773807,259773807,Princes Gates Hotel Limited Partnership,Canada,200+
24579b452fc814b6bf7992da57edf76d,"ProCare, a.s.",Slovakia,Subsidiary,,HH2026534525388,888666554,"ProCare, a.s.",Slovakia,15+
52777b68f8495ace0b8db6095c128699,"Prosper, Inc.",USA,Independent,,HH2026614381981,614381981,"Prosper, Inc.",USA,10+
9c4231776af78c6daa44863c73dc703e,"Providence Group of California, LLC",USA,Subsidiary,,HH2026144978927,116866290,"Providence Group of California, LLC",USA,2000+
8db7f41f4b5f9df731bf4abcd524419f,"Pru - One, Inc.",USA,Parent,,HH2026054264908,54264908,"Pru - One, Inc.",USA,100+
3d81ac101f3900c6b95a5a3904b6fd16,"Prudential Protective Services, LLC",USA,Parent,,HH2026020123800,20123800,"Prudential Protective Services, LLC",USA,100+
7b807354cdfc10fb15c01a115e112a7e,Pta CA Congress of Prnts,USA,Independent,,HH2026071572954,71572954,Pta CA Congress of Prnts,USA,2000+
5cef8686d956ef888d7af2c5ba05ac5e,"Q2 Software, Inc.",USA,Subsidiary,,HH2026808101468,364272315,"Q2 Software, Inc.",USA,45+
df9bc6b5a9c86fe7589557f4b5b1ddc6,QUINTILES TREASURY UKEIG,United Kingdom,Independent,,HH2026215588116,215588116,QUINTILES TREASURY UKEIG,United Kingdom,1000+
6b7b79697428c4379ab3ecf0c39dbb18,"Quality Health Services Of Puerto Rico, Inc.",USA,Independent,,HH2026090591082,90591082,"Quality Health Services Of Puerto Rico, Inc.",USA,2000+
4b1bbb0adda4f766c5588f878693cd38,R C A INFORMATICA LTDA,Brazil,Independent,,HH2026898047890,898047890,R C A INFORMATICA LTDA,Brazil,15+
e68170969c4b291b99ae50d1485b806c,R.& J.M.PLACE LIMITED,United Kingdom,Subsidiary,,HH2026211251641,219080835,R.& J.M.PLACE LIMITED,United Kingdom,400+
03cf7ca1b4486c273c0a023327832761,R.J. Acquisition Corp.,USA,Parent,,HH2026067754929,67754929,R.J. Acquisition Corp.,USA,10+
f01438d982ebef80e5cd86da8acb298f,RAKUTEN COMMUNICATIONS CORP.,Japan,Subsidiary,,HH2026693928991,691740963,楽天コミュニケーションズ株式会社,Japan,15+
9ea51b8e0564b74b7206ba30ad60bfcc,"RAKUTEN STAY, INC.",Japan,Independent,,HH2026693348952,693348952,楽天ステイ株式会社,Japan,15+
8894d1ca2aa7f74cf6838e55d4d22165,RAKUTEN TOKYU PLANNING K.K.,Japan,Independent,,HH2026718417262,718417262,楽天東急プランニング株式会社,Japan,15+
4e07a932bbcf7835e3d401845ea33b31,RAKUTEN TRADE SDN. BHD.,Malaysia,Independent,,HH2026534416432,534416432,RAKUTEN TRADE SDN. BHD.,Malaysia,15+
f597ef3aebad851c2b6982f8e414aaaf,RAKUTEN TRAVEL SINGAPORE PTE. LTD.,Hong Kong,Subsidiary,,HH2026693928991,663952483,RAKUTEN TRAVEL SINGAPORE PTE. LTD.,Hong Kong,15+
5487c75e51599099bb80a649b6a96bde,RAKUTEN TRAVEL SINGAPORE PTE. LTD. - PHILIPPINES REPRESENTATIVE OFFICE,Philippines,Independent,,HH2026721961910,721961910,RAKUTEN TRAVEL SINGAPORE PTE. LTD. - PHILIPPINES REPRESENTATIVE OFFICE,Philippines,15+
5845c756fab94776f3261a4b56b5531a,RAMP SALES CORPORATION,India,Independent,,HH2026853111857,853111857,RAMP SALES CORPORATION,India,100+
b7e01c10c3e2859d12c70f381cc0b0dc,REDION INSURANCE PTY LTD,Australia,Independent,,HH2026742978034,742978034,REDION INSURANCE PTY LTD,Australia,20+
d3cc5ad01cc303dd782e3804b1ab53c0,REFINITIV ITALY HOLDING SPA,Italy,Subsidiary,,HH2026345594209,338704734,REFINITIV ITALY HOLDING SPA,Italy,500+
36b9f123d263d55f3118aded87be1d41,REFINITIV ROMANIA S.R.L.,Romania,Independent,,HH2026566831055,566831055,REFINITIV ROMANIA S.R.L.,Romania,500+
0f7bf4f6998c4ac8f24e7739dbfb5fff,REGIS RESORTS AND INFRA PRIVATE LIMITED,India,Independent,,HH2026878293028,878293028,REGIS RESORTS AND INFRA PRIVATE LIMITED,India,3
ad3f95651f7d1d56fe0ff2fb82969680,RELIABLE COMPANY LIMITED,Fiji,Independent,,HH2026631184952,631184952,RELIABLE COMPANY LIMITED,Fiji,50+
93ef9c78e216bfd54885424d09a68025,RELIABLE EFFICIENT SOLUTIONS (PTY) LTD,South Africa,Independent,,HH2026597428719,597428719,RELIABLE EFFICIENT SOLUTIONS (PTY) LTD,South Africa,50+
441060a09dae48dc16a2291ebfa808cb,RELX TRADING AUSTRALIA PTY LIMITED,Australia,Subsidiary,,HH2026210244596,750846123,RELX TRADING AUSTRALIA PTY LIMITED,Australia,500+
59c78dda7f55c466e9191c582f94ded8,REP BRASIL SERVICO DE TECNOLOGIA LTDA,Brazil,Independent,,HH2026629448541,629448541,REP BRASIL SERVICO DE TECNOLOGIA LTDA,Brazil,50+
d6e121fa65a717f960fd12dc71605d04,REV 3 VILA MATILDE MB DESENVOLVIMENTO IMOBILIARIO SPE LTDA.,Brazil,Subsidiary,,HH2026901223770,967121665,REV 3 VILA MATILDE MB DESENVOLVIMENTO IMOBILIARIO SPE LTDA.,Brazil,2
77fc4d99bea1985f2fa47c94f511cc43,REV INTERACTIVE SDN. BHD.,Malaysia,Independent,,HH2026660144380,660144380,REV INTERACTIVE SDN. BHD.,Malaysia,2
340e5fbabff85ce4064e0437f212c2a8,"REZENDE ANDRADE, LAINETTI SOCIEDADE DE ADVOGADOS",Brazil,Independent,,HH2026903324027,903324027,"REZENDE ANDRADE, LAINETTI SOCIEDADE DE ADVOGADOS",Brazil,50+
8ec101a4f12fc5d0180d0d589d3db977,RICHEMONT HOLDINGS (UK) LIMITED,United Kingdom,Subsidiary,,HH2026482040540,569484512,RICHEMONT HOLDINGS (UK) LIMITED,United Kingdom,1000+
6872b92edbe126b7caef09dfaaf1101f,RIGHT DIRECTION HOLDINGS (PTY) LTD,South Africa,Independent,,HH2026654640417,654640417,RIGHT DIRECTION HOLDINGS (PTY) LTD,South Africa,30+
ae03acb609912eb117d036e76875cc98,RIGHT TIGHT FASTNERS PRIVATE LIMITED,India,Parent,,HH2026915785237,915785237,RIGHT TIGHT FASTNERS PRIVATE LIMITED,India,30+
5b93b62646c6dc6b1d25bf7fc1132175,RL SORVETES ARTESANAIS LTDA,Brazil,Parent,,HH2026945387841,945387841,RL SORVETES ARTESANAIS LTDA,Brazil,20+
60b6543916aba64e9ae2824cc1dda148,ROBERT BOSCH SOCIEDAD ANONIMA,Paraguay,Subsidiary,,HH2026318280815,955010256,ROBERT BOSCH SOCIEDAD ANONIMA,Paraguay,100+
b8aee766e84602db5eef2c0a1e91eb46,ROBERT BOSCH SPA,Italy,Subsidiary,,HH2026318280815,430252445,ROBERT BOSCH SPA,Italy,2000+
e3d4dbcca4ccebb6e0f19dacba5ff6a2,ROCHESTER & ELMORE DISTRICT HEALTH SERVICE,Australia,Independent,,HH2026740320668,740320668,ROCHESTER & ELMORE DISTRICT HEALTH SERVICE,Australia,1000+
606fd09e7fde8ee0a511724f9925d05a,ROCHESTER DISTRIBUIDORA DE AUTO PECAS SA,Brazil,Subsidiary,,HH2026912327939,899006548,ROCHESTER DISTRIBUIDORA DE AUTO PECAS SA,Brazil,1000+
4d62d363baab11c381dbb52c75e7b9f6,ROCHESTER-GENESEE REGIONAL TRANSPORTATION AUTHORITY,USA,Parent,,HH2026073669749,73669749,ROCHESTER-GENESEE REGIONAL TRANSPORTATION AUTHORITY,USA,1000+
09d85b1ede0450095497e684b4745b8a,RSM ACAL AUDITORES INDEPENDENTES SS,Brazil,Parent,,HH2026898164185,898164185,RSM ACAL AUDITORES INDEPENDENTES SS,Brazil,500+
e8ffb6b870325c9c8a221739d1225971,RSM AR S.A.,Argentina,Independent,,HH2026979580920,979580920,RSM AR S.A.,Argentina,500+
eefef7cbd16050ebf6c9d3091d593f96,RSM BRASIL CONSULTORIA EMPRESARIAL LTDA,Brazil,Parent,,HH2026897842046,897842046,RSM BRASIL CONSULTORIA EMPRESARIAL LTDA,Brazil,500+
8019ae35f209dbc126e5c60c4c5a58f5,RSM SSEBB SERVICOS ESPECIALIZADOS EM SAUDE LTDA,Brazil,Independent,,HH2026923415682,923415682,RSM SSEBB SERVICOS ESPECIALIZADOS EM SAUDE LTDA,Brazil,500+
c979c2548fb1f6e69d369ce2c7ae21e8,RUMAH SAKIT KANKER DHARMAIS,Indonesia,Subsidiary,,HH2026728851887,646696465,RUMAH SAKIT KANKER DHARMAIS,Indonesia,10+
472cfd8c2be4a16338b8a64ef11870ff,RUMAH SAKIT UMUM DAERAH DR. SOETOMO,Indonesia,Subsidiary,,HH2026728851887,726951481,RUMAH SAKIT UMUM DAERAH DR. SOETOMO,Indonesia,10+
fc1a97f0e813fd4596f1199c4bb96a74,RUMAH SAKIT UMUM PUSAT PERSAHABATAN,Indonesia,Subsidiary,,HH2026728851887,726403293,RUMAH SAKIT UMUM PUSAT PERSAHABATAN,Indonesia,10+
b5cc63021bdea3b33f9e2b9a42b7d070,"RXO Capacity Solutions, LLC",USA,Subsidiary,,HH2026118819423,78467606,"RXO Capacity Solutions, LLC",USA,300+
e9fb6d464aa7c00332b717ebc2a8d9d1,Raleigh & Ron Corporation,USA,Parent,,HH2026098680457,98680457,Raleigh & Ron Corporation,USA,10
c43ea5f447482f3fcb5f5a7dd8ccb610,"Reliable Management Solutions, LLC",USA,Parent,,HH2026078796128,78796128,"Reliable Management Solutions, LLC",USA,50+
022db89bf13bb38e5cefcbee6bbac8e0,Retail Ventures Services Inc.,USA,Subsidiary,,HH2026046424990,828321401,Retail Ventures Services Inc.,USA,
d0167c461a7941b6b185ce36a4222c81,Richmond Burton Community High School District,USA,Independent,,HH2026074570466,74570466,Richmond Burton Community High School District,USA,1
35c7732df700bc8a8f81e09fc353c7bc,Ripple Rock Elementary,Canada,Independent,,HH2026242041393,242041393,Ripple Rock Elementary,Canada,100+
bfe3f679b86a3d82c2025db1259592dc,"Risepoint, Llc",USA,Parent,,HH2026042316483,42316483,"Risepoint, Llc",USA,20+
a0e96f6a94c03e9e3f175c9c8e96f302,Riverside County Education Academy,USA,Independent,,HH2026080039558,80039558,Riverside County Education Academy,USA,600+
8967139275a4238fa4788a71b7e87ced,Robert Bosch Krankenhaus GmbH,Germany,Subsidiary,,HH2026318280815,318280823,Robert Bosch Krankenhaus GmbH,Germany,2000+
20428513b7019eb78f54141bc5e1586a,"Robert W. Woodruff Arts Center, Inc.",USA,Parent,,HH2026069177194,69177194,"Robert W. Woodruff Arts Center, Inc.",USA,50+
0738e22d6626e41795d584e7745699ba,Rochester Area School District,USA,Parent,,HH2026056474455,56474455,Rochester Area School District,USA,1000+
5c45cdf48549f4e11d263a5bde8703a0,Rochester City School District,USA,Parent,,HH2026114058175,114058175,Rochester City School District,USA,1000+
bc971fdf6ecc587626cf0fa4069baa62,Rochester Institute of Technology,USA,Parent,,HH2026002223642,2223642,Rochester Institute of Technology,USA,1000+
a15b7a774573b994fdff3b08abd3c12e,"Rochester Linoleum And Carpet Center, Inc.",USA,Parent,,HH2026013132923,13132923,"Rochester Linoleum And Carpet Center, Inc.",USA,1000+
0ffe7b17b482ce517cb9e459c6856705,Rochester Memorial School,USA,Parent,,HH2026100034131,100034131,Rochester Memorial School,USA,1000+
78617d19a46942b427145b56669f4487,"Rush Administrative Services, Inc.",USA,Subsidiary,,HH2026062124110,67598271,"Rush Administrative Services, Inc.",USA,100+
38c2941a8f1924c3d11d3444ded10a64,S.V. INFORMATICA LTDA,Brazil,Independent,,HH2026904938339,904938339,S.V. INFORMATICA LTDA,Brazil,1000+
df61bcfb9f8e6352da836f617324396c,SAFICON INDUSTRIAL EQUIPMENT (PTY) LTD,South Africa,Parent,,HH2026538620311,538620311,SAFICON INDUSTRIAL EQUIPMENT (PTY) LTD,Japan,
ddcef432727e7f6da7d1c750cfdd7ba8,SAINT FRANCIS HEALTH,USA,Independent,,HH2026058732528,58732528,SAINT FRANCIS HEALTH,USA,500+
474d86224fb0747ccc1b85fe23d3a18a,SAINT FRANCIS HOSPICE,United Kingdom,Parent,,HH2026289039430,289039430,SAINT FRANCIS HOSPICE,United Kingdom,500+
0f9387b5fae6c0cb2f331da98481e870,SAINT MARY'S COLLEGE OF CALIFORNIA,USA,Parent,,HH2026076526599,76526599,SAINT MARY'S COLLEGE OF CALIFORNIA,USA,500+
57c5f1740ec2042acc39cbccdb6df463,SALISBURY HEIGHTS PRIMARY SCHOOL,Australia,Independent,,HH2026740050727,740050727,SALISBURY HEIGHTS PRIMARY SCHOOL,Australia,30+
f474e514075723b1bf9b1bf96fcf9cf6,SAMSUNG C&T (KL) SDN. BHD.,Malaysia,Subsidiary,,HH2026689472082,652769118,SAMSUNG C&T (KL) SDN. BHD.,Malaysia,600+
dac6aba3ecfcb6367f07c62b1f23b1ae,SAMSUNG CAMBRIDGE SOLUTION CENTRE LIMITED,United Kingdom,Subsidiary,,HH2026489236852,218602924,SAMSUNG CAMBRIDGE SOLUTION CENTRE LIMITED,United Kingdom,600+
b69be917830a0dd8a355dc0a0a7093f,SAMSUNG ELECTRO-MECHANICS PHILIPPINES CORPORATION,Philippines,,,HH2026687771774,718833668,SAMSUNG ELECTRO-MECHANICS PHILIPPINES CORPORATION,Philippines,600+
bb9525904cedcae46052e25a4d6ae6e2,"SAMSUNG ELECTRONICS H.K. COMPANY, LIMITED",Hong Kong,Subsidiary,,HH2026687967554,686416256,"SAMSUNG ELECTRONICS H.K. COMPANY, LIMITED",Hong Kong,600+
79663c761f8a742e4bfcdb447883956e,SAMSUNG JAPAN CORPORATION,Japan,Subsidiary,,HH2026687967554,690890371,日本サムスン株式会社,Japan,600+
f130a84460a82949ba60f1d277109227,SAMSUNG SEMICONDUCTOR INC,USA,Independent,,HH2026058519126,58519126,SAMSUNG SEMICONDUCTOR INC,USA,600+
413557753d42f849e819829d4d624926,"SANDVIK MINING AND CONSTRUCTION KAZAKHSTAN LTD, TOO",Kazakhstan,Subsidiary,,HH2026353937758,685304355,"SANDVIK MINING AND CONSTRUCTION KAZAKHSTAN LTD, TOO",Kazakhstan,300+
f7029c466054be68eee2fa40cdbeb572,SANDVIK MINING AND ROCK TECHNOLOGY INDIA PRIVATE LIMITED,India,Subsidiary,,HH2026353937758,861530867,SANDVIK MINING AND ROCK TECHNOLOGY INDIA PRIVATE LIMITED,India,400+
ebf6bd957cde1bc95ed3763e15980a70,SANDVIK SERVICES LIMITED,Peru,,,HH2026353937758,220278334,SANDVIK SERVICES LIMITED,Peru,300+
06799c83dd2e3de071ab823a82a8f907,SANDVIK SUHJUN LTD.,Korea,Subsidiary,,HH2026353937758,687901397,SANDVIK SUHJUN LTD.,Korea,400+
ba646b5803008b2a778fc82acc64b7d2,SANDVIK Utbildnings AB,Sweden,Subsidiary,,HH2026353937758,355811001,SANDVIK Utbildnings AB,Sweden,300+
bd11eff08bc7e1548a6e94ae88bfda57,SANDVIK-BULGARIA EOOD,Bulgaria,Subsidiary,,HH2026353937758,552650483,SANDVIK-BULGARIA EOOD,Bulgaria,300+
c0f8cfb9e7221340bd9c967260e458db,SANFORD SCHOOL OF MEDICINE OF THE UNIVERSITY OF SOUTH DAKOTA RESIDENCYCORPORATION,USA,Independent,,HH2026964068469,964068469,SANFORD SCHOOL OF MEDICINE OF THE UNIVERSITY OF SOUTH DAKOTA RESIDENCYCORPORATION,USA,2000+
634299f051d6a84c36545a71552fd3c6,SANOFI - AVENTIS DEL ECUADOR S.A.,Ecuador,Subsidiary,,HH2026739980787,935254128,SANOFI - AVENTIS DEL ECUADOR S.A.,Ecuador,24+
9eb610d3e7385838c4aeb1244d1a48d3,SANOFI AVENTIS ALGERIE,Algeria,Subsidiary,,HH2026739980787,561206308,SANOFI AVENTIS ALGERIE,Algeria,50+
2610614e21ced04248e5552c07bd5dd,SANOFI AVENTIS GROUP JORDAN,Jordan,,,HH2026739980787,534686154,SANOFI AVENTIS GROUP JORDAN,Jordan,100+
b75529f9c79389e1b7cb427ba2686349,SANOFI AVENTIS TUNISIE,Tunisia,Subsidiary,,HH2026739980787,363017953,SANOFI AVENTIS TUNISIE,Tunisia,100+
af44a9839dea28f0954c2dcecf0e35ec,SANOFI LANKA LIMITED,Sri Lanka,Subsidiary,,HH2026739980787,561798727,SANOFI LANKA LIMITED,Sri Lanka,24+
c056d24b7430ae1676e17f20c4f6152,SANOFI SAGLIK URUNLERI LIMITED SIRKETI,Turkey,,,HH2026739980787,534977475,SANOFI SAGLIK URUNLERI LIMITED SIRKETI,Turkey,100+
ff52259d4357cc61f6f7480cff1581fc,SANOFI SYTHELABO KENYA LIMITED,Kenya,Independent,,HH2026565453144,565453144,SANOFI SYTHELABO KENYA LIMITED,Kenya,100+
bf13776747ad49113e710c13712158a8,SANOFI-AVENTIS LIBAN SAL,Lebanon,Subsidiary,,HH2026739980787,557640831,SANOFI-AVENTIS LIBAN SAL,Lebanon,100+
d092e3d7a58ba9efa4c34e6e8705c94e,SANTANDER BRASIL GESTAO DE RECURSOS LTDA.,Brazil,Independent,,HH2026899549983,899549983,SANTANDER BRASIL GESTAO DE RECURSOS LTDA.,Brazil,1000+
89e46a3f246407a2ca2146b7894db918,"SANTANDER GLOBAL TECHNOLOGY AND OPERATIONS, SL - SUCURSAL EM PORTUGAL",Portugal,Independent,,HH2026337522059,337522059,"SANTANDER GLOBAL TECHNOLOGY AND OPERATIONS, SL - SUCURSAL EM PORTUGAL",Portugal,500+
be04c944608e1f6a3876739747267491,SAP FIONEER SOUTH AFRICA (PTY) LTD,South Africa,Independent,,HH2026933271750,933271750,SAP FIONEER SOUTH AFRICA (PTY) LTD,South Africa,50+
5137e108be0c7dd54d1e705bf5440e6b,SAP MIDDLE EAST & NORTH AFRICA LLC,Pakistan,Independent,,HH2026983918585,983918585,SAP MIDDLE EAST & NORTH AFRICA LLC,Pakistan,50+
9690f9db63bf5245da799041add86a87,SAS SP Z O O,Poland,Parent,,HH2026367504086,367504086,SAS SP Z O O,Poland,1000+
b6566ce0b636aef37f3f81386232b3bd,SAUFLON CL LIMITED,United Kingdom,Subsidiary,,HH2026225360318,222196185,SAUFLON CL LIMITED,United Kingdom,20+
b3bd70e0f68252a355270507a35dc20b,SCALEWAY,France,Subsidiary,,HH2026500769252,396462249,SCALEWAY,France,35+
a1c968c88a67c901e9cf53fadbb3ff1d,"SCL HOME HEALTH, LLC",USA,Independent,,HH2026074959723,74959723,"SCL HOME HEALTH, LLC",USA,1000+
401eb128d5fcabb9b4dbe2d4c123a290,SCOR Switzerland AG,Switzerland,Subsidiary,,HH2026275359362,481546690,SCOR Switzerland AG,Switzerland,5
5c2ac28ae0f1ce8b8dffa16c346defe1,SE Tylose Holding GmbH,Germany,Subsidiary,,HH2026690570064,331704226,SE Tylose Holding GmbH,Germany,50+
7712fe8ffe2efe94a66a746fed324d8,SECURITAS IRELAND HOLDING LIMITED,Ireland,,,HH2026355790924,986123967,SECURITAS IRELAND HOLDING LIMITED,Ireland,20+
5c6c7e6a5dfeb6032dde8c13ccd34905,SEM Resort Limited Partnership,Canada,Independent,,HH2026205666162,205666162,SEM Resort Limited Partnership,Canada,100+
b37dec9e9cf7ca09a5c835754cce0232,SEQIRUS (NZ) LIMITED,New Zealand,Subsidiary,,HH2026753243823,590290888,SEQIRUS (NZ) LIMITED,New Zealand,100+
e053fcb186d1e123d5fd165ca1bea17b,SEQIRUS LIMITED,United Kingdom,Subsidiary,,HH2026753243823,220908323,SEQIRUS LIMITED,United Kingdom,1000+
54fb031dddf0a9543305290d63c10bb,SERV BRASILEIRO DE APOIO AS MICRO E PEQUENAS EMPRESAS,Brazil,,,HH2026899304323,899304323,SERV BRASILEIRO DE APOIO AS MICRO E PEQUENAS EMPRESAS,Brazil,35+
707ce4fa318f602703576820552e508b,SHIN KITANO JUNIOR HIGH SCHOOL,Japan,Subsidiary,,HH2026694583782,712638522,大阪市立新北野中学校,Japan,500+
582199dcf9483514b70066fe00cca212,SHIN-ETSU HANDOTAI EUROPE LIMITED,United Kingdom,Subsidiary,,HH2026690570064,229099635,SHIN-ETSU HANDOTAI EUROPE LIMITED,United Kingdom,500+
51115417b7e3e3dce53d1d73069b823,SIEMENS AG 2EME LICENCE GSM,Morocco,,,HH2026354119571,354119571,SIEMENS AG 2EME LICENCE GSM,Morocco,1000+
f8ab50018d39180714afbc795ba6d270,SIEMENS AKTIENGESELLSCHAFT OSTERREICH AD - PREDSTAVNISTVO PODGORICA,Montenegro,Independent,,HH2026533069553,533069553,SIEMENS AKTIENGESELLSCHAFT OSTERREICH AD - PREDSTAVNISTVO PODGORICA,Montenegro,1000+
7423600710f940e7aed16765a9f680ed,SIEMENS ENERGY INDUSTRIAL TURBOMACHINERY LIMITED,United Kingdom,Subsidiary,,HH2026313797467,734656551,SIEMENS ENERGY INDUSTRIAL TURBOMACHINERY LIMITED,United Kingdom,2000+
a497017135ef6a593b5b721319baa212,SIEMENS ENERGY POWER AND INDUSTRIAL APPLICATIONS LTDA.,Brazil,Subsidiary,,HH2026313797467,901242693,SIEMENS ENERGY POWER AND INDUSTRIAL APPLICATIONS LTDA.,Brazil,2000+
50e2646f821ab9b9708563772a0493df,SIEMENS ENERGY PTE. LTD.,Singapore,Subsidiary,,HH2026313797467,659293625,SIEMENS ENERGY PTE. LTD.,Singapore,1000+
4fd607d689818ba88e87f3bb1f184edc,SIEMENS EOOD,Bulgaria,Subsidiary,,HH2026316067164,499443745,SIEMENS EOOD,Bulgaria,1000+
87fb530fe978af8120cf48d71606afad,SIEMENS GAMESA RENEWABLE ENERGY BLADES,Morocco,Subsidiary,,HH2026313797467,354222776,SIEMENS GAMESA RENEWABLE ENERGY BLADES,Morocco,2000+
ce97d5d0627e2590b80521d151e5392a,SIEMENS GAMESA RENEWABLE ENERGY SINGLE MEMBER ANONYMI ETERIA,Greece,Subsidiary,,HH2026313797467,499779291,SIEMENS GAMESA RENEWABLE ENERGY SINGLE MEMBER ANONYMI ETERIA,Greece,300+
58669b079ebceebce675f18b129030f3,SIEMENS HEALTHCARE SP Z O O,Poland,Subsidiary,,HH2026316067164,427459437,SIEMENS HEALTHCARE SP Z O O,Poland,1000+
e265e4c09e8b1aaac8ee45814dda46fd,SIEMENS INDUSTRY SOFTWARE,Morocco,Subsidiary,,HH2026316067164,354065150,SIEMENS INDUSTRY SOFTWARE,Morocco,1000+
4825cc18e000b1531121a3a9a3a7e89b,SIEMENS INDUSTRY SOFTWARE Limited,Austria,Subsidiary,,HH2026316067164,301472762,SIEMENS INDUSTRY SOFTWARE Limited,United Kingdom,1000+
9bbbd79f2e94080226de5a3ce6707af5,SIEMENS INDUSTRY SOFTWARE SRL,Romania,Subsidiary,,HH2026316067164,682144985,SIEMENS INDUSTRY SOFTWARE SRL,Romania,1000+
d12105a6d7d50e1cdddb07817adac55b,SIEMENS LIMITED LIABILITY COMPANY,Uzbekistan,,,HH2026366460744,366460744,SIEMENS LIMITED LIABILITY COMPANY,Uzbekistan,1000+
587c918d1f71bb0636d568bbedf864ce,SIEMENS PLC,United Kingdom,Subsidiary,,HH2026316067164,216041988,SIEMENS PLC,United Kingdom,1000+
ba97f4ebef3c97c1cbd0f9d39a1f16fa,SIEMENS PROCESS SYSTEMS ENGINEERING LIMITED,United Kingdom,Subsidiary,,HH2026316067164,378758304,SIEMENS PROCESS SYSTEMS ENGINEERING LIMITED,United Kingdom,1000+
fc236d1f23d4813dfaebf7abd39fd083,SIEMENS RAIL AUTOMATION SAU,Spain,Subsidiary,,HH2026316067164,462027319,SIEMENS RAIL AUTOMATION SAU,Spain,1000+
0aeddccc6e53f116114e011513d52de4,SIEMENS d.o.o. MOSTAR,Bosnia and Herzegovina,Independent,,HH2026672727794,672727794,SIEMENS d.o.o. MOSTAR,Bosnia and Herzegovina,1000+
e3f401c780176fcbad286d981f6c630a,SIGNIFY ALGERIE,Algeria,Subsidiary,,HH2026491893287,362830800,SIGNIFY ALGERIE,Algeria,200+
c029f3328b732a18e91490c58f35b175,SIGNIFY AYDINLATMA TICARET ANONIM SIRKETI,Turkey,Subsidiary,,HH2026491893287,533116774,SIGNIFY AYDINLATMA TICARET ANONIM SIRKETI,Turkey,200+
21361a50be9a4caac07882460637cf1b,SIGNIFY BANGLADESH LIMITED,Bangladesh,Subsidiary,,HH2026404553448,731655598,SIGNIFY BANGLADESH LIMITED,Bangladesh,200+
21b2778b8c16e575cf6d58f4329abc64,SIGNIFY COLOMBIANA S A S,Colombia,Subsidiary,,HH2026491893287,884966183,SIGNIFY COLOMBIANA S A S,Colombia,200+
63e9b9c1a415c90bfcc40b5766a3e985,SIGNIFY INTERNATIONAL B.V.,Israel,Subsidiary,,HH2026491893287,532281708,SIGNIFY INTERNATIONAL B.V.,Israel,200+
61863090e32fa393158fe1fba0ce08ec,SIGNIFY INTERNATIONAL B.V. - BULGARIA BRANCH KCHT,Bulgaria,Subsidiary,,HH2026491893287,507421769,SIGNIFY INTERNATIONAL B.V. - BULGARIA BRANCH KCHT,Bulgaria,200+
a5e6a9066d9fd1ea38bdc9ac329c7c1d,SIGNIFY ITALY SPA,Italy,Subsidiary,,HH2026491893287,428589261,SIGNIFY ITALY SPA,Italy,200+
b2543919ab83545a666c85eaee6f332b,SIGNIFY MAROC,Morocco,Subsidiary,,HH2026491893287,558050856,SIGNIFY MAROC,Morocco,200+
a292e124ddeef2321a445f37f52167bb,SIGNIFY PAKISTAN LIMITED,Pakistan,Subsidiary,,HH2026491893287,645774394,SIGNIFY PAKISTAN LIMITED,Pakistan,200+
60c60a449e8f0cfb8f9c1db1a7ba2d06,SIGNIFY URUGUAY S.A.,Uruguay,Independent,,HH2026966027877,966027877,SIGNIFY URUGUAY S.A.,Uruguay,200+
094865cbda557aacf25759de6e6f216b,SIMS GROUP UK HOLDINGS LIMITED,United Kingdom,Subsidiary,,HH2026753759091,578998841,SIMS GROUP UK HOLDINGS LIMITED,United Kingdom,300+
03fa37c3ad0a1c7c727f0ea724f413ae,SKY MONTAGEM E MANUTENCAO INDUSTRIAL E COMERCIO DE PECAS LTDA,Brazil,Parent,,HH2026898627506,898627506,SKY MONTAGEM E MANUTENCAO INDUSTRIAL E COMERCIO DE PECAS LTDA,Brazil,35+
5b5d0a3fa641b81bc31432e3b9c8dfd1,SKY PERFECT CUSTOMER-RELATIONS CORPORATION,Japan,Subsidiary,,HH2026692385213,691749378,株式会社スカパー・カスタマーリレーションズ,Japan,35+
dfcbdb569748f2cbe8adaf34eee5cfa3,SKY TEAM AGENCIA DE VIAGENS E TURISMO LTDA,Brazil,Parent,,HH2026678874495,678874495,SKY TEAM AGENCIA DE VIAGENS E TURISMO LTDA,Brazil,30+
78b55533e2697f2a549f4935a92d6885,SKY TECH COMPUTERS,India,Independent,,HH2026870696279,870696279,SKY TECH COMPUTERS,India,30+
ae21eb9990f85372affce0a1bed1dbd,SKYTOUCH THREE SUPPLIER TRADING CC,South Africa,,,HH2026598722845,598722845,SKYTOUCH THREE SUPPLIER TRADING CC,South Africa,35+
e19adc5c8e849d3864233ff1921a3f97,SMA CAHAYA FADILAH,Indonesia,Independent,,HH2026659749891,659749891,SMA CAHAYA FADILAH,Indonesia,50+
8eb4742bbc1c9683328322d947cf1b57,SMALL WORLD FINANCIAL SERVICES GROUP LIMITED,United Kingdom,Parent,,HH2026345980119,345980119,SMALL WORLD FINANCIAL SERVICES GROUP LIMITED,United Kingdom,2000+
55a0e597d482a3cc3464d98ae7d08fca,SNC CARLTON DANUBE CANNES,France,Subsidiary,,HH2026289601010,382165199,SNC CARLTON DANUBE CANNES,France,300+
829309afb829a932e937c997c7d4a4c6,SOCIEDAD PARA EL TRATAMIENTO DE AGUAS RESIDUALES SL,Spain,Subsidiary,,HH2026469512036,564518306,SOCIEDAD PARA EL TRATAMIENTO DE AGUAS RESIDUALES SL,Spain,45+
6ab2496fdff73b23fddcc703491ec2e,SOLENIS AUSTRALIA PTY LTD,Australia,,,HH2026490373256,749745910,SOLENIS AUSTRALIA PTY LTD,Australia,500+
fe8f4919cf10beed8f90305688f68f50,SOLENIS SINGAPORE PTE. LTD.,Singapore,Subsidiary,,HH2026490373256,595397099,SOLENIS SINGAPORE PTE. LTD.,Singapore,500+
a29c27a648596ed6a7d745f1211311e6,"SOLUTIONHEALTH ACO, LLC",USA,Independent,,HH2026040497896,40497896,"SOLUTIONHEALTH ACO, LLC",USA,500+
a8188beccdfcd55abe7009ab9e042d68,SOMPO BUSINEss SERVICES INC.,Japan,Subsidiary,,HH2026691004547,691647283,SOMPOビジネスサービス株式会社,Japan,100+
65980e3a8c3cb6ddf2c57eaeae9b3d1a,SONI SUITINGS AND SHIRTINGS PRIVATE LIMITED,India,Parent,,HH2026859744115,859744115,SONI SUITINGS AND SHIRTINGS PRIVATE LIMITED,India,7
1d7752152bccd3d4860acbd68120c26,SONOVA AUDIOLOGICAL CARE NEW ZEALAND LIMITED,New Zealand,,,HH2026482347499,593915267,SONOVA AUDIOLOGICAL CARE NEW ZEALAND LIMITED,New Zealand,100+
562711322e0b17d35933788a9e331646,SOUTHEAST HEALTH,USA,Independent,,HH2026100373291,100373291,SOUTHEAST HEALTH,USA,2000+
85cbec9f6f033d862e90db736ccb352c,SOUTHEAST JACK INC,USA,Independent,,HH2026035517009,35517009,SOUTHEAST JACK INC,USA,30+
ece4eae23302d5321e73aa0860ad2290,SPACE CLOUD INFOTECH (OPC) PRIVATE LIMITED,India,Parent,,HH2026861728302,861728302,SPACE CLOUD INFOTECH (OPC) PRIVATE LIMITED,India,24+
62147bb9637cf68917fc41b5bdaac2e3,"SPHERION OF LIMA, INC.",USA,Parent,,HH2026101650844,101650844,"SPHERION OF LIMA, INC.",USA,
e21f3c15653745e4a06524d7d2cefc6b,ST ALBANS PRIMARY SCHOOL,Australia,Independent,,HH2026743888958,743888958,ST ALBANS PRIMARY SCHOOL,Australia,
4cfbe17a36b3f5cbad4d20a4647c4919,ST MARY OF THE CROss MACKILLOP CATHOLIC PARISH PRIMARY SCHOOL,Australia,Independent,,HH2026758519183,758519183,ST MARY OF THE CROSS MACKILLOP CATHOLIC PARISH PRIMARY SCHOOL,Australia,2000+
9f1c503256749b174e489782ade3bc56,"ST MICHAEL'S COLLEGE, ADELAIDE",Australia,Independent,,HH2026754355923,754355923,"ST MICHAEL'S COLLEGE, ADELAIDE",Australia,
0b436b19ee83bff69c0b19358e6e216b,ST PETERS COLLEGE,Australia,Independent,,HH2026758888668,758888668,ST PETERS COLLEGE,Australia,
f435e255129b6081c40152b3bbf714f2,"STANLEY BLACK & DECKER ASIA HOLDINGS, LLC, MACAO BRANCH",Macao,Subsidiary,,HH2026001152461,448607587,"STANLEY BLACK & DECKER ASIA HOLDINGS, LLC, MACAO BRANCH",Macao,24+
582783c838e8cc8eb97bcf43815d416a,STANLEY DO BRASIL LTDA.,Brazil,Independent,,HH2026898619622,898619622,STANLEY DO BRASIL LTDA.,Brazil,24+
6124d43b1a79aa2e7d6723460b16985c,STANLEY WORKS ASIA PACIFIC PTE LTD,Singapore,Subsidiary,,HH2026001152461,595279480,STANLEY WORKS ASIA PACIFIC PTE LTD,Singapore,24+
5862a64bac8aedadfb6b8182ade7e384,STANLEY'S HAIR ALPHAVILLE LTDA,Brazil,Subsidiary,,HH2026820463919,820394022,STANLEY'S HAIR ALPHAVILLE LTDA,Brazil,24+
b71e2f67e4517d7812cbf5c76b0efb69,STARR ERS SYNDICATE HOLDINGS LIMITED,United Kingdom,Parent,,HH2026218745866,218745866,STARR ERS SYNDICATE HOLDINGS LIMITED,United Kingdom,100+
7561574ecf16ccf58526b9ca157a1ed5,STATE AUDIT BUREAU,Qatar,Subsidiary,,HH2026534796045,534789214,STATE AUDIT BUREAU,Kuwait,30+
6e84daa9d771b47bfc79fe998921a195,STATE EMERGENCY SERVICE (NSW),Australia,Independent,,HH2026759497035,759497035,STATE EMERGENCY SERVICE (NSW),Australia,30+
fa439eb3cbcec6a7c35431c2596ad694,STATE ENTERPRISE AIR TRAFFIC SERVICES AUTHORITY (BULATSA),Bulgaria,Subsidiary,,HH2026552642316,645056979,STATE ENTERPRISE AIR TRAFFIC SERVICES AUTHORITY (BULATSA),Bulgaria,30+
74f8f0cbf86aa5ee609099d0a475cba6,STATE GENERAL RESERVE FUND,Oman,Parent,,HH2026534779058,534779058,STATE GENERAL RESERVE FUND,Oman,30+
c933e4827ac210e8954ddaae5fb07a8f,STATE INFORMATION TECHNOLOGY AGENCY (PTY) LTD,South Africa,Parent,,HH2026539019922,539019922,STATE INFORMATION TECHNOLOGY AGENCY (PTY) LTD,South Africa,30+
dd596527e9aacb5fdd27d2457f3bcc9b,STATE OF VICTORIA - VICTORIAN AUDITOR GENERAL'S OFFICE,Australia,Subsidiary,,HH2026758591290,740792312,STATE OF VICTORIA - VICTORIAN AUDITOR GENERAL'S OFFICE,Australia,30+
c1bcc37bab831f927035e6cf7166a98b,STATE PHARMACEUTICALS CORPORATION OF SRI LANKA,Sri Lanka,Subsidiary,,HH2026659424043,659450522,STATE PHARMACEUTICALS CORPORATION OF SRI LANKA,Sri Lanka,30+
56203346736fb6e4974564313790299a,STATE TRANSPORT CO.OP BANK LTD,India,Parent,,HH2026862207677,862207677,STATE TRANSPORT CO.OP BANK LTD,India,30+
39dad070f295459334346935b50b0874,STERLING OIL EXPLORATION & ENERGY PRODUCTION CO. LTD,Nigeria,Independent,,HH2026557734615,557734615,STERLING OIL EXPLORATION & ENERGY PRODUCTION CO. LTD,Nigeria,50+
c8530bea7116cc45890a01202f3cd57e,SUNG KEI KINDERGARTEN,Hong Kong,Independent,,HH2026668317683,668317683,SUNG KEI KINDERGARTEN,Hong Kong,600+
feea788ef7d9ef2619dec2db61818bad,SUNRISE HOSPITAL,India,Independent,,HH2026868295380,868295380,SUNRISE HOSPITAL,India,300+
8653bfa6322b175d89deffff0f580284,SUTHERLAND GLOBAL SERVICES COLOMBIA S A S,Colombia,Independent,,HH2026882033395,882033395,SUTHERLAND GLOBAL SERVICES COLOMBIA S A S,Colombia,300+
c97cf904a09596b50d5274243156f983,SUTHERLAND NORTH PUBLIC SCHOOL,Australia,Subsidiary,,HH2026758591293,755788614,SUTHERLAND NORTH PUBLIC SCHOOL,Australia,300+
93f51724ed56d9cedd5b4d49c39f6b54,SYNEOS HEALTH I L.P.,United Kingdom,Independent,,HH2026223447078,223447078,SYNEOS HEALTH I L.P.,United Kingdom,600+
e79176fbca0f0d011efba063d09fa811,SYSTEMA Systementwicklung Dipl.-Inf. Manfred Austen GmbH,Germany,Subsidiary,,HH2026985015354,313632432,SYSTEMA Systementwicklung Dipl.-Inf. Manfred Austen GmbH,Germany,1000+
b5e5e95856466f735b321406c30779a0,Saint Francis University,USA,Parent,,HH2026041255993,41255993,Saint Francis University,USA,500+
6534712d9a643de2754fef034a81d66d,Salisbury School District,USA,Independent,,HH2026832472505,832472505,Salisbury School District,USA,30+
3255344caeeccda1c075c1983e3809f5,Sanofi Foreign Participations B.V.,Netherlands,Subsidiary,,HH2026739980787,402727957,Sanofi Foreign Participations B.V.,Netherlands,50+
838bd1f26a1ad926abf2b22c5dda0a6,Sanofi Pasteur VaxDesign Corporation,USA,,,HH2026739980787,147216472,Sanofi Pasteur VaxDesign Corporation,USA,50+
390fc4814b6dd28fa965ab068de0bb1a,Sasol Germany GmbH,Germany,Subsidiary,,HH2026538580692,314980686,Sasol Germany GmbH,Germany,24+
2d843657cf8091bd8fe944fa375bd4f9,Scalable GmbH,Germany,Parent,,HH2026313328578,313328578,Scalable AG,Germany,50+
9e0670cbfef47f94bce417c1b02d524,School Admin District 19,USA,,,HH2026046799276,46799276,School Admin District 19,USA,15+
7391eee1365cb9dcab9763a19eea3cd1,School Admin District 36,USA,Parent,,HH2026093622744,93622744,School Admin District 36,USA,15+
bf77fd29f648df41a4f1d8c48b1aae23,School Admin District 41,USA,Parent,,HH2026077470698,77470698,School Admin District 41,USA,10+
7ee2e99821c36f04626dd8b4f972fde7,Scotiabank Republica Dominicana S.A. Banco Multiple,Dominican Republic,Subsidiary,,HH2026207705989,871457206,Scotiabank Republica Dominicana S.A. Banco Multiple,Dominican Republic,
5cb58c7e7fe35e4640f69fc9599e189a,Screen Actors Guild - American Federation of Television and Radio Artists,USA,Parent,,HH2026054759485,54759485,Screen Actors Guild - American Federation of Television and Radio Artists,USA,2000+
3c674a9ae93171158af5310d0de610b,"Secretary Of State, Montana",USA,,,HH2026060278629,188589337,"Secretary Of State, Montana",USA,30+
6add3a3954700dd672bcd972fcd763f1,"Securitas Electronic Government Security, Inc.",USA,Subsidiary,,HH2026004469300,103727251,"Securitas Electronic Government Security, Inc.",USA,35+
c7c895bb956f4431ddf50470d4fabd40,Seminole Classic Casino,USA,Parent,,HH2026192339075,192339075,Seminole Classic Casino,USA,1000+
66fc33aedd8445b8c068c9be7042b98c,Seqirus GmbH,Germany,Subsidiary,,HH2026753243823,327865416,Seqirus GmbH,Germany,1000+
eece80fd045549917271ede9bd089b86,Service social du Centre d'Informatique pour la RŠgion bruxelloise - Sociale Dienst van het Centrum voor Informatica voor het Brusselse Gwest,Belgium,Independent,,HH2026400226477,400226477,Service social du Centre d'Informatique pour la Règion bruxelloise - Sociale Dienst van het Centrum voor Informatica voor het Brusselse Gwest,Belgium,500+
81e424cf87e6cfe8e5134bd1f70529ec,Sheet Metal Workers Local 280 House Benefit and Pension Plan,Canada,Independent,,HH2026259128031,259128031,Sheet Metal Workers Local 280 House Benefit and Pension Plan,Canada,100+
24edef3e2d31c168103af11d96f9c21c,Shin Yat Tong On Yat Kindergarten,Hong Kong,Independent,,HH2026663520377,663520377,Shin Yat Tong On Yat Kindergarten,Hong Kong,500+
fc32dc53e658bf8c53549d44c8de7699,Siegfried Hameln GmbH,Germany,Subsidiary,,HH2026480004571,315869123,Siegfried Hameln GmbH,Germany,
e38eef68701b3bb3f03b70bd88c5c036,Siegfried Jacob Metallwerke GmbH & Co. KG,Germany,Parent,,HH2026314748922,314748922,Siegfried Jacob Metallwerke GmbH & Co. KG,Germany,
f85c5e6260d57017ae14092d66d41ec0,Siegfried-Drupp-GS,Germany,Independent,,HH2026340407160,340407160,Siegfried-Drupp-GS,Germany,
a35bd0b88818f0ba730c13e96bb3d5b,Siemens Aktieselskab,Denmark,,,HH2026316067164,310649017,Siemens Aktieselskab,Denmark,1000+
e032201b6f863c88638c16f945d663a9,Siemens Energie Transformateurs Canada Inc.,Canada,Subsidiary,,HH2026313797467,243141517,Siemens Energie Transformateurs Canada Inc.,Canada,1000+
3af7fdab784b2c966957c5507bf105e5,Siemens Gamesa Renewable Energy d.o.o.,Serbia,Subsidiary,,HH2026313797467,402488666,Siemens Gamesa Renewable Energy d.o.o.,Serbia,2000+
575836608784d699b0530113c9905c76,Siemens Healthcare AS,Norway,Subsidiary,,HH2026316067164,515023513,Siemens Healthcare AS,Norway,1000+
016f46004ef3257c131cb84b60a5c335,"Siemens, Lda",Mozambique,Subsidiary,,HH2026945988950,557735231,"Siemens, Lda",Mozambique,1000+
07a68035a136c983fac9d24e693a1960,"Siemens, s.r.o.",Czech Republic,Subsidiary,,HH2026316067164,360543813,"Siemens, s.r.o.",Czech Republic,1000+
f50aed030d27f40b115a62c2dfe064e7,"Sierra Southwest Cooperative Services, Inc.",USA,Independent,,HH2026127208333,127208333,"Sierra Southwest Cooperative Services, Inc.",USA,200+
cd583272ed914e46bc21c193593bbaf5,Signify Austria GmbH,Austria,Subsidiary,,HH2026491893287,300471478,Signify Austria GmbH,Austria,200+
aaa1d045410dccb39d549b34d36d7fc9,Signify Denmark A/S,Denmark,Subsidiary,,HH2026491893287,305641563,Signify Denmark A/S,Denmark,200+
5d18d06edab29d65d55bccdcda7d72fa,Signify International B.V. Ogranak Beograd,Serbia,Subsidiary,,HH2026491893287,506163839,Signify International B.V. Ogranak Beograd,Serbia,200+
043d35679f5eaef68ffc595ca2dd5b35,Signify International B.V. filiale Latvija AKF,Latvia,Subsidiary,,HH2026491893287,521920266,Signify International B.V. filiale Latvija AKF,Latvia,200+
0033f173ed3238a2a8274422fa33561a,Signify Norway AS,Norway,Subsidiary,,HH2026491893287,345346594,Signify Norway AS,Norway,200+
40d9cdf8618a4fbb017b61646bd93691,Simpson Thacher & Bartlett LLP,USA,Parent,,HH2026076827427,76827427,Simpson Thacher & Bartlett LLP,USA,50+
83fbed5a7c9579e464cf85f5a0a824b,Sisters of Mary of The Presentation Health System,USA,,,HH2026089480461,122710395,Sisters of Mary of The Presentation Health System,USA,2000+
bb0413dfbce8c729362648f5ac092e52,"Smith Cooper International, Inc.",USA,Parent,,HH2026809709835,809709835,"Smith Cooper International, Inc.",USA,50+
c2c25ff06d90e6a6a2c5d82abe0d0eed,"Smith-Blair, Inc.",USA,Subsidiary,,HH2026968848734,199780941,"Smith-Blair, Inc.",USA,500+
5b124e2b79dd9360cc6da1bd7395de12,Solenis Sweden Holdings AB,Sweden,Subsidiary,,HH2026353450383,352612262,Solenis Sweden Holdings AB,Sweden,500+
72f7d5f3dc9f8ffbed76f4d9d3b59be1,Sonova Audiological Care Austria GmbH,Austria,Subsidiary,,HH2026482347499,301720546,Sonova Audiological Care Austria GmbH,Austria,50+
9a516c69fc06bd66db4cc3b808663ab,Sonova Retail Belgium,Belgium,,,HH2026482347499,370205825,Sonova Retail Belgium,Belgium,50+
bd52b21a39f9f5b4005c1bf7a8357481,South Carolina Department of Archives & History,USA,Subsidiary,,HH2026067006072,96939686,South Carolina Department of Archives & History,USA,2000+
e12d1a3d777a1dcaaf6a43eb8aeaa3d0,South Carolina Office Of State Treasurer,USA,Subsidiary,,HH2026067006072,808515795,Department Of Administration-DTO,USA,2000+
41a92aec3fe968f42754360fdc2ba1ee,"Southeast Healthtech, LLC",USA,Independent,,HH2026116626613,116626613,"Southeast Healthtech, LLC",USA,100+
835940ff44e6a20eb17c372cf6a5c1ce,Space Coast Credit Union,USA,Parent,,HH2026079192969,79192969,Space Coast Credit Union,USA,30+
53e59ad4ecd9d2545f56923d2a663b6d,"Space Ground System Solutions, Inc",USA,Subsidiary,,HH2026030866545,161706866,"Space Ground System Solutions, Inc",USA,30+
5a95511598669add6cd0069eda87e584,"Sphere Entertainment Group, LLC",USA,Subsidiary,,HH2026117507432,80049921,"Sphere Entertainment Group, LLC",USA,30+
a1c97efb135e35b42919dc6b73e79087,Sportradar OU,Estonia,Subsidiary,,HH2026480538158,360214733,Sportradar OU,Estonia,50+
2466fb393bb68f36cf75bff3b40e1936,St Jude School,USA,Independent,,HH2026159367440,159367440,St Jude School,USA,
355f465f63d584290e2654b6da8b47cd,St Mary of the Cross Catholic Primary School,Australia,Independent,,HH2026758560001,758560001,St Mary of the Cross Catholic Primary School,Australia,30+
85cf45aa47a3ac7df55711b7d3219ed6,St Mungo's,United Kingdom,Parent,,HH2026213231674,213231674,St Mungo's,United Kingdom,24+
abdea98d1688ebc434c03cb16d2072a,St Pauls Catholic College,United Kingdom,,,HH2026213533487,213533487,St Pauls Catholic College,United Kingdom,
5bc0a2a2c64fd9425d3d3517618a6c44,St. James Hospital,USA,Parent,,HH2026073683591,73683591,St. James Hospital,USA,
5743253812d7fbd424bc6ef3e479397e,StR Wolfgang Hafner,Germany,Independent,,HH2026314050073,314050073,StR Wolfgang Hafner,Germany,
3179c1312ab8d73389f543589ece5e6c,"Stanley Associates, Inc.",USA,Subsidiary,,HH2026248513116,144202843,"Stanley Associates, Inc.",USA,24+
cbe8ff250d8f053ab796af948d6984ff,Stanley Black & Decker Outdoor GmbH,Germany,Subsidiary,,HH2026001152461,327683900,Stanley Black & Decker Outdoor GmbH,Germany,24+
dbb4f93cac9cf52f663a66f0dbbdeed9,"State Election Commision, South Carolina",USA,Subsidiary,,HH2026067006072,147677848,"State Election Commision, South Carolina",USA,30+
c69889e94d3db11205bc015ac4f79945,"State Emergency Communications, Texas Commission on",USA,Subsidiary,,HH2026002537595,94596652,CSEC,USA,30+
c21e0bf133af9546b6324bcab71f8e92,State Fair Community College,USA,Parent,,HH2026067950014,67950014,State Fair Community College,USA,30+
e4f539ab5dc59fb1a8ad8868920b2a21,State of Alaska,USA,Parent,,HH2026078198983,78198983,State of Alaska,USA,30+
dd445a4ecb3e1a7bdac2e2c08324138b,State of Illinois Comptroller,USA,Subsidiary,,HH2026065232498,167263826,State of Illinois Comptroller,USA,30+
0947db1f8c5278a73dadfaa22132703b,State of Maine,USA,Parent,,HH2026057979312,57979312,State of Maine,USA,30+
37fce1b77f7d94295bf86e6b74015976,State of Missouri,USA,Parent,,HH2026073134579,73134579,State of Missouri,USA,30+
b681c793576e35c819584baf04c05f93,State of New York Mortgage Agency,USA,Parent,,HH2026057282360,57282360,State of New York Mortgage Agency,USA,30+
6c19f338f4267a0e18b3f51ba0273ea0,State of Texas,USA,Parent,,HH2026002537595,2537595,State of Texas,USA,30+
8ccd0ce0faf36cc6cbbd0fbe4081c6a5,"Straightaway Health Careers, Inc.",USA,Subsidiary,,HH2026329716781,96880030,"Straightaway Health Careers, Inc.",USA,10
a681b44a3edc9e23616a22c8e7b7f9e0,Sulzer US Holding Inc.,USA,Subsidiary,,HH2026480004993,90755984,Sulzer US Holding Inc.,USA,300+
2eb17b38843640324033314f98c1460b,Sunrise Senior Living Education Foundation,USA,Independent,,HH2026070109103,70109103,Sunrise Senior Living Education Foundation,USA,2000+
f1044df1252e8739ff49fe6e406c6a51,Swedbank Koncernens Gemensamma Pensionsstift,Sweden,Independent,,HH2026426898359,426898359,Swedbank Koncernens Gemensamma Pensionsstift,Sweden,
6bfec7708f6096a011737ba33356e6aa,Synergy Sports,Belgium,Independent,,HH2026370106562,370106562,Synergy Sports,Belgium,50+
b2dc2a5d4d5ec7acb1811a7c8b962a99,T MOBILE POLSKA BUSINEss SOLUTIONS SP Z O O,Poland,Subsidiary,,HH2026327376653,366087281,T MOBILE POLSKA BUSINESS SOLUTIONS SP Z O O,Poland,2000+
23ce2049f729928d80756b7d00b69074,T S G - INFORMATICA LTDA,Brazil,Independent,,HH2026898347491,898347491,T S G - INFORMATICA LTDA,Brazil,20+
32ba1fb509a3b953913c8b87fba0f7bf,T.J. BROOKS LTD,United Kingdom,Subsidiary,,HH2026001024314,218172641,T.J. BROOKS LTD,United Kingdom,50+
7ae85482ba93e214996331346647c6a6,TAKEDA PHARMA LTDA.,Brazil,Parent,,HH2026899029888,899029888,TAKEDA PHARMA LTDA.,Brazil,1000+
50205aeb39dba4fcefc1b56fb010d289,TAKEDA PHARMACEUTICALS INTERNATIONAL AG,Ireland,Subsidiary,,HH2026690538228,985718240,TAKEDA PHARMACEUTICALS INTERNATIONAL AG,Ireland,1000+
52c785314f27e1825be6334eb56b7fa1,TAPESTRY HOME BRANDS (PTY) LTD,South Africa,Parent,,HH2026538444876,538444876,TAPESTRY HOME BRANDS (PTY) LTD,South Africa,2000+
7b4c198920bd97a614fcff6b6dba9db1,TASKUS COLOMBIA SAS,Colombia,Subsidiary,,HH2026118119963,955032200,TASKUS COLOMBIA SAS,Colombia,400+
05a3dbd32d78809770e6dc66f07c660,TD AFRICA DISTRIBUTIONS LIMITED,Nigeria,,,HH2026552432577,552432577,TD AFRICA DISTRIBUTIONS LIMITED,Nigeria,1000+
fa3824c20c4f70d04107120c26e1790d,TD Acapela Group Germany GmbH,Germany,Subsidiary,,HH2026352354684,343599219,TD Acapela Group Germany GmbH,Germany,1000+
ce3f8ec488fa0e445f7fc9256d25c0b4,TD Auto Finance LLC,USA,Subsidiary,,HH2026202686150,41794504,TD Auto Finance LLC,USA,100+
a66bee77d5b470afac61326d479be906,TD Deutsche Klimakompressor GmbH,Germany,Subsidiary,,HH2026691239750,315595319,TD Deutsche Klimakompressor GmbH,Germany,1000+
9e104f837f7f96a54d49ae212f8e951a,TD MOTOPECAS DO MARANHAO LTDA,Brazil,Subsidiary,,HH2026946657597,901208567,TD MOTOPECAS DO MARANHAO LTDA,Brazil,1000+
86f37bf437c914e229df4a8f56a4c4b1,TD MOTOPECAS LTDA,Brazil,Parent,,HH2026900914120,900914120,TD MOTOPECAS LTDA,Brazil,1000+
6104c36e18c574ea845d71f69c1bf13b,TD PARTICIPACOES LTDA,Brazil,Parent,,HH2026901283219,901283219,TD PARTICIPACOES LTDA,Brazil,1000+
c3f9605be9a945b65897754f1827bb2b,TD Rowe Amusements Inc,USA,Parent,,HH2026012219804,12219804,TD Rowe Amusements Inc,USA,1000+
f88251826f6e37d6118198818ca885de,"TD SECURITIES (JAPAN) CO., LTD.",Japan,Subsidiary,,HH2026202686150,693092188,トロント・ドミニオン日本証券株式会社,Japan,1000+
885af713fcec32221976b2550f7a823e,TD SOLUCOES AVANCADAS DE TECNOLOGIA BRASIL LTDA,Brazil,Subsidiary,,HH2026055991053,899279699,TD SOLUCOES AVANCADAS DE TECNOLOGIA BRASIL LTDA,Brazil,1000+
e562cd269225ad0f0997c6c3c03c9e06,TD SYNNEX BRASIL LTDA,Brazil,Subsidiary,,HH2026055991053,899032031,TD SYNNEX BRASIL LTDA,Brazil,1000+
9affcbd59620d0200e3f83a988a19e83,TD SYNNEX CAPITAL UK LIMITED,United Kingdom,Subsidiary,,HH2026055991053,228592618,TD SYNNEX CAPITAL UK LIMITED,United Kingdom,1000+
a872c1cc7f4c15c750614633b9eceaef,TD SYNNEX Corporation,USA,Parent,,HH2026055991053,55991053,TD SYNNEX Corporation,USA,1000+
999c3875dbdb96552f388e92c68c404f,TD SYNNEX FRANCE,France,Subsidiary,,HH2026055991053,277545117,TD SYNNEX FRANCE,France,1000+
eb7e9953d3432544a835d6c25ff31ab5,TD SYNNEX Germany GmbH & Co. OHG,Germany,Subsidiary,,HH2026055991053,331786389,TD SYNNEX Germany GmbH & Co. OHG,Germany,1000+
71010596fed66807cd600d52ef3a9e77,TD SYNNEX Netherlands B.V.,Netherlands,Subsidiary,,HH2026055991053,414372060,TD SYNNEX Netherlands B.V.,Netherlands,1000+
d33b39a66457d33933375c793e32cde5,TD SYNNEX SPAIN SL.,Spain,Subsidiary,,HH2026055991053,465208494,TD SYNNEX SPAIN SL.,Spain,1000+
a2ded35b20a2b1c1e9f3f1bf7bd14faa,TD SYNNEX Sweden AB,Sweden,Subsidiary,,HH2026055991053,355102732,TD SYNNEX Sweden AB,Sweden,1000+
90f3459224b49a85f25005e193dce2e6,TD SYNNEX TURKEY BILGI TEKNOLOJILERI ANONIM SIRKETI,Turkey,Subsidiary,,HH2026055991053,566213185,TD SYNNEX TURKEY BILGI TEKNOLOJILERI ANONIM SIRKETI,Turkey,1000+
fe120a246591d1f861e11df1644171f1,TD SYNNEX UK LIMITED,United Kingdom,Subsidiary,,HH2026055991053,226281707,TD SYNNEX UK LIMITED,United Kingdom,1000+
376a593203b0d45fa565e3bfb8ff59d8,TD Synnex Belgium,Belgium,Subsidiary,,HH2026055991053,372978031,TD Synnex Belgium,Belgium,1000+
01ba074dc6ca9a76f12cd1d9e73d3aa4,TE Connectivity Czech s.r.o.,Czech Republic,Subsidiary,,HH2026985639450,360590087,TE Connectivity Czech s.r.o.,Czech Republic,50+
e7c1a8cd97e96ea3bf660506dcdea432,TECHNICAL UNIVERSITY OF CRETE,Greece,Independent,,HH2026363143437,363143437,TECHNICAL UNIVERSITY OF CRETE,Greece,2000+
0857ea1cd13df2b82ad3972db017b5d9,TELUS HEALTH (BG AUSTRALIA) PTY LTD,Australia,Subsidiary,,HH2026757403308,751257692,TELUS HEALTH (BG AUSTRALIA) PTY LTD,Australia,100+
a02aa775fd07d8b1a652673fdb51d9c0,TELUS HEALTH (NEW ZEALAND) LIMITED,New Zealand,Subsidiary,,HH2026757403308,594861213,TELUS HEALTH (NEW ZEALAND) LIMITED,New Zealand,100+
ccd11c54d63f1747c8d9dd742a1260cf,TEMPO DISTRIBUIDORA DE VEICULOS LTDA,Brazil,Subsidiary,,HH2026900679754,897564126,TEMPO DISTRIBUIDORA DE VEICULOS LTDA,Brazil,20+
d8b908c016662cd0d20d016c47e5f43e,TEREX (THAILAND) LIMITED,Thailand,Subsidiary,,HH2026022574552,659796288,TEREX (THAILAND) LIMITED,Thailand,200+
4be0d72f9d69a5b4280a624c95eaac49,TEREX MAKINA SATIS ANONIM SIRKETI,Turkey,Subsidiary,,HH2026022574552,519955754,TEREX MAKINA SATIS ANONIM SIRKETI,Turkey,200+
4d5037a70f056b8c0809e7206cb41c31,TES-AMM (H.K.) LIMITED,Hong Kong,Subsidiary,,HH2026687897470,680135720,TES-AMM (H.K.) LIMITED,Hong Kong,1000+
b4b4afb37630131b7edc19b237484c93,TES-AMM (MALAYSIA) SDN. BHD.,Malaysia,Subsidiary,,HH2026687897470,652487963,TES-AMM (MALAYSIA) SDN. BHD.,Malaysia,1000+
bb6780093c4354c4445da1d1dd52e4b8,TES-AMM AUSTRALIA PTY LTD,Australia,Parent,,HH2026754564768,754564768,TES-AMM AUSTRALIA PTY LTD,Australia,1000+
94b61d93f9622f52e600be1896899ddb,"TEXAS SOUTHMOST COLLEGE FOUNDATION, INC.",USA,Parent,,HH2026076927524,76927524,"TEXAS SOUTHMOST COLLEGE FOUNDATION, INC.",USA,500+
d0ebe0dc46e7f4475d8303477dcfeb2d,TEYA EUROPE LTD.,United Kingdom,Subsidiary,,HH2026815561221,226357512,TEYA EUROPE LTD.,Hungary,100+
bab0c9632900ea7ce38d1b3109dd0a4f,THAI SAMSUNG ELECTRONICS COMPANY LIMITED,Thailand,Subsidiary,,HH2026687967554,660986428,THAI SAMSUNG ELECTRONICS COMPANY LIMITED,Netherlands,600+
6e7d4fcc3a24ec6a306b7bace741df34,THE INSIGHTS GROUP LIMITED,United Kingdom,Parent,,HH2026458762127,458762127,THE INSIGHTS GROUP LIMITED,United Kingdom,6
4e0e12f2b5e16ed032054451223ad4cd,THE MINOR FOOD GROUP PUBLIC COMPANY LIMITED,Thailand,Subsidiary,,HH2026659739601,660730131,THE MINOR FOOD GROUP PUBLIC COMPANY LIMITED,Thailand,1000+
fd603ed35f23654af5387ecb1e33632,THE UNIVERSITY OF QUEENSLAND,Australia,,,HH2026752898403,752898403,THE UNIVERSITY OF QUEENSLAND,Australia,50+
cc1d50cb8ae3edabcabb11c3343c89e4,THOMSON REUTERS MENA FZ-LLC,United Arab Emirates,Subsidiary,,HH2026243367791,558464143,THOMSON REUTERS MENA FZ-LLC,United Arab Emirates,
c9e70126712edce050749105c24dfde,TMX EFICIENCIA ENERGETICA SA,Brazil,,,HH2026903400595,903400595,TMX EFICIENCIA ENERGETICA SA,Brazil,50+
574d5353e5c20aafb8ae987e11841a9c,TOP DESIGN MARCENARIA LTDA,Brazil,Independent,,HH2026900997200,900997200,TOP DESIGN MARCENARIA LTDA,Brazil,500+
ec4b55f4efa2e99855c3c21e89ac9ec3,TOP SA TECHNOLOGY (PTY) LTD,South Africa,Independent,,HH2026571471129,571471129,TOP SA TECHNOLOGY (PTY) LTD,South Africa,500+
63b29dacc2dc6372dddc99c599a7f39,TOTAL ENERGIE DO BRASIL LTDA,Brazil,,,HH2026920212644,920212644,TOTAL ENERGIE DO BRASIL LTDA,Brazil,35+
af1846e245bb860b09bc0c74d418752c,TOYOTA BOSHOKU GATEWAY (THAILAND) COMPANY LIMITED,Thailand,Independent,,HH2026660734526,660734526,TOYOTA BOSHOKU GATEWAY (THAILAND) COMPANY LIMITED,Thailand,
a5853bd34e4a13e6dc6996b5c318ef9f,"TOYOTA CENTRAL R&D LABS.,INC.",Japan,Parent,,HH2026691538011,691538011,株式会社豊田中央研究所,Japan,
5dc2513a2a907e2e489625dc3dc62155,"TOYOTA COROLLA ASAHIKAWA CO.,LTD.",Japan,Subsidiary,,HH2026690672654,692054869,トヨタカローラ旭川株式会社,Japan,
a4355681cc4388f30fc9aa8ba37a5f18,TOYOTA COROLLA HAKATA K.K.,Japan,Subsidiary,,HH2026711486881,690898317,トヨタカローラ博多株式会社,Japan,
9446f19ec0b9236548af898f247909f8,TOYOTA COROLLA HIROSHIMA K.K.,Japan,Parent,,HH2026694003567,694003567,トヨタカローラ広島株式会社,Japan,
d70b600fe201c6c5603f5dc2bd450c90,TOYOTA COROLLA IWATE K.K.,Japan,Subsidiary,,HH2026692213770,691418370,トヨタカローラ岩手株式会社,Japan,
41d1c23cfd3409c63b946a15d85a50ab,TOYOTA COROLLA KAGOSHIMA K.K.,Japan,Subsidiary,,HH2026739431801,694290545,トヨタカローラ鹿児島株式会社,Japan,
d2e7f170ab2d5fc657da239b8fb808c6,TOYOTA COROLLA TOYAMA K.K.,Japan,Parent,,HH2026690869581,690869581,トヨタカローラ富山株式会社,Japan,
e900bf53426ca64571d2749114177234,TOYOTA L&F MIYAZAKI INC.,Japan,Subsidiary,,HH2026691021257,705449957,トヨタエルアンドエフ宮崎株式会社,Japan,
bca11229353569cd58c12ba9cf5b2f81,TOYOTA LEASING (THAILAND) COMPANY LIMITED,Thailand,Subsidiary,,HH2026690564737,659798102,TOYOTA LEASING (THAILAND) COMPANY LIMITED,Thailand,
62609c1d7aab0f8744641da5e2d5a4fa,TOYOTA MOTOR ASIA (THAILAND) COMPANY LIMITED,Thailand,Subsidiary,,HH2026690564737,660994492,TOYOTA MOTOR ASIA (THAILAND) COMPANY LIMITED,Thailand,
646dc04e1bcdbfb03b8b7c257cd7187d,"TOYOTA MOTOR HOKKAIDO,INC",Japan,Subsidiary,,HH2026690564737,691256325,トヨタ自動車北海道株式会社,Japan,
f968fb30a3e6155a903fe93747a7f6ec,TOYOTA ZIMBABWE,Zimbabwe,Independent,,HH2026565414625,565414625,TOYOTA ZIMBABWE,Zimbabwe,
8eec3d6dfc109efc2670f8e83b8d4107,TP B-H d.o.o.,Bosnia and Herzegovina,Subsidiary,,HH2026260967963,500596315,TP B-H d.o.o.,Bosnia and Herzegovina,50+
eff5575e708369bcfe45e92cc7649255,TP BENNETT LLP,United Kingdom,Parent,,HH2026347946985,347946985,TP BENNETT LLP,United Kingdom,50+
053df529e92c8a8f69be62a7d6b1ef5f,TP ICAP MANAGEMENT SERVICES (AUSTRALIA) PTY LTD,Australia,Parent,,HH2026750245029,750245029,TP ICAP MANAGEMENT SERVICES (AUSTRALIA) PTY LTD,Australia,50+
f9d7815efc6573d5b2d621918e74459b,"TP Mechanical Contractors, LLC",USA,Subsidiary,,HH2026798683835,786413302,"TP Mechanical Contractors, LLC",USA,50+
9e7870ad8bb82cc4767992dd80927d1e,"TP Remainco, LLC",USA,Parent,,HH2026006102438,6102438,"TP Remainco, LLC",USA,50+
eeb44a53403456874308e886ee139bd,TP WESTERN ODISHA DISTRIBUTION LIMITED,India,,,HH2026650047459,854290874,TP WESTERN ODISHA DISTRIBUTION LIMITED,India,50+
20b06d8dfd62bd398ade407dc82ddec8,TP-LINK SISTEMAS DO BRASIL LTDA,Sweden,,,HH2026900584326,900584326,TP-LINK SISTEMAS DO BRASIL LTDA,Sweden,50+
5cda696d5e006f3d6522393ae040faed,"TPG Korea Co.,Ltd",Korea,Subsidiary,,HH2026118497897,694827124,"TPG Korea Co.,Ltd",Korea,15+
756195a8f2b88862800b5254d9581ff8,"TPG Pressure, Inc.",USA,Parent,,HH2026121818608,121818608,"TPG Pressure, Inc.",USA,15+
9b16f5e7d58754bafa5411553eb7f868,TPI ADVISORY SERVICES INDIA PRIVATE LIMITED,India,Parent,,HH2026725428770,725428770,TPI ADVISORY SERVICES INDIA PRIVATE LIMITED,India,24+
822a0c64c807fb94ef4b40b7860a1cc3,TRADE DESK INDIA PRIVATE LIMITED,India,Subsidiary,,HH2026025061787,854259813,TRADE DESK INDIA PRIVATE LIMITED,Japan,30+
446082331059da657821b1a06f0d0cd2,TRANSAMERICA COMERCIAL E SERVICOS LTDA - SCP,Brazil,Independent,,HH2026919072619,919072619,TRANSAMERICA COMERCIAL E SERVICOS LTDA - SCP,Brazil,100+
bad0f6e80a1176cdb58d73204cf7f9e2,TSUBAME CITY BOARD OF EDUCATION,Japan,Subsidiary,,HH2026694567488,692335355,燕市教育委員会,Japan,2000+
5d1df7f2c6703b735bde40e6f19016f3,TSYS CARD TECH LIMITED,United Kingdom,Subsidiary,,HH2026005047290,515616485,TSYS CARD TECH LIMITED,United Kingdom,200+
db7227717926e37db575cdcd13c02481,TULIP TECHNOLOGY,India,Parent,,HH2026853918313,853918313,TULIP TECHNOLOGY,India,50+
4f44b61008e6fe39b870945c48f99bf2,TWENTY FIRST CENTURY CREATIONS PRIVATE LIMITED,India,Parent,,HH2026676150136,676150136,TWENTY FIRST CENTURY CREATIONS PRIVATE LIMITED,India,24+
96caaf3120b7dc263282d0efecc55243,Tarkett GDL S.A.,Luxembourg,Subsidiary,,HH2026502962462,400736112,Tarkett GDL S.A.,Luxembourg,100+
3f438775bb5faf9ef87c0d96b7ca05ed,Td Bank Group,Canada,Independent,,HH2026208059963,208059963,Td Bank Group,Canada,1000+
06fe3dc03dc4d3849466cebeffefa3ca,Te Connectivity Industrial Y Comercial Chile Limitada,Chile,Subsidiary,,HH2026982879217,980304133,Te Connectivity Industrial Y Comercial Chile Limitada,Chile,50+
a0b5a38329a21b912e15c73508b4d571,Teads Holding Co.,USA,Parent,,HH2026014799596,14799596,Teads Holding Co.,USA,50+
8f87cb99615d55eede80c23af876bfc1,Techem AB,Sweden,Subsidiary,,HH2026316695067,631699126,Techem AB,Sweden,50+
5f82eff24ac996dfb7d80caf1889bb7b,"Teledyne Flir Unmanned Ground Systems, Inc.",USA,Parent,,HH2026080169581,80169581,"Teledyne Flir Unmanned Ground Systems, Inc.",USA,600+
d8c97f6b57f854a7b7e1b88c47a241a7,Telus Health (U.K.) Ltd.,Ireland,Subsidiary,,HH2026248055290,985728493,Telus Health (U.K.) Ltd.,Ireland,100+
371a672965373cfa1d7f4d2d5c7804ee,Tennis-Club K”lln-Reisiek e.V.,Germany,Independent,,HH2026341419165,341419165,Tennis-Club Kölln-Reisiek e.V.,Germany,10
8bcf208182fd19183acb2b99eb96c479,Terex Germany GmbH & Co. KG,Germany,Subsidiary,,HH2026022574552,344205948,Terex Germany GmbH & Co. KG,Germany,200+
d3cbb929e01aa58653821bb397896b7e,Texas Department of Licensing & Regulation,USA,,,HH2026002537595,19237646,Texas Department of Licensing & Regulation,USA,500+
ccdefbbb238436800751f402e8742f4e,"The Capital Group Companies, Inc.",USA,Parent,,HH2026063843387,63843387,"The Capital Group Companies, Inc.",Japan,100+
55fb95588af085310294b0ab8e7795fa,The City National Bank and Trust Company of Lawton Oklahoma,USA,Subsidiary,,HH2026966552940,8932204,The City National Bank and Trust Company of Lawton Oklahoma,USA,35+
ab1eb8326582ff38ed3bdd46e8b5823a,The Cleveland Clinic Foundation,USA,Parent,,HH2026017730458,17730458,The Cleveland Clinic Foundation,USA,2000+
e0c4b6eb5f0d3799cdce0d7399306468,"The Einstein Group, Inc.",USA,Parent,,HH2026964892496,964892496,"The Einstein Group, Inc.",USA,20+
2d6ffa10b7e37571d409d23907dacf5b,The Greenhouse,USA,Independent,,HH2026053825708,53825708,The Greenhouse,USA,15+
7d79ccec17cff07d92833958eaca5757,The Housing Authority of The City of Los Angeles,USA,Parent,,HH2026077233732,77233732,The Housing Authority of The City of Los Angeles,USA,2000+
5cd0e4f8429b1877cde7adfad8779582,The Imperial Electric Company,USA,Subsidiary,,HH2026690635255,4163945,The Imperial Electric Company,USA,300+
208f5171cf4a3ab68e0e8e0fcd11779c,"The Longstreet Clinic, P.C.",USA,Parent,,HH2026933948820,933948820,"The Longstreet Clinic, P.C.",USA,300+
de380bee4dfdf8f3a67ed08d74b59df0,The Pensions Authority,Ireland,Subsidiary,,HH2026442354510,985262376,The Pensions Authority,Ireland,1
b37115d8c3fa7e9dfec448c6ad7375d,"The Simons Foundation, Inc.",USA,,,HH2026188433507,188433507,"The Simons Foundation, Inc.",USA,8
f610e45fbc30b9ec63d5f83499e33611,The Suddath Companies,USA,Parent,,HH2026139315873,139315873,The Suddath Companies,USA,50+
79a3820f2e6c7298b79bb63fdc0e39bd,The Taylor Group Inc.,USA,Parent,,HH2026847412293,847412293,The Taylor Group Inc.,USA,100+
e2004de981df4ff6eed2da46172da7f3,"The Tennis Channel, LLC",USA,Subsidiary,,HH2026119001752,88152140,"The Tennis Channel, LLC",Germany,10
f97b2c9f4829c3945ce65b85121c98ec,The Thomson Company Inc,Canada,Parent,,HH2026251100749,251100749,The Thomson Company Inc,Canada,400+
a6180cc6f60cb38703b7e47cba04cdf9,The University of Texas M. D. Anderson Cancer Center,USA,Subsidiary,,HH2026042000273,800772139,The University of Texas M. D. Anderson Cancer Center,USA,2000+
3f4ba6ba89f55087d102a096eab276d8,Thomson Reuters (Tax & Accounting) Inc.,USA,Subsidiary,,HH2026243367791,117211693,Thomson Reuters (Tax & Accounting) Inc.,USA,400+
c76a14ca2e072ff2dc4f1a5f96c276b0,Thomson Reuters Holdings AB,Sweden,Independent,,HH2026351359695,351359695,Thomson Reuters Holdings AB,Sweden,400+
3e2111d8a09389a4dc32fbbfe98be079,Town of Conquest,USA,Parent,,HH2026012242090,12242090,Town of Conquest,USA,2000+
381cc5a1f5c21a7673fdc09600fde018,Tp aerospace Solutions ApS,Denmark,Subsidiary,,HH2026305839892,305006654,Tp Aerospace Solutions ApS,Denmark,50+
e693b1c357dfac09253e0fc8f45a89e6,"Traton Financial Services M‚xico, S.A. de C.V. SOFOM E.R.",Mexico,Subsidiary,,HH2026300450729,812610830,"Traton Financial Services México, S.A. de C.V. SOFOM E.R.",Mexico,24+
bb32d74e95e621cfac716bfed1d5dee7,Traumbach AG in Liquidation,Switzerland,Parent,,HH2026481330280,481330280,Traumbach AG in Liquidation,Switzerland,2000+
5a2b048fb1f6a3527e1d3497b120dee8,Triathlon Batterien GmbH,Germany,Subsidiary,,HH2026565499607,341722311,Triathlon Batterien GmbH,Germany,50+
4af43387f17cf5ba419e4174cbadc709,Trinity Fields School & Resource Centre,United Kingdom,Independent,,HH2026506490288,506490288,Trinity Fields School & Resource Centre,United Kingdom,50+
4f82438aa4db405f33ca7211deea7cd1,Trustly Group AB,Sweden,Subsidiary,,HH2026371616106,555119366,Trustly Group AB,Sweden,15+
0717b78048dd24aa2bc0aa0ef824b71d,Tullett Prebon Financial Services LLC,USA,Subsidiary,,HH2026779024368,962197146,Tullett Prebon Financial Services LLC,USA,100+
fa8c78f5a4f339d8512a0a316678fd28,UBER SUCCESS COMPANY LIMITED,Thailand,Independent,,HH2026671811734,671811734,UBER SUCCESS COMPANY LIMITED,Thailand,200+
35b95fdb9dc3c2537f14e56619ee73ef,"UC CARD CO.,LTD.",Japan,Subsidiary,,HH2026698657934,711254065,ユーシーカード株式会社,Japan,10+
a6990eb3fa7373662235432faf20e572,"UHS Midwest Center for Youth and Families, Inc.",USA,Subsidiary,,HH2026093725133,789986762,"UHS Midwest Center for Youth and Families, Inc.",USA,300+
dd2fdee04327ee2ff2e265d03160409e,UHS Oklahoma City LLC,USA,Subsidiary,,HH2026093725133,627565646,UHS Oklahoma City LLC,USA,300+
e33b7545826549b70972a7f1b9bed85c,UIPATH BRASIL CONSULTORIA LTDA,Brazil,Subsidiary,,HH2026080298213,919955098,UIPATH BRASIL CONSULTORIA LTDA,Brazil,100+
2375ac35e62a31e2f7d046e3ff3eec3d,UIPATH ISRaeL LTD,Israel,Subsidiary,,HH2026080298213,521859736,UIPATH ISRAEL LTD,Israel,100+
4e81f049238608520e0ed65667b9663f,UIPATH UKRAINE LLC,Ukraine,Subsidiary,,HH2026080298213,537790535,UIPATH UKRAINE LLC,Ukraine,100+
9c716c4a468d3019b2986cf3d347d985,UL FE,Slovenia,Subsidiary,,HH2026672949935,499741767,UL FE,Slovenia,24+
4c7545563d3d92588a697630438c46eb,UL FFA,Slovenia,Subsidiary,,HH2026672949935,672958464,UL FFA,Slovenia,24+
c935f696673ba169dde18a8775f9c122,UL FKKT,Slovenia,Subsidiary,,HH2026672949935,672958498,UL FKKT,Slovenia,24+
3c9c4c779f4ff5b9b6e2826614d83edd,UL LLC,USA,Subsidiary,,HH2026119243873,78351534,UL LLC,USA,24+
eab070e471bc692d228a740c600cd5d7,ULTRA - IMAGEM CLINICA DE DIAGNOSTICOS LTDA,Brazil,Independent,,HH2026898212882,898212882,ULTRA - IMAGEM CLINICA DE DIAGNOSTICOS LTDA,Brazil,8
08a845af26b26d6278bf9f6d53f31889,UNION DES SECTEURS D'ENERGIE DU DEPARTEMENT DE L'AISNE,France,Parent,,HH2026265962214,265962214,UNION DES SECTEURS D'ENERGIE DU DEPARTEMENT DE L'AISNE,France,50+
a242d6609b55022a754862f834c7ad72,UNIPHAR UK LIMITED,United Kingdom,Subsidiary,,HH2026988859856,640838863,UNIPHAR UK LIMITED,United Kingdom,100+
d9b8d8d24505dead13e2eed35ca18879,UNITY FACILITIES PRIVATE LIMITED,India,Parent,,HH2026860203128,860203128,UNITY FACILITIES PRIVATE LIMITED,India,100+
b18f59a24ef2d9a57960ec5b122fe077,UNITY PRIMARY SCHOOL,Singapore,Independent,,HH2026894731913,894731913,UNITY PRIMARY SCHOOL,Singapore,100+
3abb96b87162f2c7633490ab528e8291,UNITY SECONDARY SCHOOL,Singapore,Independent,,HH2026659184873,659184873,UNITY SECONDARY SCHOOL,Singapore,100+
203b98f64a27cab16f840165cf8b0d9e,UNITY SERVICOS DE IMPREssAO LTDA,Brazil,Independent,,HH2026945330870,945330870,UNITY SERVICOS DE IMPRESSAO LTDA,Brazil,100+
3266d28ca6d27ddb9aaf37f15c03dba,UNITY SERVICOS INTEGRADOS DE SAUDE LTDA,Brazil,,,HH2026966333699,966333699,UNITY SERVICOS INTEGRADOS DE SAUDE LTDA,Brazil,100+
27c5e93a30b0637a1444c84dd4262902,UNLIMINT IN PRIVATE LIMITED,India,Independent,,HH2026565253805,565253805,UNLIMINT IN PRIVATE LIMITED,India,50+
8758aa435c77c4213051a98aaabc06ec,UOB PROPERTIES BHD,Malaysia,Subsidiary,,HH2026660048678,865762988,UOB PROPERTIES BHD,Malaysia,1000+
9475fe5e20c9398c36677c22bcb5376a,UPMC Home Healthcare of Central Pennsylvania,USA,Parent,,HH2026074958935,74958935,UPMC Home Healthcare of Central Pennsylvania,USA,500+
c6eb35c18d26d2b2fb74d4f726905f58,"USF Delta Tooling, LLC",USA,Subsidiary,,HH2026195649236,5502471,"USF Delta Tooling, LLC",USA,24+
4afb074e9fabb7b26fa2483d3d288dff,UT Health North Campus Tyler,USA,Parent,,HH2026079703128,79703128,UT Health North Campus Tyler,USA,500+
be2e4e2a716d3e823b2f472029c07cd8,UiPath Limited,Hong Kong,Subsidiary,,HH2026080298213,686208672,UiPath Limited,Hong Kong,100+
dbeadc5dd6c1521c5db2ebee8cba43a2,Uipath Canada Operations Ltd.,Canada,Subsidiary,,HH2026080298213,243173232,Uipath Canada Operations Ltd.,Canada,100+
cfaef859ec3810dd5b0fec82cce92c39,"United Contractors Midwest, Inc.",USA,Parent,,HH2026116361994,116361994,"United Contractors Midwest, Inc.",USA,50+
49cf0afba82aafddbae185d9e96023a0,"United Stars, Inc.",USA,Parent,,HH2026111718755,111718755,"United Stars, Inc.",USA,50+
f41721a876f352a644637194354ec7c4,Unity Health Toronto,Canada,Parent,,HH2026200645095,200645095,Unity Health Toronto,Canada,100+
5cc29982b0a4fe72af416f43b2226853,University Health Care,USA,Independent,,HH2026061844636,61844636,University Health Care,USA,100+
ee8143716aed10f4faeb125b2f3db26c,University Health Network,Canada,Parent,,HH2026208469486,208469486,University Health Network,Canada,50+
ab53e2ae7bac48d070b19e10a5ba0dbc,University of Wisconsin-Madison,USA,Subsidiary,,HH2026001778349,170403497,University of Wisconsin-Madison,USA,300+
913960d49c6b7bf7a55f030a32b55f70,Ursa Major Corporation,USA,Subsidiary,,HH2026967420550,127781735,Ursa Major Corporation,USA,
9a4511485adee8c08d5bbd2b710f7d8,VALMONT INDUSTRIES DE ARGENTINA S.A.,Argentina,,,HH2026491127657,975683368,VALMONT INDUSTRIES DE ARGENTINA S.A.,Argentina,200+
3ac6f2dfe734bec84278d0272acff825,VALVOLINE EXPRESS CAR OF SOUTH,USA,Independent,,HH2026132947370,132947370,VALVOLINE EXPRESS CAR OF SOUTH,USA,50+
d43505831855c3dec58d8cf14ee00567,VALVOLINE PTE. LTD.,Singapore,Subsidiary,,HH2026080805694,659248504,VALVOLINE PTE. LTD.,Singapore,50+
80a396708a5d1948e529d84a099cd59a,VASCULAR AssOCIATES OF MERRIMA,USA,Independent,,HH2026076741433,76741433,VASCULAR ASSOCIATES OF MERRIMA,USA,2000+
b4a3d6944168f4e72a30fc10740b7d4,VEEAM SOFTWARE FRANCE,France,,,HH2026226331901,260708351,VEEAM SOFTWARE FRANCE,France,35+
2e9e59d3cf18bd9562bd86567dc305fb,VEEAM SOFTWARE PRIVATE LIMITED,India,Subsidiary,,HH2026226331901,874198857,VEEAM SOFTWARE PRIVATE LIMITED,India,35+
dd9547e60854cc3e9ae09ce55a182398,VERIFONE COLOMBIA SAS,Colombia,Independent,,HH2026883023134,883023134,VERIFONE COLOMBIA SAS,Colombia,35+
bcaa8a11b16030148235c32f73d7cf2b,VERTICE SOFTWARE SOLUTIONS (PTY) LTD,South Africa,Parent,,HH2026652973291,652973291,VERTICE SOFTWARE SOLUTIONS (PTY) LTD,South Africa,30+
8c14d65a32cda0bcc512eee16b56e34b,VF HONG KONG LIMITED,Hong Kong,Subsidiary,,HH2026002344208,686182023,VF HONG KONG LIMITED,Hong Kong,1000+
bde1835a33be33129165f9f7e4f86237,VF International Sagl,Switzerland,Subsidiary,,HH2026002344208,482644593,VF International Sagl,Switzerland,1000+
b43492f6fb34523117ef685ef6c0b47f,VF NORTHERN EUROPE SERVICES LIMITED,United Kingdom,Subsidiary,,HH2026002344208,229019443,VF NORTHERN EUROPE SERVICES LIMITED,United Kingdom,1000+
4ea4ed643499cfe7b21d61667bb5b0d8,"VF Plein Air Canada, Cie",Canada,Subsidiary,,HH2026002344208,250823747,"VF Plein Air Canada, Cie",Canada,1000+
61c7494b1a773d1bf17450a0688ab8e6,VF SERVICES (HONGKONG) PVT LIMITED,Hong Kong,Subsidiary,,HH2026372459688,685694580,VF SERVICES (HONGKONG) PVT LIMITED,Hong Kong,1000+
665f4580a1ea3e61a12778d7c0c45ebb,VF SINGAPORE OVERSEAS SERVICES PTE. LTD.,Singapore,Subsidiary,,HH2026002344208,659883402,VF SINGAPORE OVERSEAS SERVICES PTE. LTD.,Singapore,1000+
4b873e3eec4cd0eae94cc8e47f6eae33,VIRBAC DO BRASIL INDUSTRIA E COMERCIO LTDA,Brazil,Subsidiary,,HH2026274603604,899219109,VIRBAC DO BRASIL INDUSTRIA E COMERCIO LTDA,Brazil,100+
5708f6d78b403968a1b977be59088185,VIRTUS TECH TECNOLOGIA E SERVICOS SA,Brazil,Independent,,HH2026945295914,945295914,VIRTUS TECH TECNOLOGIA E SERVICOS SA,Brazil,15+
ff850f3daddd2f018b9fd3da72cf0fb4,VIVID BIZNIZ INTELLEGNCE (PTY) LTD,South Africa,Independent,,HH2026539114478,539114478,VIVID BIZNIZ INTELLEGNCE (PTY) LTD,South Africa,20+
ad1348611b79ba3b143cd6faeddb758e,VOYA GLOBAL SERVICES PRIVATE LIMITED,India,Subsidiary,,HH2026099855579,861563418,VOYA GLOBAL SERVICES PRIVATE LIMITED,India,50+
feb3ef4510121559d30e93b9a90493d0,"Varian Semiconductor Equipment Associates, Inc.",USA,Subsidiary,,HH2026042728840,62401570,"Varian Semiconductor Equipment Associates, Inc.",USA,400+
42cf1aa715bb8407f469d1075e8eb1dd,Verifone a Islandi ehf.,Iceland,Independent,,HH2026647095814,647095814,Verifone a Islandi ehf.,Iceland,35+
7e69c61d0185ca67f9373200c353ad9c,Vermeer International Holdings B.V.,Netherlands,Subsidiary,,HH2026005274071,492127325,Vermeer International Holdings B.V.,Netherlands,45+
7430ca42de18cf15b2dc28269460c0c6,Viatris d.o.o.,Slovenia,Subsidiary,,HH2026117542494,520193415,Viatris d.o.o.,Slovenia,400+
acfb3e9bb59fbce87a75ee0294ca2d65,Village of Brookfield,USA,Parent,,HH2026070234661,70234661,Village of Brookfield,USA,24+
f2f77419612473357d5019d3a53e2922,Vishay Siliconix Itzehoe GmbH,Germany,Subsidiary,,HH2026002327484,388099087,Vishay Siliconix Itzehoe GmbH,Germany,500+
5d83420d6b7b8e60f5666fa5908fda66,Visionet Dynamics GmbH,Germany,Subsidiary,,HH2026947395364,341135306,Visionet Dynamics GmbH,Germany,30+
6627c988205a1a498507585ff86dc98c,Vivicta AS,Norway,Subsidiary,,HH2026044519650,347741731,Vivicta AS,Norway,30+
ed6bbc8efd8ada653864440057c14d5c,Vivicta SIA,Latvia,Subsidiary,,HH2026044519650,851964201,Vivicta SIA,Latvia,30+
a4c32ed713ca8d0dee081284a7afa2bc,Vivicta Sweden AB,Sweden,Subsidiary,,HH2026368756169,355161225,Vivicta Sweden AB,Sweden,30+
793d956df1b9be68588061d4c184a0ed,Vivicta s.r.o.,Czech Republic,Subsidiary,,HH2026044519650,495083102,Vivicta s.r.o.,Czech Republic,30+
00be1b1144bdaa539d3ea5e8c7cee3e4,W NEWTON (CENTRAL) LIMITED,United Kingdom,Subsidiary,,HH2026226237113,296440530,W NEWTON (CENTRAL) LIMITED,United Kingdom,9
d045c6e788f71da81a38a5a807b69774,WAVERLEY CHRISTIAN COLLEGE INC,Australia,Independent,,HH2026759002335,759002335,WAVERLEY CHRISTIAN COLLEGE INC,Australia,15+
683312bcd45192a48b3dd2084455ea99,WD AGROINDUSTRIAL LTDA,Brazil,Parent,,HH2026916530439,916530439,WD AGROINDUSTRIAL LTDA,Brazil,300+
f15a9a1fe099da57ea9ae3108efcba56,WD-40 Company,USA,Parent,,HH2026008232449,8232449,WD-40 Company,USA,300+
fb5a132c4b2d7bb58f7e252fa9b38a94,"WEBB FONTAINE GROUP FZ-LLC, MANILA BRANCH",Philippines,Subsidiary,,HH2026557947513,721949634,"WEBB FONTAINE GROUP FZ-LLC, MANILA BRANCH",Philippines,500+
f6d2750e4477bd71b7a82cda59156b08,WEBB HOTEL GROUP LIMITED,United Kingdom,Parent,,HH2026236581232,236581232,WEBB HOTEL GROUP LIMITED,United Kingdom,500+
cd7e180b66143e641ca636acc455b5b8,WEBHELP ENTERPRISE SALES SOLUTIONS ITALY SRL,Italy,Subsidiary,,HH2026079309922,447283078,WEBHELP ENTERPRISE SALES SOLUTIONS ITALY SRL,Colombia,1000+
c6b41eab4444b65275c6b8535629d271,WESTERN AUSTRALIAN ELECTORAL COMMIssION,Australia,Subsidiary,,HH2026758591294,757827076,WESTERN AUSTRALIAN ELECTORAL COMMISSION,Australia,50+
2104a96527a37c977da94e06f7d92a65,WESTERN CONGLOMERATE LIMITED,India,Parent,,HH2026650096696,650096696,WESTERN CONGLOMERATE LIMITED,India,50+
253044540ea969f5db84863ae1ded5ba,WESTERN DISTRICT HEALTH SERVICE,Australia,Independent,,HH2026753298991,753298991,WESTERN DISTRICT HEALTH SERVICE,Australia,50+
dd1e809f26460cd900332be420937bf3,WESTERN NSW LOCAL HEALTH DISTRICT,Australia,Parent,,HH2026758851971,758851971,WESTERN NSW LOCAL HEALTH DISTRICT,Australia,50+
f44f90e53d954873ddf1c0ac7ceab1e3,WESTERN UNION FINANCIAL SERVICES INC,India,Subsidiary,,HH2026787808950,873600770,WESTERN UNION FINANCIAL SERVICES INC,India,50+
c99c07d32f54531332d7e8ef764f2165,WHYLINE S.A.S.,Argentina,Independent,,HH2026973677510,973677510,WHYLINE S.R.L.,France,30+
baec8c24ec65aa8746f108041b5797be,WILD INDIA RESORTS (KANHA) PRIVATE LIMITED,India,Parent,,HH2026872016973,872016973,WILD INDIA RESORTS (KANHA) PRIVATE LIMITED,India,20+
b7c31415d54a4afda096e6c82c2e5675,WILD S.A.,Argentina,Parent,,HH2026974907867,974907867,WILD S.A.,Argentina,20+
c678be2370fc2b56fc4636083d468093,WILLIS GS FRANCE,France,Parent,,HH2026267652165,267652165,WILLIS GS FRANCE,France,15+
4e0c4627917d40e722bd2175bff90c20,WILLIS GS IRELAND UNLIMITED COMPANY,Ireland,Subsidiary,,HH2026985037541,985639873,WILLIS GS IRELAND UNLIMITED COMPANY,Ireland,15+
4c49d916482dcb93588ab9fd5fa0f6a8,WILLIS TOWERS WATSON INSURANCES (IRELAND) LIMITED,Ireland,Subsidiary,,HH2026985037541,988633277,WILLIS TOWERS WATSON INSURANCES (IRELAND) LIMITED,Ireland,15+
87c90752037161d492fefe4220fb4b44,WL COMERCIO DE PRODUTOS ELETRONICOS LTDA,Brazil,Independent,,HH2026907277375,907277375,WL COMERCIO DE PRODUTOS ELETRONICOS LTDA,Brazil,50+
5191f9c652da7585a0022b222a08a889,WM SE,Germany,Subsidiary,,HH2026315177888,315423731,WM SE,Germany,50+
4b92ffe2e6d8f137f151f5524d8715f5,WORKIVA UK LIMITED,United Kingdom,Subsidiary,,HH2026023739054,221197511,WORKIVA UK LIMITED,United Kingdom,100+
4b0dda72c76bdfa6dbe4915c1d139e78,WORLDPAY INDIA PRIVATE LIMITED,India,Subsidiary,,HH2026005047290,863812636,WORLDPAY INDIA PRIVATE LIMITED,India,200+
df6a6b88c3c5ab18c501a5636ec27ee8,WPP MEDIA MANAGEMENT COLOMBIA SAS,Colombia,Independent,,HH2026880245605,880245605,WPP MEDIA MANAGEMENT COLOMBIA SAS,Colombia,1000+
8298cac243ead1fb2ffb93eaa6b141af,WPP MEDIA POLAND SP Z O O,Poland,Subsidiary,,HH2026218784436,422173455,WPP MEDIA POLAND SP Z O O,Poland,1000+
4d125ae5d865b37532409a3051bff235,WPP Media B.V.,Netherlands,Subsidiary,,HH2026218784436,403318459,WPP Media B.V.,Netherlands,1000+
3a7b02819558d06f829942805280b5e6,WPR BRINDES INDUSTRIA E COMERCIO LTDA,Brazil,Independent,,HH2026918622033,918622033,WPR BRINDES INDUSTRIA E COMERCIO LTDA,Brazil,
8c14be117051a1798a03ad6ccaa3684,WVUH EAST,USA,,,HH2026074922796,74922796,WVUH EAST,USA,5000+
e7852d725e916ab56ea86fdee428c92c,Web Endeavors Inc.,USA,Subsidiary,,HH2026041564378,832910702,Web Endeavors Inc.,USA,30+
5a2a9685f7d2ea83a1eef6bd12b80ce1,Wellington Unified School District 353 (Inc),USA,Parent,,HH2026052556974,52556974,Wellington Unified School District 353 (Inc),USA,100+
a75b47e1a12076e289daa2bbdc4e1cdc,West Burlington Independent School District,USA,Parent,,HH2026788337400,788337400,West Burlington Independent School District,USA,100+
4e36db0944818660df2ccd84e7f2dfc3,Western Australian College of Agriculture - Denmark,Australia,Independent,,HH2026740061298,740061298,Western Australian College of Agriculture - Denmark,Australia,50+
a311c073c55356b1a81eded02eccb969,Western Boone County Community School Corp,USA,Parent,,HH2026100744200,100744200,Western Boone County Community School Corp,USA,50+
d5b39b8bf188b48ac283838942de1366,Western Iowa Tech Community College Foundation,USA,Parent,,HH2026879772143,879772143,Western Iowa Tech Community College Foundation,USA,50+
fe74bd3b797bd9702bb2431ed43bf14d,Western Memorial Hospital,Canada,Independent,,HH2026253244792,253244792,Western Memorial Hospital,Canada,50+
e7a26a36ccdfa1c31921d146e7513e35,Western National Mutual Insurance Company,USA,Parent,,HH2026076481928,76481928,Western National Mutual Insurance Company,USA,50+
44ed2f9b6519ff48a85242eed702fce2,Western Oregon University,USA,Parent,,HH2026877578914,877578914,Western Oregon University,USA,50+
c73dacc5df28e75c350281ed9262c44c,Western Placer Unified School District,USA,Parent,,HH2026013357827,13357827,Western Placer Unified School District,USA,50+
3ac3a70f2605f15e015ede17168e9590,"Western School of Science and Technology, Inc.",USA,Independent,,HH2026078746157,78746157,"Western School of Science and Technology, Inc.",USA,50+
4fe6bf195561f8b29fbd46ecb671f9e3,Western States Regional Council of Carpenters,USA,Parent,,HH2026038684130,38684130,Western States Regional Council of Carpenters,USA,50+
95e6bb8e198a94d50a12386d52efc9aa,Wild Rose School Division No. 66,Canada,Parent,,HH2026200865579,200865579,Wild Rose School Division No. 66,Canada,20+
7647e90c3f81d3a84480d3e500b35f42,Willis North America Inc.,USA,Subsidiary,,HH2026985037541,6982466,Willis North America Inc.,USA,15+
7584129f6fe740b2175f2f4a5a1dae84,Willis Towers Watson GmbH,Germany,Subsidiary,,HH2026985037541,341615766,Willis Towers Watson GmbH,Germany,15+
0258e9dd1bed50bccfd2a8d86ab25d95,"Workforce Insight, LLC",USA,Subsidiary,,HH2026985015354,808195346,"Workforce Insight, LLC",USA,1000+
745fcc2bb6eee2c4b4ee7ffd104f1a00,World Fuel Services Canada ULC,Canada,Subsidiary,,HH2026131504342,203457346,World Fuel Services Canada ULC,Canada,35+
463b1134dcdfb2a28a64030b9cb34529,World Vision International,Ecuador,Independent,,HH2026887356040,887356040,World Vision International,Ecuador,300+
f4ea28ecf3c077e850581b8b8b750857,"Worldpay US, LLC",USA,Subsidiary,,HH2026005047290,780274155,"Worldpay US, LLC",USA,200+
eb09daf6eb9a9c6637b28e38c765b670,Wpp Media Denmark A/S,Denmark,Subsidiary,,HH2026218784436,311206986,Wpp Media Denmark A/S,Denmark,1000+
ecb40e638e0d2b1b74427e662a7a01a,"Wth Canada, Inc.",Canada,,,HH2026062506134,247368723,"Wth Canada, Inc.",Canada,300+
0b5eba4027a12c9b0a0bbea64cc997c9,XEROX SHARED SERVICES ROMANIA S.R.L.,Romania,Subsidiary,,HH2026117052210,535618197,XEROX SHARED SERVICES ROMANIA S.R.L.,Romania,300+
213228edbc3170720cfcf8d8dfdb6a79,XYLEM LEARNING PRIVATE LIMITED,India,Parent,,HH2026854273694,854273694,XYLEM LEARNING PRIVATE LIMITED,India,500+
4fa548abbbc4d17eee1eeb286eb3d34b,Xerox (Nederland) B.V.,Netherlands,Subsidiary,,HH2026117052210,402043574,Xerox (Nederland) B.V.,Netherlands,300+
3e0b5747e11f8ec5b057e3d39486c4d4,ZE PAK S A,Poland,Parent,,HH2026422195408,422195408,ZE PAK S A,Poland,50+
51bf76a977e37e1d43fae2657eb9ecc2,ZENTIVA FRANCE,France,Subsidiary,,HH2026372190805,543186209,ZENTIVA FRANCE,France,100+
4ea40b7ae9bb609ee62a08c0ddeeae71,ZENTIVA SA,Romania,Parent,,HH2026684686608,684686608,ZENTIVA SA,Romania,100+
a071b5c8a6984b0362f8de60c4e46346,"ZF Services, LLC",USA,Subsidiary,,HH2026325919421,948441287,"ZF Services, LLC",USA,
c035d1d02859e215f66a721d648f9b5e,aeP BELSUNCE,France,Parent,,HH2026549692408,549692408,AEP BELSUNCE,France,200+
07133404a273c6026e7b6b0cb1e1e47f,aeP PRADEAU LA SEDE,France,Parent,,HH2026779047422,779047422,AEP PRADEAU LA SEDE,France,100+
d6ca7e75483a75866ae1825493ae54bb,aeS BULGARIA EOOD,Bulgaria,Independent,,HH2026503707971,503707971,AES BULGARIA EOOD,Bulgaria,100+
eec89ea56b51cbd76764335b82e4a150,sanofi-aventis Slovakia s.r.o.,Slovakia,Subsidiary,,HH2026739980787,364732677,sanofi-aventis Slovakia s.r.o.,Slovakia,50+
3ebc4f976c07cadb72296aab5356660,ソレニス・ジャパン合同会社,Japan,,,HH2026691244901,691244901,ソレニス・ジャパン合同会社,Japan,500+
2aef62355334884e85d7963dc738397,トヨタカローラ三重株式会社,Japan,,,HH2026718227501,693413825,トヨタカローラ三重株式会社,Japan,
3f63696afebc302a576d6ef49fcf034,千葉大学教育学部附属小学校,Japan,,,HH2026718105944,712460240,千葉大学教育学部附属小学校,Japan,2000+
38f9f15a77fba653725224bf90d55663,台灣諾華股份有限公司,Taiwan,,,HH2026485609796,657230876,台灣諾華股份有限公司,Taiwan,500+
3f3651447c3ba06c828d346c52ae7a7,台灣貳陸有限公司,Taiwan,,,HH2026055529333,656403031,台灣貳陸有限公司,Taiwan,24+
1fd53f71b416b7a4af7fb3009a27ce8,國立台北護理健康大學,Taiwan,,,HH2026656904000,656455946,國立台北護理健康大學,Taiwan,20+
baf0e22d1ae2a98c87e8db75de010b7,学校法人日本社会事業大学,Japan,,,HH2026691275911,691275911,学校法人日本社会事業大学,Japan,2000+
9e15fd7c3ecf7e79b54bda02778658c,알테어,Korea,,,HH2026316067164,687617274,알테어,Korea,1000+
5d7a5f66b0b266c03b0481fe1c0d8ace,지멘스(주),Korea,,,HH2026316067164,689061166,지멘스(주),Korea,1000+
